0,1.652E-5
2E-4,1.638E-5
0.001,1.65E-5
0.0021,1.642E-5
0.0034,1.648E-5
0.0049,1.662E-5
0.0065,1.666E-5
0.0157,1.65E-5
0.0178,1.648E-5
0.0235,1.65E-5
0.0255,1.67E-5
0.0264,1.658E-5
0.0517,1.664E-5
0.0538,1.65E-5
0.0558,1.66E-5
0.058,1.664E-5
0.0596,1.66E-5
0.0616,1.674E-5
0.0638,1.672E-5
0.0657,1.644E-5
0.0674,1.66E-5
0.0695,1.666E-5
0.0715,1.66E-5
0.0736,1.656E-5
0.0754,1.652E-5
0.0773,1.646E-5
0.0803,1.662E-5
0.0823,1.652E-5
0.0843,1.65E-5
0.0864,1.648E-5
0.0881,1.646E-5
0.0901,1.644E-5
0.0947,1.642E-5
0.0973,1.638E-5
0.0997,1.646E-5
0.1033,1.656E-5
0.1056,1.66E-5
0.109,1.662E-5
0.1108,1.662E-5
0.1129,1.644E-5
0.115,1.666E-5
0.1171,1.664E-5
0.1191,1.644E-5
0.1208,1.648E-5
0.123,1.662E-5
0.125,1.662E-5
0.1271,1.66E-5
0.1288,1.662E-5
0.1308,1.666E-5
0.1329,1.654E-5
0.1349,1.644E-5
0.137,1.656E-5
0.1387,1.642E-5
0.1407,1.656E-5
0.1429,1.664E-5
0.1445,1.648E-5
0.1463,1.65E-5
0.1484,1.656E-5
0.1505,1.656E-5
0.1526,1.662E-5
0.1547,1.66E-5
0.1568,1.662E-5
0.1585,1.658E-5
0.1605,1.664E-5
0.1627,1.648E-5
0.1643,1.646E-5
0.1644,1.658E-5
0.1671,1.658E-5
0.1695,1.652E-5
0.1718,1.652E-5
0.1737,1.652E-5
0.1759,1.652E-5
0.1781,1.654E-5
0.1803,1.652E-5
0.182,1.652E-5
0.1841,1.65E-5
0.1863,1.65E-5
0.1884,1.644E-5
0.19,1.648E-5
0.1921,1.654E-5
0.1942,1.658E-5
0.1963,1.648E-5
0.1979,1.65E-5
0.2,1.652E-5
0.2021,1.656E-5
0.2041,1.648E-5
0.2062,1.644E-5
0.2079,1.656E-5
0.2099,1.66E-5
0.212,1.646E-5
0.214,1.654E-5
0.2157,1.658E-5
0.2178,1.642E-5
0.2198,1.656E-5
0.2219,1.658E-5
0.2237,1.656E-5
0.2256,1.662E-5
0.2277,1.654E-5
0.2297,1.646E-5
0.2319,1.644E-5
0.2335,1.632E-5
0.2355,1.644E-5
0.2377,1.662E-5
0.2397,1.648E-5
0.2413,1.644E-5
0.2412,1.654E-5
0.2435,1.662E-5
0.2463,1.65E-5
0.2486,1.648E-5
0.2505,1.666E-5
0.2528,1.644E-5
0.2551,1.654E-5
0.2572,1.656E-5
0.2589,1.64E-5
0.2611,1.65E-5
0.2633,1.658E-5
0.2654,1.654E-5
0.2671,1.64E-5
0.2692,1.638E-5
0.2713,1.658E-5
0.2733,1.666E-5
0.2754,1.66E-5
0.277,1.662E-5
0.2791,1.656E-5
0.2809,1.652E-5
0.2827,1.638E-5
0.2845,1.64E-5
0.2867,1.648E-5
0.2888,1.646E-5
0.291,1.638E-5
0.2928,1.654E-5
0.2948,1.654E-5
0.2969,1.646E-5
0.299,1.65E-5
0.3011,1.66E-5
0.3028,1.658E-5
0.3048,1.666E-5
0.3069,1.656E-5
0.3091,1.65E-5
0.3107,1.656E-5
0.3128,1.648E-5
0.3148,1.656E-5
0.3166,1.662E-5
0.3188,1.656E-5
0.3204,1.672E-5
0.3225,1.656E-5
0.3247,1.66E-5
0.3269,1.66E-5
0.3286,1.66E-5
0.3305,1.664E-5
0.3326,1.672E-5
0.3347,1.656E-5
0.3368,1.644E-5
0.3385,1.646E-5
0.3405,1.64E-5
0.3426,1.648E-5
0.3446,1.66E-5
0.3463,1.658E-5
0.3484,1.65E-5
0.3505,1.658E-5
0.3525,1.644E-5
0.3542,1.652E-5
0.3567,1.65E-5
0.3587,1.654E-5
0.3608,1.648E-5
0.3625,1.656E-5
0.3645,1.662E-5
0.3666,1.648E-5
0.3687,1.65E-5
0.3703,1.67E-5
0.3723,1.666E-5
0.3744,1.668E-5
0.3764,1.632E-5
0.3786,1.646E-5
0.3802,1.644E-5
0.3789,1.62E-5
0.3821,1.652E-5
0.3848,1.654E-5
0.3867,1.656E-5
0.3892,1.644E-5
0.3916,1.644E-5
0.3938,1.648E-5
0.3957,1.646E-5
0.3978,1.646E-5
0.4,1.646E-5
0.4022,1.658E-5
0.4043,1.652E-5
0.4061,1.638E-5
0.4081,1.654E-5
0.4103,1.648E-5
0.4123,1.656E-5
0.414,1.664E-5
0.4161,1.644E-5
0.4181,1.662E-5
0.4198,1.666E-5
0.4219,1.656E-5
0.4239,1.646E-5
0.426,1.64E-5
0.4281,1.646E-5
0.4297,1.652E-5
0.4318,1.648E-5
0.4339,1.648E-5
0.4359,1.644E-5
0.4376,1.644E-5
0.4397,1.642E-5
0.4417,1.648E-5
0.4437,1.658E-5
0.4445,1.67E-5
0.4469,1.658E-5
0.4492,1.66E-5
0.4513,1.656E-5
0.4534,1.652E-5
0.4552,1.65E-5
0.4573,1.654E-5
0.4594,1.662E-5
0.4614,1.66E-5
0.4631,1.656E-5
0.4652,1.652E-5
0.4673,1.646E-5
0.4682,1.636E-5
0.47,1.65E-5
0.4719,1.648E-5
0.4744,1.66E-5
0.4766,1.66E-5
0.4789,1.666E-5
0.4806,1.658E-5
0.4829,1.646E-5
0.4851,1.644E-5
0.4871,1.662E-5
0.4888,1.67E-5
0.491,1.668E-5
0.493,1.654E-5
0.4952,1.674E-5
0.4968,1.666E-5
0.4988,1.652E-5
0.5009,1.65E-5
0.5023,1.668E-5
0.5042,1.652E-5
0.5064,1.644E-5
0.5086,1.658E-5
0.5107,1.658E-5
0.5129,1.662E-5
0.5146,1.658E-5
0.5166,1.644E-5
0.5188,1.666E-5
0.5208,1.648E-5
0.5222,1.644E-5
0.5237,1.648E-5
0.5261,1.642E-5
0.5283,1.654E-5
0.53,1.648E-5
0.5322,1.654E-5
0.5344,1.656E-5
0.5361,1.668E-5
0.5382,1.658E-5
0.5403,1.644E-5
0.5423,1.654E-5
0.544,1.668E-5
0.5465,1.656E-5
0.5487,1.638E-5
0.5503,1.66E-5
0.5511,1.656E-5
0.5536,1.646E-5
0.5559,1.656E-5
0.5577,1.66E-5
0.5598,1.65E-5
0.5621,1.654E-5
0.5643,1.66E-5
0.5663,1.656E-5
0.5681,1.652E-5
0.5702,1.658E-5
0.5722,1.656E-5
0.5744,1.658E-5
0.576,1.656E-5
0.5781,1.656E-5
0.5802,1.656E-5
0.5822,1.664E-5
0.5839,1.656E-5
0.5861,1.656E-5
0.588,1.648E-5
0.5901,1.644E-5
0.5922,1.646E-5
0.5939,1.642E-5
0.5959,1.648E-5
0.5979,1.666E-5
0.6001,1.666E-5
0.6016,1.658E-5
0.6038,1.662E-5
0.6059,1.646E-5
0.608,1.672E-5
0.6097,1.66E-5
0.6117,1.644E-5
0.6138,1.65E-5
0.6159,1.644E-5
0.6175,1.646E-5
0.6197,1.654E-5
0.6217,1.66E-5
0.6238,1.656E-5
0.6255,1.656E-5
0.6275,1.67E-5
0.6296,1.64E-5
0.6307,1.628E-5
0.6331,1.652E-5
0.635,1.648E-5
0.6371,1.656E-5
0.6393,1.652E-5
0.6415,1.65E-5
0.6432,1.644E-5
0.6453,1.65E-5
0.6475,1.654E-5
0.6495,1.654E-5
0.6512,1.648E-5
0.6521,1.642E-5
0.6546,1.646E-5
0.6569,1.644E-5
0.6587,1.652E-5
0.661,1.66E-5
0.6631,1.644E-5
0.6653,1.64E-5
0.6669,1.644E-5
0.6691,1.644E-5
0.6713,1.656E-5
0.6733,1.67E-5
0.6749,1.664E-5
0.677,1.66E-5
0.679,1.67E-5
0.6812,1.66E-5
0.6828,1.65E-5
0.6849,1.652E-5
0.687,1.642E-5
0.689,1.646E-5
0.6907,1.65E-5
0.6927,1.664E-5
0.6948,1.646E-5
0.6969,1.648E-5
0.6985,1.648E-5
0.7006,1.656E-5
0.7027,1.644E-5
0.7048,1.644E-5
0.7068,1.628E-5
0.7084,1.648E-5
0.7106,1.65E-5
0.7127,1.65E-5
0.7147,1.66E-5
0.7164,1.68E-5
0.7184,1.662E-5
0.7205,1.652E-5
0.7226,1.642E-5
0.7246,1.65E-5
0.7263,1.656E-5
0.7284,1.628E-5
0.7305,1.656E-5
0.7324,1.658E-5
0.7342,1.658E-5
0.7362,1.66E-5
0.7383,1.652E-5
0.7405,1.648E-5
0.7424,1.644E-5
0.7441,1.658E-5
0.7461,1.636E-5
0.7483,1.646E-5
0.7504,1.65E-5
0.752,1.654E-5
0.754,1.652E-5
0.7561,1.654E-5
0.7583,1.646E-5
0.7598,1.66E-5
0.762,1.652E-5
0.764,1.64E-5
0.7661,1.644E-5
0.7678,1.662E-5
0.7698,1.65E-5
0.7719,1.642E-5
0.774,1.65E-5
0.7737,1.638E-5
0.7764,1.65E-5
0.7788,1.648E-5
0.7812,1.644E-5
0.7831,1.644E-5
0.7853,1.656E-5
0.7875,1.648E-5
0.7897,1.656E-5
0.7919,1.638E-5
0.7934,1.644E-5
0.7957,1.664E-5
0.7978,1.65E-5
0.7999,1.644E-5
0.8015,1.644E-5
0.8035,1.642E-5
0.8057,1.662E-5
0.8078,1.66E-5
0.8097,1.666E-5
0.8115,1.668E-5
0.8135,1.652E-5
0.8156,1.648E-5
0.8177,1.67E-5
0.8194,1.658E-5
0.8214,1.652E-5
0.8234,1.646E-5
0.8255,1.64E-5
0.8272,1.64E-5
0.8292,1.644E-5
0.8313,1.642E-5
0.8333,1.648E-5
0.835,1.658E-5
0.8371,1.646E-5
0.8391,1.64E-5
0.8411,1.64E-5
0.8429,1.648E-5
0.8449,1.66E-5
0.847,1.656E-5
0.8491,1.646E-5
0.8507,1.646E-5
0.8533,1.658E-5
0.8553,1.67E-5
0.857,1.65E-5
0.8591,1.642E-5
0.8611,1.64E-5
0.8632,1.642E-5
0.8653,1.654E-5
0.867,1.648E-5
0.869,1.666E-5
0.8711,1.664E-5
0.8732,1.648E-5
0.8748,1.66E-5
0.877,1.632E-5
0.879,1.632E-5
0.881,1.632E-5
0.8826,1.646E-5
0.8848,1.65E-5
0.8869,1.642E-5
0.8889,1.652E-5
0.8907,1.656E-5
0.8926,1.652E-5
0.8947,1.66E-5
0.8968,1.658E-5
0.8988,1.646E-5
0.9006,1.64E-5
0.9026,1.656E-5
0.9046,1.652E-5
0.9068,1.666E-5
0.9085,1.642E-5
0.9105,1.64E-5
0.9126,1.64E-5
0.9148,1.638E-5
0.9164,1.638E-5
0.9184,1.638E-5
0.9205,1.644E-5
0.9226,1.642E-5
0.9243,1.638E-5
0.9264,1.648E-5
0.9284,1.656E-5
0.9306,1.668E-5
0.9322,1.658E-5
0.9343,1.648E-5
0.9364,1.632E-5
0.9385,1.644E-5
0.9401,1.656E-5
0.9422,1.65E-5
0.9442,1.648E-5
0.9463,1.666E-5
0.9484,1.662E-5
0.9501,1.66E-5
0.9521,1.654E-5
0.9542,1.648E-5
0.9559,1.64E-5
0.9579,1.654E-5
0.9601,1.662E-5
0.9622,1.66E-5
0.9638,1.654E-5
0.9658,1.642E-5
0.9679,1.644E-5
0.9701,1.64E-5
0.9716,1.64E-5
0.9742,1.648E-5
0.9762,1.662E-5
0.9779,1.652E-5
0.98,1.646E-5
0.982,1.652E-5
0.984,1.648E-5
0.9857,1.644E-5
0.9879,1.642E-5
0.9899,1.63E-5
0.9919,1.652E-5
0.9942,1.664E-5
0.9957,1.65E-5
0.9977,1.642E-5
0.9998,1.638E-5
1.002,1.65E-5
1.0036,1.644E-5
1.0057,1.632E-5
1.0077,1.644E-5
1.0098,1.646E-5
1.0114,1.644E-5
1.0135,1.662E-5
1.0157,1.656E-5
1.0177,1.65E-5
1.0193,1.632E-5
1.0214,1.638E-5
1.0235,1.634E-5
1.0257,1.638E-5
1.0273,1.644E-5
1.0293,1.64E-5
1.0314,1.65E-5
1.0335,1.654E-5
1.0351,1.652E-5
1.0372,1.646E-5
1.0393,1.642E-5
1.0413,1.636E-5
1.043,1.64E-5
1.0451,1.642E-5
1.0471,1.626E-5
1.0492,1.65E-5
1.0509,1.654E-5
1.053,1.656E-5
1.0551,1.636E-5
1.0572,1.65E-5
1.0588,1.656E-5
1.0612,1.644E-5
1.0634,1.664E-5
1.065,1.656E-5
1.0671,1.644E-5
1.0692,1.64E-5
1.0711,1.642E-5
1.0734,1.642E-5
1.075,1.638E-5
1.077,1.648E-5
1.079,1.644E-5
1.0811,1.646E-5
1.0828,1.648E-5
1.0849,1.66E-5
1.087,1.65E-5
1.089,1.646E-5
1.0906,1.654E-5
1.0927,1.66E-5
1.0949,1.642E-5
1.0969,1.636E-5
1.0985,1.65E-5
1.1006,1.634E-5
1.1027,1.632E-5
1.1049,1.646E-5
1.1069,1.656E-5
1.1085,1.646E-5
1.1106,1.642E-5
1.1127,1.658E-5
1.1147,1.66E-5
1.1164,1.658E-5
1.1185,1.656E-5
1.1206,1.656E-5
1.1226,1.656E-5
1.1243,1.654E-5
1.1264,1.63E-5
1.1284,1.646E-5
1.1305,1.65E-5
1.1322,1.63E-5
1.1343,1.642E-5
1.1364,1.644E-5
1.1384,1.64E-5
1.1405,1.644E-5
1.1422,1.634E-5
1.1443,1.63E-5
1.1463,1.634E-5
1.1484,1.65E-5
1.1501,1.666E-5
1.1521,1.656E-5
1.1542,1.654E-5
1.1562,1.644E-5
1.158,1.636E-5
1.16,1.638E-5
1.162,1.634E-5
1.1641,1.638E-5
1.1663,1.652E-5
1.1679,1.654E-5
1.1699,1.656E-5
1.1719,1.656E-5
1.1742,1.648E-5
1.1758,1.646E-5
1.1778,1.642E-5
1.1799,1.634E-5
1.182,1.638E-5
1.1836,1.65E-5
1.1858,1.642E-5
1.1878,1.652E-5
1.1898,1.654E-5
1.1915,1.662E-5
1.1936,1.662E-5
1.1957,1.648E-5
1.1978,1.654E-5
1.1994,1.644E-5
1.2015,1.652E-5
1.2036,1.638E-5
1.2057,1.634E-5
1.2073,1.638E-5
1.2094,1.638E-5
1.2115,1.638E-5
1.2136,1.634E-5
1.2153,1.63E-5
1.2174,1.644E-5
1.2195,1.65E-5
1.2216,1.65E-5
1.2237,1.636E-5
1.2253,1.642E-5
1.2274,1.65E-5
1.2295,1.634E-5
1.2315,1.644E-5
1.2331,1.656E-5
1.2353,1.638E-5
1.2374,1.638E-5
1.2395,1.646E-5
1.2411,1.644E-5
1.2432,1.65E-5
1.2453,1.646E-5
1.2474,1.642E-5
1.2491,1.642E-5
1.2511,1.65E-5
1.2531,1.654E-5
1.2553,1.648E-5
1.257,1.658E-5
1.2591,1.656E-5
1.261,1.646E-5
1.2631,1.642E-5
1.2652,1.648E-5
1.2669,1.634E-5
1.2689,1.636E-5
1.271,1.636E-5
1.2727,1.634E-5
1.2747,1.646E-5
1.2769,1.646E-5
1.2789,1.644E-5
1.2805,1.644E-5
1.2826,1.646E-5
1.2847,1.646E-5
1.2867,1.644E-5
1.2889,1.646E-5
1.2905,1.656E-5
1.2926,1.65E-5
1.2947,1.652E-5
1.2968,1.638E-5
1.2985,1.65E-5
1.3005,1.646E-5
1.3026,1.646E-5
1.3047,1.65E-5
1.3063,1.644E-5
1.3084,1.658E-5
1.3104,1.64E-5
1.3125,1.648E-5
1.3142,1.634E-5
1.3163,1.64E-5
1.3183,1.65E-5
1.3204,1.666E-5
1.3224,1.654E-5
1.3241,1.644E-5
1.3263,1.646E-5
1.3282,1.644E-5
1.3304,1.658E-5
1.332,1.648E-5
1.3342,1.626E-5
1.3361,1.642E-5
1.3383,1.652E-5
1.3399,1.65E-5
1.3421,1.638E-5
1.3441,1.638E-5
1.3461,1.644E-5
1.3477,1.642E-5
1.3499,1.644E-5
1.352,1.63E-5
1.354,1.64E-5
1.3556,1.66E-5
1.3577,1.656E-5
1.3598,1.644E-5
1.3619,1.634E-5
1.3636,1.638E-5
1.3656,1.644E-5
1.3677,1.64E-5
1.3698,1.63E-5
1.3715,1.638E-5
1.3735,1.656E-5
1.3756,1.646E-5
1.3776,1.648E-5
1.3797,1.642E-5
1.3814,1.646E-5
1.3835,1.638E-5
1.3855,1.648E-5
1.3876,1.648E-5
1.3892,1.654E-5
1.3913,1.634E-5
1.3934,1.64E-5
1.3955,1.642E-5
1.3971,1.636E-5
1.3991,1.644E-5
1.4013,1.64E-5
1.4033,1.642E-5
1.405,1.642E-5
1.4071,1.648E-5
1.4091,1.644E-5
1.4112,1.646E-5
1.4129,1.646E-5
1.415,1.646E-5
1.417,1.65E-5
1.419,1.638E-5
1.4208,1.648E-5
1.4228,1.648E-5
1.4249,1.64E-5
1.427,1.654E-5
1.4287,1.648E-5
1.4307,1.646E-5
1.4328,1.65E-5
1.4348,1.64E-5
1.437,1.642E-5
1.4386,1.638E-5
1.4406,1.634E-5
1.4429,1.636E-5
1.4449,1.642E-5
1.4465,1.66E-5
1.4486,1.65E-5
1.4507,1.658E-5
1.4527,1.644E-5
1.4543,1.654E-5
1.4565,1.642E-5
1.4585,1.628E-5
1.4606,1.64E-5
1.4627,1.644E-5
1.4644,1.636E-5
1.4665,1.64E-5
1.4685,1.644E-5
1.4706,1.646E-5
1.4723,1.654E-5
1.4743,1.642E-5
1.4764,1.642E-5
1.478,1.64E-5
1.4801,1.642E-5
1.4822,1.638E-5
1.4843,1.644E-5
1.4864,1.642E-5
1.4881,1.628E-5
1.4902,1.644E-5
1.4922,1.644E-5
1.4943,1.64E-5
1.4959,1.654E-5
1.4981,1.64E-5
1.5,1.638E-5
1.5021,1.622E-5
1.5039,1.628E-5
1.5059,1.644E-5
1.508,1.636E-5
1.51,1.638E-5
1.5118,1.636E-5
1.5138,1.612E-5
1.5158,1.636E-5
1.5179,1.642E-5
1.5197,1.646E-5
1.5217,1.638E-5
1.5238,1.642E-5
1.5258,1.65E-5
1.5275,1.644E-5
1.5297,1.636E-5
1.5317,1.654E-5
1.5337,1.644E-5
1.5355,1.644E-5
1.5375,1.626E-5
1.5396,1.63E-5
1.5413,1.634E-5
1.5433,1.642E-5
1.5454,1.638E-5
1.5475,1.646E-5
1.5492,1.638E-5
1.5512,1.642E-5
1.5533,1.638E-5
1.555,1.638E-5
1.5571,1.634E-5
1.5591,1.634E-5
1.5612,1.638E-5
1.5629,1.65E-5
1.565,1.634E-5
1.5671,1.642E-5
1.5691,1.65E-5
1.5708,1.644E-5
1.5728,1.632E-5
1.575,1.644E-5
1.577,1.632E-5
1.5787,1.638E-5
1.5808,1.636E-5
1.5828,1.642E-5
1.5849,1.644E-5
1.5865,1.65E-5
1.5887,1.644E-5
1.5907,1.658E-5
1.5927,1.646E-5
1.5944,1.648E-5
1.5965,1.634E-5
1.5986,1.622E-5
1.6006,1.64E-5
1.6023,1.644E-5
1.6043,1.644E-5
1.6065,1.642E-5
1.6084,1.644E-5
1.6106,1.628E-5
1.6122,1.638E-5
1.6143,1.648E-5
1.6165,1.646E-5
1.6185,1.642E-5
1.6201,1.632E-5
1.6221,1.642E-5
1.6243,1.636E-5
1.6264,1.64E-5
1.628,1.648E-5
1.6301,1.64E-5
1.6321,1.636E-5
1.6342,1.642E-5
1.6359,1.658E-5
1.638,1.652E-5
1.64,1.634E-5
1.6421,1.636E-5
1.6438,1.634E-5
1.6458,1.632E-5
1.6479,1.644E-5
1.65,1.622E-5
1.652,1.614E-5
1.6537,1.634E-5
1.6559,1.626E-5
1.6579,1.634E-5
1.66,1.624E-5
1.6616,1.632E-5
1.6637,1.63E-5
1.6658,1.638E-5
1.6679,1.632E-5
1.6694,1.632E-5
1.6716,1.644E-5
1.6736,1.64E-5
1.6757,1.624E-5
1.6774,1.628E-5
1.6794,1.628E-5
1.6816,1.642E-5
1.6835,1.644E-5
1.6851,1.644E-5
1.6873,1.634E-5
1.6894,1.638E-5
1.6914,1.636E-5
1.6932,1.636E-5
1.6952,1.646E-5
1.6972,1.644E-5
1.6993,1.63E-5
1.701,1.622E-5
1.7031,1.612E-5
1.7051,1.62E-5
1.7072,1.634E-5
1.7092,1.622E-5
1.7109,1.626E-5
1.713,1.626E-5
1.7151,1.63E-5
1.7171,1.634E-5
1.7188,1.632E-5
1.7209,1.63E-5
1.723,1.632E-5
1.725,1.64E-5
1.7267,1.626E-5
1.7288,1.618E-5
1.7309,1.638E-5
1.7329,1.646E-5
1.7346,1.654E-5
1.7367,1.638E-5
1.7387,1.638E-5
1.7408,1.642E-5
1.7425,1.626E-5
1.7446,1.642E-5
1.7467,1.644E-5
1.7486,1.634E-5
1.7505,1.624E-5
1.7524,1.63E-5
1.7546,1.646E-5
1.7567,1.642E-5
1.7586,1.638E-5
1.7603,1.62E-5
1.7623,1.638E-5
1.7645,1.646E-5
1.7666,1.628E-5
1.7683,1.64E-5
1.7702,1.632E-5
1.7725,1.638E-5
1.7745,1.63E-5
1.7761,1.64E-5
1.7782,1.636E-5
1.7803,1.626E-5
1.7824,1.642E-5
1.7839,1.634E-5
1.786,1.636E-5
1.7882,1.636E-5
1.7902,1.63E-5
1.7918,1.642E-5
1.794,1.648E-5
1.7961,1.64E-5
1.7981,1.622E-5
1.7998,1.62E-5
1.8019,1.63E-5
1.8039,1.612E-5
1.806,1.63E-5
1.8076,1.652E-5
1.8097,1.642E-5
1.8118,1.642E-5
1.8139,1.642E-5
1.816,1.648E-5
1.8176,1.634E-5
1.8197,1.632E-5
1.8218,1.638E-5
1.8239,1.64E-5
1.8255,1.63E-5
1.8276,1.638E-5
1.8298,1.652E-5
1.8318,1.628E-5
1.8335,1.616E-5
1.8355,1.632E-5
1.8377,1.618E-5
1.8397,1.618E-5
1.8417,1.618E-5
1.8435,1.622E-5
1.8455,1.636E-5
1.8476,1.634E-5
1.8496,1.636E-5
1.8514,1.64E-5
1.8535,1.646E-5
1.8555,1.632E-5
1.8575,1.618E-5
1.8593,1.638E-5
1.8613,1.648E-5
1.8633,1.634E-5
1.8654,1.636E-5
1.8671,1.636E-5
1.8692,1.644E-5
1.8712,1.634E-5
1.8733,1.62E-5
1.875,1.618E-5
1.877,1.644E-5
1.8791,1.648E-5
1.8812,1.63E-5
1.8828,1.62E-5
1.885,1.61E-5
1.887,1.63E-5
1.8891,1.634E-5
1.8912,1.63E-5
1.8932,1.638E-5
1.8953,1.622E-5
1.8974,1.634E-5
1.8991,1.62E-5
1.9011,1.636E-5
1.9032,1.636E-5
1.9053,1.632E-5
1.9069,1.632E-5
1.9091,1.624E-5
1.9111,1.63E-5
1.9132,1.63E-5
1.9147,1.62E-5
1.9169,1.632E-5
1.919,1.636E-5
1.921,1.632E-5
1.9227,1.602E-5
1.9247,1.624E-5
1.9268,1.618E-5
1.9289,1.638E-5
1.9306,1.63E-5
1.9327,1.62E-5
1.9347,1.63E-5
1.9369,1.622E-5
1.9388,1.626E-5
1.9405,1.634E-5
1.9425,1.628E-5
1.9446,1.63E-5
1.9467,1.634E-5
1.9484,1.628E-5
1.9504,1.628E-5
1.9525,1.622E-5
1.9542,1.628E-5
1.9563,1.632E-5
1.9583,1.63E-5
1.9605,1.636E-5
1.9621,1.644E-5
1.9641,1.648E-5
1.9662,1.628E-5
1.9679,1.628E-5
1.97,1.638E-5
1.9721,1.65E-5
1.9742,1.636E-5
1.9758,1.63E-5
1.9778,1.632E-5
1.98,1.622E-5
1.982,1.63E-5
1.9836,1.63E-5
1.9858,1.622E-5
1.9878,1.612E-5
1.9899,1.634E-5
1.9915,1.626E-5
1.9936,1.624E-5
1.9957,1.638E-5
1.9978,1.63E-5
1.9994,1.624E-5
2.0014,1.63E-5
2.0035,1.618E-5
2.0055,1.616E-5
2.0072,1.614E-5
2.0094,1.642E-5
2.0114,1.63E-5
2.0135,1.614E-5
2.0155,1.618E-5
2.0172,1.64E-5
2.0194,1.622E-5
2.0213,1.634E-5
2.0235,1.63E-5
2.0251,1.624E-5
2.0271,1.628E-5
2.0294,1.63E-5
2.0309,1.626E-5
2.0329,1.608E-5
2.0351,1.612E-5
2.0372,1.612E-5
2.0388,1.624E-5
2.0409,1.63E-5
2.043,1.634E-5
2.045,1.638E-5
2.0466,1.632E-5
2.0487,1.638E-5
2.0509,1.64E-5
2.0529,1.632E-5
2.0546,1.62E-5
2.0567,1.606E-5
2.0588,1.618E-5
2.0608,1.634E-5
2.0625,1.626E-5
2.0646,1.626E-5
2.0666,1.642E-5
2.0687,1.612E-5
2.0703,1.618E-5
2.0724,1.63E-5
2.0745,1.642E-5
2.0766,1.636E-5
2.0787,1.636E-5
2.0803,1.632E-5
2.0824,1.63E-5
2.0845,1.618E-5
2.0866,1.63E-5
2.0882,1.626E-5
2.0903,1.628E-5
2.0923,1.618E-5
2.0944,1.628E-5
2.0964,1.618E-5
2.0981,1.616E-5
2.1002,1.626E-5
2.1023,1.634E-5
2.1044,1.64E-5
2.1061,1.636E-5
2.1081,1.61E-5
2.1101,1.642E-5
2.1122,1.658E-5
2.1139,1.634E-5
2.1159,1.628E-5
2.118,1.628E-5
2.1201,1.624E-5
2.1218,1.624E-5
2.1238,1.63E-5
2.1259,1.63E-5
2.1279,1.612E-5
2.1301,1.62E-5
2.1317,1.61E-5
2.1338,1.604E-5
2.1359,1.608E-5
2.1381,1.632E-5
2.1397,1.614E-5
2.1417,1.628E-5
2.1439,1.618E-5
2.146,1.62E-5
2.1476,1.616E-5
2.1497,1.616E-5
2.1518,1.62E-5
2.1539,1.626E-5
2.1555,1.638E-5
2.1576,1.638E-5
2.1597,1.626E-5
2.1617,1.618E-5
2.1638,1.62E-5
2.1655,1.616E-5
2.1676,1.624E-5
2.1696,1.644E-5
2.1717,1.636E-5
2.1738,1.622E-5
2.1754,1.622E-5
2.1774,1.622E-5
2.1796,1.616E-5
2.1816,1.626E-5
2.1833,1.62E-5
2.1855,1.612E-5
2.1874,1.62E-5
2.1896,1.626E-5
2.1912,1.628E-5
2.1933,1.622E-5
2.1953,1.618E-5
2.1974,1.62E-5
2.1991,1.632E-5
2.2015,1.608E-5
2.2037,1.62E-5
2.2053,1.626E-5
2.2073,1.632E-5
2.2094,1.616E-5
2.2115,1.602E-5
2.2136,1.604E-5
2.2152,1.628E-5
2.2173,1.62E-5
2.2194,1.61E-5
2.2215,1.614E-5
2.2235,1.618E-5
2.2252,1.618E-5
2.2273,1.622E-5
2.2293,1.61E-5
2.2314,1.606E-5
2.2331,1.616E-5
2.2351,1.618E-5
2.2372,1.614E-5
2.2393,1.616E-5
2.241,1.618E-5
2.243,1.62E-5
2.2451,1.616E-5
2.2472,1.622E-5
2.2488,1.61E-5
2.2509,1.608E-5
2.253,1.624E-5
2.2551,1.614E-5
2.2567,1.62E-5
2.2589,1.61E-5
2.2608,1.628E-5
2.2629,1.636E-5
2.2647,1.62E-5
2.2667,1.624E-5
2.2688,1.628E-5
2.2708,1.63E-5
2.2729,1.618E-5
2.2746,1.61E-5
2.2766,1.624E-5
2.2786,1.62E-5
2.2808,1.632E-5
2.2824,1.612E-5
2.2845,1.618E-5
2.2865,1.618E-5
2.2886,1.61E-5
2.2907,1.614E-5
2.2923,1.624E-5
2.2944,1.622E-5
2.2966,1.622E-5
2.2986,1.626E-5
2.3002,1.644E-5
2.3023,1.636E-5
2.3044,1.636E-5
2.3065,1.628E-5
2.3081,1.62E-5
2.3102,1.634E-5
2.3123,1.63E-5
2.3143,1.622E-5
2.3161,1.62E-5
2.3181,1.614E-5
2.3202,1.64E-5
2.3222,1.622E-5
2.3239,1.61E-5
2.326,1.626E-5
2.328,1.628E-5
2.3301,1.628E-5
2.3322,1.622E-5
2.3339,1.622E-5
2.3359,1.622E-5
2.338,1.616E-5
2.3401,1.628E-5
2.3417,1.622E-5
2.3438,1.618E-5
2.3459,1.594E-5
2.348,1.608E-5
2.3496,1.618E-5
2.3516,1.604E-5
2.3538,1.614E-5
2.3558,1.616E-5
2.3574,1.604E-5
2.3595,1.616E-5
2.3616,1.624E-5
2.3637,1.622E-5
2.3657,1.604E-5
2.3674,1.63E-5
2.3695,1.618E-5
2.3715,1.614E-5
2.3736,1.622E-5
2.3753,1.616E-5
2.3773,1.62E-5
2.3794,1.622E-5
2.3815,1.614E-5
2.3832,1.604E-5
2.3852,1.606E-5
2.3873,1.63E-5
2.3894,1.618E-5
2.3915,1.62E-5
2.3931,1.618E-5
2.3952,1.622E-5
2.3973,1.624E-5
2.3994,1.618E-5
2.401,1.606E-5
2.4031,1.606E-5
2.4052,1.606E-5
2.4073,1.61E-5
2.4089,1.604E-5
2.411,1.604E-5
2.4131,1.614E-5
2.4151,1.62E-5
2.4167,1.614E-5
2.4189,1.616E-5
2.421,1.62E-5
2.423,1.622E-5
2.4246,1.608E-5
2.4267,1.61E-5
2.4288,1.604E-5
2.4309,1.604E-5
2.433,1.602E-5
2.4346,1.61E-5
2.4367,1.62E-5
2.4389,1.612E-5
2.4409,1.628E-5
2.4426,1.614E-5
2.4446,1.602E-5
2.4468,1.618E-5
2.4489,1.608E-5
2.4504,1.616E-5
2.4526,1.618E-5
2.4547,1.606E-5
2.4568,1.614E-5
2.4584,1.604E-5
2.4609,1.606E-5
2.4631,1.6E-5
2.4651,1.63E-5
2.4667,1.614E-5
2.4688,1.598E-5
2.4709,1.614E-5
2.473,1.624E-5
2.4746,1.624E-5
2.4768,1.612E-5
2.4788,1.614E-5
2.4809,1.62E-5
2.4825,1.62E-5
2.4845,1.618E-5
2.4867,1.618E-5
2.4887,1.622E-5
2.4904,1.626E-5
2.4925,1.622E-5
2.4945,1.614E-5
2.4966,1.606E-5
2.4983,1.608E-5
2.5004,1.612E-5
2.5024,1.614E-5
2.5045,1.624E-5
2.5062,1.622E-5
2.5083,1.606E-5
2.5103,1.61E-5
2.5124,1.618E-5
2.5144,1.622E-5
2.5161,1.622E-5
2.5182,1.614E-5
2.5202,1.602E-5
2.5223,1.61E-5
2.524,1.618E-5
2.526,1.618E-5
2.5282,1.614E-5
2.5297,1.612E-5
2.5322,1.618E-5
2.5343,1.61E-5
2.5361,1.612E-5
2.5381,1.606E-5
2.5401,1.6E-5
2.5422,1.614E-5
2.5439,1.612E-5
2.5459,1.596E-5
2.548,1.61E-5
2.5502,1.62E-5
2.5518,1.614E-5
2.5538,1.602E-5
2.5559,1.592E-5
2.558,1.612E-5
2.5601,1.612E-5
2.5616,1.612E-5
2.5636,1.614E-5
2.5659,1.604E-5
2.5679,1.59E-5
2.5696,1.61E-5
2.5717,1.614E-5
2.5737,1.624E-5
2.5758,1.616E-5
2.5775,1.604E-5
2.5796,1.604E-5
2.5816,1.598E-5
2.5837,1.6E-5
2.5854,1.594E-5
2.5875,1.612E-5
2.5895,1.602E-5
2.5915,1.604E-5
2.5933,1.624E-5
2.5954,1.622E-5
2.5974,1.61E-5
2.5994,1.606E-5
2.6011,1.596E-5
2.6031,1.6E-5
2.6052,1.608E-5
2.6074,1.61E-5
2.6093,1.622E-5
2.611,1.604E-5
2.613,1.608E-5
2.6152,1.62E-5
2.6173,1.602E-5
2.6189,1.598E-5
2.621,1.614E-5
2.623,1.602E-5
2.6252,1.612E-5
2.6268,1.604E-5
2.6289,1.616E-5
2.6309,1.604E-5
2.6329,1.606E-5
2.6347,1.606E-5
2.6367,1.604E-5
2.6388,1.61E-5
2.6408,1.612E-5
2.6425,1.604E-5
2.6446,1.612E-5
2.6466,1.6E-5
2.6487,1.592E-5
2.6503,1.588E-5
2.6524,1.606E-5
2.6545,1.624E-5
2.6567,1.608E-5
2.6583,1.602E-5
2.6603,1.604E-5
2.6624,1.614E-5
2.6646,1.612E-5
2.6666,1.606E-5
2.6681,1.592E-5
2.6704,1.578E-5
2.6724,1.59E-5
2.6745,1.608E-5
2.6761,1.6E-5
2.6781,1.616E-5
2.6802,1.616E-5
2.6823,1.602E-5
2.684,1.608E-5
2.686,1.606E-5
2.6882,1.616E-5
2.6902,1.612E-5
2.6918,1.62E-5
2.694,1.614E-5
2.696,1.616E-5
2.6981,1.614E-5
2.7002,1.61E-5
2.7019,1.608E-5
2.7039,1.586E-5
2.706,1.6E-5
2.7081,1.59E-5
2.7097,1.594E-5
2.7118,1.614E-5
2.7139,1.606E-5
2.7156,1.594E-5
2.7176,1.614E-5
2.7197,1.596E-5
2.7218,1.602E-5
2.7233,1.6E-5
2.7256,1.602E-5
2.7276,1.6E-5
2.7296,1.612E-5
2.7317,1.614E-5
2.7334,1.616E-5
2.7355,1.61E-5
2.7375,1.616E-5
2.7395,1.608E-5
2.7413,1.614E-5
2.7434,1.6E-5
2.7454,1.598E-5
2.7474,1.602E-5
2.7492,1.602E-5
2.7513,1.608E-5
2.7534,1.618E-5
2.7555,1.618E-5
2.7572,1.61E-5
2.7592,1.604E-5
2.7613,1.608E-5
2.7634,1.6E-5
2.7651,1.598E-5
2.767,1.6E-5
2.7691,1.598E-5
2.7712,1.598E-5
2.7734,1.592E-5
2.7751,1.604E-5
2.7771,1.62E-5
2.7791,1.606E-5
2.7813,1.606E-5
2.7829,1.608E-5
2.7849,1.622E-5
2.787,1.616E-5
2.7891,1.604E-5
2.7908,1.592E-5
2.7928,1.578E-5
2.7949,1.58E-5
2.797,1.588E-5
2.7986,1.59E-5
2.8007,1.602E-5
2.8027,1.608E-5
2.805,1.62E-5
2.8065,1.6E-5
2.8086,1.594E-5
2.8107,1.608E-5
2.8128,1.598E-5
2.8149,1.604E-5
2.8164,1.612E-5
2.8186,1.608E-5
2.8207,1.612E-5
2.8223,1.598E-5
2.8243,1.596E-5
2.8264,1.606E-5
2.8286,1.604E-5
2.8306,1.614E-5
2.8323,1.61E-5
2.8343,1.602E-5
2.8364,1.618E-5
2.8385,1.612E-5
2.8402,1.608E-5
2.8423,1.596E-5
2.8442,1.592E-5
2.8463,1.604E-5
2.8481,1.604E-5
2.8501,1.606E-5
2.8521,1.602E-5
2.8542,1.6E-5
2.8562,1.596E-5
2.8579,1.604E-5
2.8601,1.61E-5
2.862,1.6E-5
2.8642,1.6E-5
2.8658,1.616E-5
2.8679,1.602E-5
2.87,1.604E-5
2.872,1.6E-5
2.8737,1.602E-5
2.8757,1.588E-5
2.8779,1.598E-5
2.88,1.602E-5
2.8817,1.6E-5
2.8841,1.606E-5
2.8861,1.612E-5
2.8882,1.608E-5
2.8899,1.612E-5
2.8919,1.618E-5
2.8941,1.604E-5
2.8961,1.598E-5
2.8978,1.604E-5
2.8998,1.602E-5
2.9019,1.588E-5
2.904,1.6E-5
2.9055,1.6E-5
2.9077,1.598E-5
2.9098,1.592E-5
2.9118,1.59E-5
2.9135,1.586E-5
2.9158,1.59E-5
2.9181,1.598E-5
2.9201,1.604E-5
2.9218,1.596E-5
2.9239,1.604E-5
2.9259,1.612E-5
2.928,1.602E-5
2.9296,1.604E-5
2.9317,1.598E-5
2.9338,1.588E-5
2.9359,1.592E-5
2.9374,1.602E-5
2.9395,1.6E-5
2.9417,1.6E-5
2.9437,1.602E-5
2.9454,1.614E-5
2.9475,1.604E-5
2.9496,1.606E-5
2.9512,1.616E-5
2.9532,1.592E-5
2.9553,1.594E-5
2.9574,1.608E-5
2.9595,1.592E-5
2.9611,1.596E-5
2.9632,1.59E-5
2.9653,1.588E-5
2.9674,1.602E-5
2.9691,1.594E-5
2.9711,1.612E-5
2.9733,1.602E-5
2.9753,1.616E-5
2.9769,1.618E-5
2.979,1.598E-5
2.9812,1.604E-5
2.9832,1.598E-5
2.9847,1.588E-5
2.987,1.6E-5
2.989,1.6E-5
2.9911,1.598E-5
2.9928,1.588E-5
2.9948,1.59E-5
2.9969,1.594E-5
2.9989,1.612E-5
3.0006,1.602E-5
3.0027,1.602E-5
3.0048,1.606E-5
3.0068,1.612E-5
3.0089,1.616E-5
3.0106,1.602E-5
3.0126,1.608E-5
3.0147,1.616E-5
3.0167,1.6E-5
3.0185,1.602E-5
3.0205,1.598E-5
3.0226,1.594E-5
3.0246,1.592E-5
3.0263,1.598E-5
3.0284,1.606E-5
3.0305,1.614E-5
3.0321,1.618E-5
3.0341,1.6E-5
3.0363,1.592E-5
3.0384,1.596E-5
3.04,1.604E-5
3.042,1.594E-5
3.0441,1.592E-5
3.0463,1.602E-5
3.0479,1.602E-5
3.0501,1.598E-5
3.0521,1.6E-5
3.0541,1.59E-5
3.0558,1.6E-5
3.058,1.6E-5
3.0601,1.606E-5
3.0621,1.604E-5
3.0638,1.598E-5
3.0658,1.606E-5
3.0679,1.6E-5
3.07,1.594E-5
3.072,1.596E-5
3.0737,1.602E-5
3.0758,1.592E-5
3.0779,1.606E-5
3.08,1.604E-5
3.0816,1.61E-5
3.0837,1.606E-5
3.0858,1.594E-5
3.0879,1.606E-5
3.0895,1.606E-5
3.0916,1.59E-5
3.0937,1.586E-5
3.0958,1.602E-5
3.0974,1.588E-5
3.0994,1.594E-5
3.1015,1.604E-5
3.1036,1.61E-5
3.1053,1.592E-5
3.1073,1.598E-5
3.1095,1.606E-5
3.1115,1.588E-5
3.1131,1.592E-5
3.1153,1.59E-5
3.1172,1.604E-5
3.1193,1.594E-5
3.121,1.598E-5
3.1232,1.592E-5
3.1253,1.59E-5
3.1272,1.596E-5
3.1293,1.596E-5
3.1309,1.598E-5
3.1331,1.594E-5
3.1351,1.592E-5
3.1372,1.6E-5
3.1388,1.594E-5
3.1409,1.594E-5
3.143,1.604E-5
3.1451,1.592E-5
3.1467,1.586E-5
3.1488,1.59E-5
3.1508,1.592E-5
3.153,1.582E-5
3.1546,1.6E-5
3.1567,1.606E-5
3.1588,1.612E-5
3.1608,1.606E-5
3.1629,1.602E-5
3.1646,1.598E-5
3.1667,1.592E-5
3.1687,1.594E-5
3.1708,1.578E-5
3.1725,1.604E-5
3.1745,1.618E-5
3.1765,1.606E-5
3.1786,1.594E-5
3.1804,1.6E-5
3.1823,1.598E-5
3.1845,1.582E-5
3.1866,1.592E-5
3.1882,1.594E-5
3.1903,1.6E-5
3.1923,1.616E-5
3.1945,1.6E-5
3.1961,1.606E-5
3.1982,1.604E-5
3.2003,1.596E-5
3.2023,1.6E-5
3.204,1.596E-5
3.2061,1.602E-5
3.2081,1.608E-5
3.2102,1.592E-5
3.2117,1.586E-5
3.214,1.61E-5
3.216,1.604E-5
3.218,1.59E-5
3.2197,1.574E-5
3.2218,1.592E-5
3.2239,1.596E-5
3.2259,1.602E-5
3.2276,1.602E-5
3.2296,1.61E-5
3.2317,1.588E-5
3.2339,1.592E-5
3.2355,1.602E-5
3.2375,1.592E-5
3.2396,1.594E-5
3.2417,1.602E-5
3.2434,1.596E-5
3.2454,1.602E-5
3.2475,1.598E-5
3.2497,1.594E-5
3.2516,1.592E-5
3.2533,1.606E-5
3.2554,1.608E-5
3.2575,1.59E-5
3.2596,1.6E-5
3.2612,1.598E-5
3.2633,1.592E-5
3.2654,1.598E-5
3.2675,1.596E-5
3.2691,1.594E-5
3.2711,1.592E-5
3.2733,1.616E-5
3.2753,1.61E-5
3.277,1.592E-5
3.2791,1.586E-5
3.2811,1.596E-5
3.2832,1.594E-5
3.2853,1.6E-5
3.287,1.604E-5
3.289,1.602E-5
3.291,1.598E-5
3.2932,1.604E-5
3.2948,1.598E-5
3.2969,1.582E-5
3.2989,1.596E-5
3.301,1.608E-5
3.3028,1.606E-5
3.3048,1.582E-5
3.3068,1.59E-5
3.3089,1.598E-5
3.3106,1.592E-5
3.3132,1.592E-5
3.3151,1.596E-5
3.3168,1.598E-5
3.3189,1.592E-5
3.321,1.596E-5
3.323,1.59E-5
3.3251,1.58E-5
3.3267,1.59E-5
3.3288,1.592E-5
3.3309,1.596E-5
3.333,1.594E-5
3.3346,1.586E-5
3.3367,1.59E-5
3.3388,1.604E-5
3.3408,1.602E-5
3.3425,1.598E-5
3.3447,1.59E-5
3.3467,1.59E-5
3.3488,1.604E-5
3.3504,1.608E-5
3.3525,1.592E-5
3.3546,1.594E-5
3.3567,1.594E-5
3.3587,1.592E-5
3.3604,1.592E-5
3.3626,1.594E-5
3.3646,1.596E-5
3.3667,1.588E-5
3.3684,1.596E-5
3.3704,1.588E-5
3.3725,1.596E-5
3.3747,1.598E-5
3.3763,1.59E-5
3.3783,1.606E-5
3.3803,1.598E-5
3.3825,1.594E-5
3.3846,1.592E-5
3.3863,1.592E-5
3.3883,1.604E-5
3.3903,1.594E-5
3.3925,1.588E-5
3.3941,1.594E-5
3.3961,1.598E-5
3.3982,1.592E-5
3.4003,1.588E-5
3.4021,1.592E-5
3.404,1.612E-5
3.4061,1.598E-5
3.4081,1.596E-5
3.4099,1.594E-5
3.412,1.586E-5
3.414,1.602E-5
3.4161,1.586E-5
3.4177,1.574E-5
3.4198,1.588E-5
3.4218,1.582E-5
3.424,1.594E-5
3.4261,1.594E-5
3.4277,1.606E-5
3.4297,1.602E-5
3.4319,1.592E-5
3.434,1.59E-5
3.4355,1.6E-5
3.4377,1.586E-5
3.4397,1.594E-5
3.4418,1.608E-5
3.4433,1.604E-5
3.4455,1.596E-5
3.4476,1.606E-5
3.4496,1.6E-5
3.4514,1.592E-5
3.4534,1.586E-5
3.4555,1.602E-5
3.4576,1.606E-5
3.4596,1.6E-5
3.4613,1.602E-5
3.4633,1.594E-5
3.4654,1.59E-5
3.4671,1.59E-5
3.4691,1.608E-5
3.4712,1.588E-5
3.4733,1.584E-5
3.4749,1.586E-5
3.4771,1.592E-5
3.4792,1.604E-5
3.4812,1.61E-5
3.4833,1.592E-5
3.4849,1.602E-5
3.487,1.62E-5
3.4891,1.62E-5
3.4911,1.606E-5
3.4928,1.604E-5
3.4949,1.59E-5
3.497,1.594E-5
3.499,1.6E-5
3.5011,1.592E-5
3.5028,1.594E-5
3.5049,1.586E-5
3.5069,1.586E-5
3.509,1.606E-5
3.5107,1.606E-5
3.5127,1.6E-5
3.5148,1.598E-5
3.5169,1.602E-5
3.5185,1.606E-5
3.5206,1.588E-5
3.5227,1.592E-5
3.5248,1.592E-5
3.5264,1.588E-5
3.5284,1.574E-5
3.5304,1.586E-5
3.5322,1.59E-5
3.5343,1.598E-5
3.5363,1.606E-5
3.5384,1.598E-5
3.5401,1.588E-5
3.5422,1.594E-5
3.5442,1.598E-5
3.5463,1.6E-5
3.548,1.598E-5
3.5501,1.594E-5
3.5522,1.59E-5
3.5538,1.572E-5
3.5558,1.592E-5
3.5578,1.596E-5
3.5601,1.592E-5
3.5616,1.596E-5
3.5637,1.602E-5
3.5658,1.616E-5
3.5678,1.606E-5
3.5696,1.598E-5
3.5716,1.594E-5
3.5737,1.588E-5
3.5757,1.596E-5
3.5775,1.588E-5
3.5795,1.596E-5
3.5816,1.592E-5
3.5836,1.592E-5
3.5857,1.594E-5
3.5874,1.594E-5
3.5895,1.596E-5
3.5915,1.592E-5
3.5936,1.6E-5
3.5953,1.592E-5
3.5973,1.602E-5
3.5994,1.608E-5
3.6015,1.612E-5
3.6031,1.612E-5
3.6057,1.608E-5
3.6076,1.606E-5
3.6097,1.588E-5
3.6115,1.596E-5
3.6135,1.606E-5
3.6156,1.598E-5
3.6176,1.594E-5
3.6194,1.596E-5
3.6214,1.592E-5
3.6234,1.594E-5
3.6256,1.592E-5
3.6276,1.604E-5
3.6293,1.59E-5
3.6314,1.592E-5
3.6334,1.588E-5
3.6355,1.582E-5
3.6371,1.602E-5
3.6393,1.606E-5
3.6413,1.59E-5
3.6433,1.604E-5
3.645,1.61E-5
3.6471,1.6E-5
3.6492,1.592E-5
3.6514,1.588E-5
3.6534,1.586E-5
3.655,1.586E-5
3.6571,1.58E-5
3.6591,1.594E-5
3.6613,1.606E-5
3.6629,1.606E-5
3.665,1.594E-5
3.6671,1.604E-5
3.6693,1.584E-5
3.6709,1.58E-5
3.6729,1.576E-5
3.6751,1.596E-5
3.6772,1.596E-5
3.6788,1.586E-5
3.6808,1.58E-5
3.683,1.6E-5
3.6851,1.59E-5
3.6867,1.586E-5
3.6888,1.588E-5
3.6909,1.584E-5
3.693,1.59E-5
3.6945,1.592E-5
3.6965,1.6E-5
3.6988,1.602E-5
3.7008,1.588E-5
3.7029,1.594E-5
3.7045,1.614E-5
3.7066,1.596E-5
3.7087,1.592E-5
3.7108,1.604E-5
3.7125,1.598E-5
3.7145,1.612E-5
3.7165,1.602E-5
3.7186,1.604E-5
3.7202,1.6E-5
3.7224,1.592E-5
3.7244,1.602E-5
3.7265,1.602E-5
3.7283,1.582E-5
3.7302,1.59E-5
3.7323,1.596E-5
3.7344,1.596E-5
3.7365,1.588E-5
3.7383,1.588E-5
3.7403,1.59E-5
3.7423,1.594E-5
3.7444,1.58E-5
3.7461,1.586E-5
3.7481,1.582E-5
3.7502,1.588E-5
3.7523,1.574E-5
3.7539,1.584E-5
3.756,1.588E-5
3.7581,1.586E-5
3.7601,1.592E-5
3.7618,1.614E-5
3.7639,1.622E-5
3.7659,1.602E-5
3.768,1.592E-5
3.7697,1.576E-5
3.7718,1.61E-5
3.7738,1.614E-5
3.7758,1.596E-5
3.7776,1.596E-5
3.7796,1.596E-5
3.7818,1.582E-5
3.7838,1.586E-5
3.7855,1.59E-5
3.7875,1.602E-5
3.7897,1.598E-5
3.7917,1.588E-5
3.7938,1.598E-5
3.7954,1.584E-5
3.7975,1.606E-5
3.7996,1.606E-5
3.8017,1.602E-5
3.8033,1.59E-5
3.8054,1.592E-5
3.8075,1.596E-5
3.8095,1.594E-5
3.8112,1.596E-5
3.8133,1.588E-5
3.8155,1.596E-5
3.8175,1.598E-5
3.8191,1.594E-5
3.8211,1.604E-5
3.8232,1.588E-5
3.8253,1.59E-5
3.8269,1.598E-5
3.829,1.604E-5
3.8311,1.606E-5
3.8332,1.606E-5
3.8352,1.604E-5
3.8368,1.604E-5
3.839,1.596E-5
3.8411,1.594E-5
3.8431,1.588E-5
3.8448,1.596E-5
3.8469,1.596E-5
3.849,1.584E-5
3.851,1.582E-5
3.8527,1.594E-5
3.8548,1.6E-5
3.8568,1.592E-5
3.8589,1.598E-5
3.861,1.594E-5
3.8626,1.604E-5
3.8647,1.592E-5
3.8668,1.586E-5
3.8688,1.594E-5
3.8705,1.6E-5
3.8726,1.586E-5
3.8747,1.598E-5
3.8768,1.59E-5
3.8784,1.594E-5
3.8804,1.608E-5
3.8825,1.602E-5
3.8847,1.594E-5
3.8867,1.58E-5
3.8884,1.594E-5
3.8904,1.612E-5
3.8925,1.606E-5
3.8947,1.598E-5
3.8962,1.592E-5
3.8983,1.602E-5
3.9004,1.6E-5
3.9024,1.604E-5
3.9042,1.592E-5
3.9062,1.604E-5
3.9082,1.606E-5
3.9103,1.604E-5
3.912,1.604E-5
3.9141,1.606E-5
3.9161,1.582E-5
3.9181,1.6E-5
3.9203,1.604E-5
3.9219,1.606E-5
3.924,1.604E-5
3.9261,1.608E-5
3.9282,1.598E-5
3.9298,1.584E-5
3.9318,1.588E-5
3.934,1.604E-5
3.9361,1.606E-5
3.9377,1.592E-5
3.9398,1.608E-5
3.9419,1.612E-5
3.9435,1.592E-5
3.9456,1.598E-5
3.9477,1.59E-5
3.9497,1.582E-5
3.9514,1.58E-5
3.9535,1.6E-5
3.9556,1.604E-5
3.9577,1.604E-5
3.9592,1.606E-5
3.9614,1.594E-5
3.9635,1.594E-5
3.9655,1.59E-5
3.9671,1.59E-5
3.9692,1.594E-5
3.9714,1.594E-5
3.9735,1.598E-5
3.9752,1.59E-5
3.9771,1.594E-5
3.9793,1.598E-5
3.9814,1.58E-5
3.983,1.592E-5
3.9851,1.6E-5
3.9872,1.584E-5
3.9893,1.596E-5
3.9914,1.606E-5
3.993,1.594E-5
3.995,1.584E-5
3.9972,1.608E-5
3.9992,1.61E-5
4.0009,1.578E-5
4.0029,1.574E-5
4.0051,1.586E-5
4.0071,1.594E-5
4.0088,1.59E-5
4.0109,1.584E-5
4.013,1.59E-5
4.015,1.598E-5
4.0171,1.606E-5
4.0188,1.588E-5
4.0208,1.59E-5
4.0229,1.59E-5
4.0246,1.584E-5
4.0266,1.59E-5
4.0287,1.59E-5
4.0308,1.604E-5
4.0325,1.598E-5
4.0346,1.602E-5
4.0366,1.594E-5
4.0386,1.604E-5
4.0404,1.604E-5
4.0425,1.594E-5
4.0445,1.604E-5
4.0465,1.614E-5
4.0483,1.6E-5
4.0503,1.602E-5
4.0523,1.618E-5
4.0545,1.616E-5
4.0561,1.596E-5
4.0582,1.592E-5
4.0603,1.604E-5
4.0623,1.584E-5
4.0643,1.592E-5
4.066,1.596E-5
4.0682,1.602E-5
4.0703,1.594E-5
4.0722,1.6E-5
4.074,1.606E-5
4.076,1.602E-5
4.0781,1.596E-5
4.0802,1.612E-5
4.0818,1.6E-5
4.0839,1.592E-5
4.0859,1.596E-5
4.088,1.59E-5
4.0897,1.602E-5
4.0918,1.59E-5
4.0938,1.582E-5
4.096,1.592E-5
4.0981,1.614E-5
4.0997,1.59E-5
4.1017,1.596E-5
4.1039,1.604E-5
4.106,1.592E-5
4.1076,1.58E-5
4.1096,1.578E-5
4.1118,1.582E-5
4.1139,1.61E-5
4.1154,1.592E-5
4.1176,1.59E-5
4.1197,1.598E-5
4.1217,1.588E-5
4.1233,1.594E-5
4.1253,1.588E-5
4.1276,1.602E-5
4.1296,1.594E-5
4.1316,1.6E-5
4.1332,1.59E-5
4.1354,1.602E-5
4.1375,1.598E-5
4.1395,1.59E-5
4.1412,1.59E-5
4.1432,1.592E-5
4.1453,1.594E-5
4.1474,1.602E-5
4.149,1.61E-5
4.1511,1.592E-5
4.1531,1.598E-5
4.1552,1.596E-5
4.157,1.61E-5
4.159,1.62E-5
4.161,1.606E-5
4.1631,1.596E-5
4.1652,1.592E-5
4.1668,1.604E-5
4.1689,1.6E-5
4.171,1.61E-5
4.1731,1.608E-5
4.1748,1.594E-5
4.1768,1.592E-5
4.1789,1.606E-5
4.1809,1.6E-5
4.1827,1.608E-5
4.1847,1.612E-5
4.1868,1.594E-5
4.1888,1.598E-5
4.1905,1.61E-5
4.1926,1.604E-5
4.1946,1.61E-5
4.1967,1.618E-5
4.1984,1.612E-5
4.2005,1.592E-5
4.2025,1.6E-5
4.2046,1.608E-5
4.2063,1.602E-5
4.2084,1.594E-5
4.2104,1.586E-5
4.2124,1.592E-5
4.2141,1.596E-5
4.2162,1.592E-5
4.2182,1.584E-5
4.2204,1.586E-5
4.222,1.622E-5
4.2241,1.606E-5
4.2262,1.604E-5
4.2282,1.6E-5
4.2303,1.608E-5
4.2319,1.598E-5
4.234,1.604E-5
4.2361,1.602E-5
4.2382,1.58E-5
4.2399,1.578E-5
4.2419,1.604E-5
4.244,1.59E-5
4.2461,1.59E-5
4.2477,1.588E-5
4.2498,1.6E-5
4.2519,1.61E-5
4.254,1.594E-5
4.2556,1.604E-5
4.2577,1.602E-5
4.2598,1.604E-5
4.2618,1.598E-5
4.2635,1.59E-5
4.2656,1.592E-5
4.2677,1.588E-5
4.2698,1.602E-5
4.2719,1.6E-5
4.2735,1.588E-5
4.2757,1.584E-5
4.2777,1.598E-5
4.2798,1.602E-5
4.2814,1.594E-5
4.2836,1.592E-5
4.2856,1.594E-5
4.2877,1.598E-5
4.2894,1.604E-5
4.2915,1.59E-5
4.2935,1.594E-5
4.2956,1.61E-5
4.2973,1.586E-5
4.2994,1.602E-5
4.3014,1.604E-5
4.3035,1.614E-5
4.3051,1.596E-5
4.3073,1.596E-5
4.3093,1.604E-5
4.3113,1.61E-5
4.3135,1.618E-5
4.3151,1.626E-5
4.3171,1.608E-5
4.3192,1.594E-5
4.3213,1.608E-5
4.3229,1.614E-5
4.325,1.612E-5
4.3271,1.606E-5
4.3292,1.602E-5
4.3308,1.624E-5
4.3333,1.614E-5
4.3354,1.608E-5
4.3375,1.604E-5
4.3391,1.604E-5
4.3412,1.61E-5
4.3433,1.606E-5
4.3454,1.606E-5
4.347,1.59E-5
4.3495,1.584E-5
4.3516,1.606E-5
4.3533,1.596E-5
4.3558,1.59E-5
4.3578,1.604E-5
4.3595,1.596E-5
4.3616,1.604E-5
4.3637,1.598E-5
4.3657,1.602E-5
4.3678,1.604E-5
4.3695,1.598E-5
4.3715,1.606E-5
4.3736,1.6E-5
4.3756,1.604E-5
4.3774,1.6E-5
4.3794,1.618E-5
4.3814,1.606E-5
4.3835,1.588E-5
4.3852,1.596E-5
4.3872,1.604E-5
4.3893,1.622E-5
4.3913,1.618E-5
4.3931,1.596E-5
4.3952,1.594E-5
4.3972,1.59E-5
4.3993,1.6E-5
4.4009,1.604E-5
4.403,1.608E-5
4.4051,1.606E-5
4.4071,1.598E-5
4.4092,1.606E-5
4.4109,1.598E-5
4.413,1.596E-5
4.415,1.606E-5
4.4171,1.57E-5
4.4187,1.578E-5
4.4209,1.584E-5
4.4229,1.598E-5
4.425,1.592E-5
4.4267,1.596E-5
4.4287,1.598E-5
4.4308,1.61E-5
4.4329,1.61E-5
4.4345,1.6E-5
4.4366,1.606E-5
4.4386,1.592E-5
4.4407,1.594E-5
4.4424,1.61E-5
4.4444,1.61E-5
4.4465,1.604E-5
4.4486,1.598E-5
4.4507,1.592E-5
4.4523,1.592E-5
4.4544,1.61E-5
4.4565,1.624E-5
4.4586,1.622E-5
4.4602,1.606E-5
4.4623,1.618E-5
4.4644,1.604E-5
4.4664,1.604E-5
4.468,1.608E-5
4.4702,1.608E-5
4.4722,1.618E-5
4.4744,1.61E-5
4.476,1.616E-5
4.4781,1.61E-5
4.4802,1.604E-5
4.4822,1.61E-5
4.4838,1.608E-5
4.4859,1.63E-5
4.488,1.618E-5
4.49,1.608E-5
4.4917,1.612E-5
4.4938,1.618E-5
4.4959,1.626E-5
4.4979,1.622E-5
4.4996,1.622E-5
4.5017,1.618E-5
4.5037,1.606E-5
4.5059,1.616E-5
4.5075,1.624E-5
4.5096,1.604E-5
4.5117,1.618E-5
4.5138,1.604E-5
4.5158,1.616E-5
4.5175,1.61E-5
4.5196,1.618E-5
4.5216,1.614E-5
4.5232,1.608E-5
4.5253,1.594E-5
4.5275,1.614E-5
4.5295,1.602E-5
4.5312,1.6E-5
4.5333,1.612E-5
4.5354,1.618E-5
4.5369,1.586E-5
4.5391,1.598E-5
4.5412,1.598E-5
4.5432,1.586E-5
4.5449,1.594E-5
4.547,1.604E-5
4.549,1.594E-5
4.5511,1.588E-5
4.5528,1.602E-5
4.5548,1.604E-5
4.5569,1.592E-5
4.5589,1.592E-5
4.5606,1.598E-5
4.5628,1.6E-5
4.5647,1.602E-5
4.5668,1.602E-5
4.5688,1.588E-5
4.5706,1.596E-5
4.5726,1.608E-5
4.5746,1.592E-5
4.5768,1.606E-5
4.5785,1.596E-5
4.5805,1.602E-5
4.5826,1.596E-5
4.5847,1.604E-5
4.5864,1.592E-5
4.5884,1.572E-5
4.5906,1.594E-5
4.5926,1.606E-5
4.5943,1.616E-5
4.5963,1.604E-5
4.5984,1.6E-5
4.6005,1.608E-5
4.6022,1.606E-5
4.6043,1.614E-5
4.6063,1.61E-5
4.6084,1.596E-5
4.6105,1.606E-5
4.6122,1.608E-5
4.6142,1.614E-5
4.6162,1.618E-5
4.6183,1.618E-5
4.62,1.616E-5
4.6221,1.62E-5
4.6241,1.642E-5
4.6263,1.628E-5
4.6279,1.612E-5
4.63,1.624E-5
4.632,1.63E-5
4.6341,1.618E-5
4.6358,1.618E-5
4.6378,1.618E-5
4.64,1.6E-5
4.6419,1.602E-5
4.6436,1.62E-5
4.6458,1.618E-5
4.6478,1.608E-5
4.65,1.63E-5
4.6515,1.632E-5
4.6536,1.62E-5
4.6557,1.638E-5
4.6577,1.634E-5
4.6594,1.634E-5
4.6615,1.624E-5
4.6635,1.634E-5
4.6656,1.62E-5
4.6677,1.614E-5
4.6693,1.626E-5
4.6715,1.608E-5
4.6735,1.594E-5
4.6755,1.616E-5
4.6772,1.604E-5
4.6797,1.604E-5
4.6819,1.604E-5
4.6835,1.614E-5
4.6856,1.618E-5
4.6876,1.604E-5
4.6896,1.616E-5
4.6914,1.606E-5
4.6934,1.606E-5
4.6955,1.598E-5
4.6976,1.584E-5
4.6993,1.596E-5
4.7012,1.614E-5
4.7033,1.602E-5
4.7053,1.604E-5
4.7071,1.602E-5
4.7092,1.592E-5
4.7112,1.582E-5
4.7133,1.58E-5
4.7154,1.604E-5
4.7171,1.61E-5
4.7192,1.594E-5
4.7213,1.592E-5
4.7234,1.594E-5
4.7249,1.602E-5
4.727,1.592E-5
4.7291,1.594E-5
4.7313,1.596E-5
4.7328,1.596E-5
4.7348,1.618E-5
4.7369,1.606E-5
4.7391,1.598E-5
4.7407,1.616E-5
4.7428,1.598E-5
4.7448,1.6E-5
4.7469,1.6E-5
4.7486,1.604E-5
4.7506,1.602E-5
4.7527,1.598E-5
4.7548,1.61E-5
4.7565,1.592E-5
4.7585,1.592E-5
4.7605,1.594E-5
4.7627,1.594E-5
4.7648,1.594E-5
4.7665,1.61E-5
4.7684,1.604E-5
4.7707,1.606E-5
4.7726,1.592E-5
4.7743,1.598E-5
4.7764,1.624E-5
4.7785,1.612E-5
4.7806,1.616E-5
4.7821,1.608E-5
4.7843,1.616E-5
4.7864,1.612E-5
4.7884,1.63E-5
4.79,1.61E-5
4.7921,1.622E-5
4.7943,1.628E-5
4.7963,1.64E-5
4.7979,1.63E-5
4.8001,1.626E-5
4.8021,1.62E-5
4.8041,1.622E-5
4.8059,1.632E-5
4.808,1.638E-5
4.81,1.618E-5
4.812,1.62E-5
4.8138,1.63E-5
4.8159,1.644E-5
4.8179,1.624E-5
4.8199,1.638E-5
4.8216,1.634E-5
4.8236,1.616E-5
4.8258,1.63E-5
4.8278,1.62E-5
4.8299,1.62E-5
4.8315,1.63E-5
4.8336,1.632E-5
4.8357,1.626E-5
4.8377,1.634E-5
4.8394,1.63E-5
4.8415,1.636E-5
4.8437,1.62E-5
4.8457,1.624E-5
4.8472,1.63E-5
4.8494,1.628E-5
4.8514,1.628E-5
4.8535,1.62E-5
4.8552,1.63E-5
4.8573,1.622E-5
4.8593,1.604E-5
4.8614,1.616E-5
4.8631,1.614E-5
4.8652,1.618E-5
4.8673,1.628E-5
4.8692,1.618E-5
4.8713,1.604E-5
4.8731,1.602E-5
4.8751,1.618E-5
4.8771,1.6E-5
4.8791,1.6E-5
4.881,1.604E-5
4.883,1.6E-5
4.8851,1.608E-5
4.8873,1.604E-5
4.8888,1.62E-5
4.8909,1.604E-5
4.8931,1.584E-5
4.8952,1.592E-5
4.8968,1.594E-5
4.8988,1.598E-5
4.9009,1.598E-5
4.903,1.596E-5
4.9046,1.602E-5
4.9067,1.588E-5
4.9088,1.584E-5
4.9109,1.608E-5
4.9127,1.592E-5
4.9146,1.59E-5
4.9167,1.592E-5
4.9188,1.594E-5
4.9205,1.592E-5
4.9226,1.584E-5
4.9246,1.604E-5
4.9266,1.604E-5
4.9283,1.606E-5
4.9304,1.604E-5
4.9326,1.594E-5
4.9346,1.592E-5
4.9362,1.592E-5
4.9383,1.598E-5
4.9403,1.612E-5
4.9425,1.612E-5
4.9442,1.6E-5
4.9461,1.612E-5
4.9483,1.606E-5
4.9503,1.618E-5
4.9519,1.598E-5
4.9539,1.612E-5
4.956,1.612E-5
4.9582,1.61E-5
4.9598,1.602E-5
4.962,1.618E-5
4.9639,1.634E-5
4.9661,1.634E-5
4.9677,1.624E-5
4.9699,1.626E-5
4.972,1.628E-5
4.974,1.644E-5
4.9755,1.64E-5
4.9777,1.634E-5
4.9799,1.632E-5
4.9819,1.628E-5
4.9836,1.652E-5
4.9856,1.632E-5
4.9877,1.628E-5
4.9897,1.628E-5
4.9919,1.638E-5
4.9935,1.64E-5
4.9956,1.636E-5
4.9976,1.648E-5
4.9997,1.632E-5
5.0013,1.642E-5
5.0035,1.644E-5
5.0055,1.642E-5
5.0075,1.64E-5
5.0093,1.644E-5
5.0113,1.656E-5
5.0133,1.648E-5
5.0155,1.636E-5
5.0172,1.632E-5
5.0194,1.634E-5
5.0213,1.638E-5
5.0235,1.642E-5
5.0251,1.644E-5
5.0272,1.64E-5
5.0292,1.626E-5
5.031,1.634E-5
5.0329,1.652E-5
5.0351,1.62E-5
5.0371,1.628E-5
5.0387,1.634E-5
5.0408,1.638E-5
5.0429,1.65E-5
5.0449,1.628E-5
5.0466,1.612E-5
5.0487,1.618E-5
5.0507,1.618E-5
5.0528,1.612E-5
5.0544,1.608E-5
5.0566,1.614E-5
5.0587,1.63E-5
5.0607,1.632E-5
5.0628,1.618E-5
5.0644,1.616E-5
5.0665,1.606E-5
5.0686,1.62E-5
5.0706,1.612E-5
5.0723,1.61E-5
5.0744,1.606E-5
5.0764,1.606E-5
5.0786,1.618E-5
5.0806,1.616E-5
5.0822,1.602E-5
5.0843,1.604E-5
5.0864,1.608E-5
5.0885,1.606E-5
5.09,1.604E-5
5.0922,1.608E-5
5.0943,1.596E-5
5.0965,1.592E-5
5.0981,1.614E-5
5.1,1.612E-5
5.1022,1.602E-5
5.1043,1.596E-5
5.1059,1.6E-5
5.108,1.598E-5
5.1101,1.584E-5
5.112,1.59E-5
5.1138,1.574E-5
5.1159,1.594E-5
5.1179,1.592E-5
5.1202,1.6E-5
5.1217,1.608E-5
5.1237,1.586E-5
5.1259,1.588E-5
5.128,1.59E-5
5.1295,1.6E-5
5.1316,1.606E-5
5.1337,1.602E-5
5.1359,1.596E-5
5.1374,1.598E-5
5.1395,1.586E-5
5.1415,1.612E-5
5.1437,1.608E-5
5.1458,1.592E-5
5.1474,1.612E-5
5.1495,1.614E-5
5.1515,1.606E-5
5.1532,1.6E-5
5.1553,1.614E-5
5.1573,1.62E-5
5.1594,1.62E-5
5.1615,1.634E-5
5.1631,1.632E-5
5.1653,1.626E-5
5.1673,1.622E-5
5.1694,1.618E-5
5.171,1.64E-5
5.1732,1.632E-5
5.1752,1.64E-5
5.1772,1.644E-5
5.1789,1.648E-5
5.181,1.636E-5
5.1832,1.636E-5
5.1853,1.646E-5
5.1867,1.642E-5
5.1889,1.644E-5
5.191,1.632E-5
5.1931,1.644E-5
5.1947,1.65E-5
5.1969,1.64E-5
5.1988,1.65E-5
5.201,1.656E-5
5.2027,1.672E-5
5.2048,1.664E-5
5.2068,1.66E-5
5.2089,1.66E-5
5.2105,1.652E-5
5.213,1.648E-5
5.2151,1.644E-5
5.2173,1.644E-5
5.2188,1.646E-5
5.2209,1.644E-5
5.2229,1.668E-5
5.2252,1.658E-5
5.2268,1.656E-5
5.2288,1.662E-5
5.2309,1.652E-5
5.233,1.644E-5
5.2346,1.644E-5
5.2367,1.65E-5
5.2389,1.66E-5
5.2409,1.646E-5
5.2425,1.628E-5
5.2446,1.638E-5
5.2466,1.64E-5
5.2488,1.646E-5
5.2504,1.644E-5
5.2525,1.63E-5
5.2547,1.644E-5
5.2566,1.644E-5
5.2586,1.616E-5
5.2608,1.64E-5
5.2625,1.642E-5
5.2646,1.618E-5
5.2666,1.62E-5
5.2686,1.62E-5
5.2704,1.614E-5
5.2725,1.628E-5
5.2744,1.618E-5
5.2766,1.614E-5
5.2787,1.634E-5
5.2803,1.614E-5
5.2824,1.608E-5
5.2845,1.614E-5
5.2863,1.606E-5
5.2881,1.602E-5
5.2903,1.592E-5
5.2924,1.61E-5
5.2944,1.614E-5
5.296,1.604E-5
5.2981,1.6E-5
5.3002,1.596E-5
5.3023,1.592E-5
5.304,1.594E-5
5.306,1.614E-5
5.3081,1.614E-5
5.3101,1.612E-5
5.3119,1.616E-5
5.3144,1.61E-5
5.3164,1.604E-5
5.3185,1.6E-5
5.3201,1.598E-5
5.3222,1.602E-5
5.3243,1.582E-5
5.3264,1.586E-5
5.3281,1.604E-5
5.3301,1.588E-5
5.3322,1.61E-5
5.3342,1.608E-5
5.3359,1.592E-5
5.338,1.588E-5
5.3401,1.616E-5
5.3421,1.604E-5
5.3439,1.602E-5
5.3459,1.604E-5
5.3479,1.604E-5
5.35,1.626E-5
5.3518,1.616E-5
5.3538,1.604E-5
5.3558,1.614E-5
5.3578,1.6E-5
5.3599,1.61E-5
5.3616,1.628E-5
5.3637,1.608E-5
5.3658,1.604E-5
5.3679,1.622E-5
5.3695,1.624E-5
5.3716,1.604E-5
5.3737,1.626E-5
5.3757,1.646E-5
5.3777,1.642E-5
5.3794,1.636E-5
5.3815,1.646E-5
5.3835,1.656E-5
5.3853,1.638E-5
5.3874,1.656E-5
5.3893,1.64E-5
5.3914,1.646E-5
5.3934,1.65E-5
5.3952,1.644E-5
5.3973,1.644E-5
5.3993,1.644E-5
5.4015,1.656E-5
5.4031,1.64E-5
5.4052,1.654E-5
5.4073,1.672E-5
5.4093,1.662E-5
5.4114,1.66E-5
5.413,1.666E-5
5.4151,1.656E-5
5.4172,1.672E-5
5.4189,1.674E-5
5.4209,1.67E-5
5.423,1.676E-5
5.4251,1.654E-5
5.4272,1.664E-5
5.4289,1.67E-5
5.4309,1.674E-5
5.4328,1.69E-5
5.435,1.684E-5
5.4368,1.678E-5
5.4389,1.67E-5
5.4409,1.668E-5
5.4429,1.654E-5
5.445,1.682E-5
5.4466,1.686E-5
5.4488,1.684E-5
5.4508,1.666E-5
5.4529,1.658E-5
5.4546,1.67E-5
5.4566,1.668E-5
5.4587,1.66E-5
5.4608,1.676E-5
5.4628,1.676E-5
5.4645,1.652E-5
5.4666,1.648E-5
5.4687,1.646E-5
5.4707,1.656E-5
5.4723,1.644E-5
5.4745,1.658E-5
5.4766,1.644E-5
5.4786,1.646E-5
5.4803,1.644E-5
5.4824,1.648E-5
5.4845,1.662E-5
5.4865,1.644E-5
5.4887,1.63E-5
5.4903,1.656E-5
5.4924,1.654E-5
5.4945,1.626E-5
5.4966,1.63E-5
5.4982,1.638E-5
5.5002,1.63E-5
5.5025,1.618E-5
5.5045,1.63E-5
5.5062,1.62E-5
5.5083,1.63E-5
5.5103,1.624E-5
5.5124,1.622E-5
5.5145,1.62E-5
5.5162,1.616E-5
5.5183,1.618E-5
5.5203,1.608E-5
5.5224,1.616E-5
5.5241,1.626E-5
5.5261,1.592E-5
5.5282,1.59E-5
5.5303,1.6E-5
5.532,1.612E-5
5.5341,1.594E-5
5.5361,1.594E-5
5.5378,1.604E-5
5.5398,1.604E-5
5.5419,1.602E-5
5.5441,1.592E-5
5.5457,1.592E-5
5.5477,1.596E-5
5.5497,1.598E-5
5.5519,1.592E-5
5.5541,1.588E-5
5.5556,1.582E-5
5.5577,1.588E-5
5.5597,1.604E-5
5.5619,1.6E-5
5.5635,1.61E-5
5.5655,1.606E-5
5.5677,1.61E-5
5.5697,1.596E-5
5.5714,1.61E-5
5.5735,1.612E-5
5.5755,1.6E-5
5.5777,1.61E-5
5.5792,1.608E-5
5.5814,1.608E-5
5.5835,1.602E-5
5.5855,1.604E-5
5.5873,1.618E-5
5.5893,1.618E-5
5.5914,1.624E-5
5.5934,1.616E-5
5.5954,1.6E-5
5.5972,1.62E-5
5.5992,1.626E-5
5.6013,1.616E-5
5.6034,1.618E-5
5.605,1.63E-5
5.6071,1.636E-5
5.6091,1.632E-5
5.6112,1.646E-5
5.6129,1.646E-5
5.6149,1.648E-5
5.6172,1.648E-5
5.6191,1.648E-5
5.6208,1.656E-5
5.6228,1.644E-5
5.6249,1.666E-5
5.6271,1.67E-5
5.6286,1.666E-5
5.6307,1.666E-5
5.6329,1.664E-5
5.6349,1.67E-5
5.6367,1.658E-5
5.6386,1.656E-5
5.6407,1.672E-5
5.6428,1.678E-5
5.6448,1.674E-5
5.6466,1.662E-5
5.6486,1.684E-5
5.6507,1.674E-5
5.6523,1.674E-5
5.6544,1.678E-5
5.6565,1.68E-5
5.6585,1.666E-5
5.6606,1.664E-5
5.6622,1.674E-5
5.6643,1.69E-5
5.6664,1.68E-5
5.6684,1.67E-5
5.6702,1.674E-5
5.6722,1.686E-5
5.6742,1.67E-5
5.6765,1.682E-5
5.678,1.692E-5
5.6802,1.686E-5
5.6822,1.68E-5
5.6843,1.68E-5
5.686,1.692E-5
5.6881,1.69E-5
5.6902,1.694E-5
5.6922,1.69E-5
5.6939,1.684E-5
5.696,1.682E-5
5.698,1.694E-5
5.7001,1.69E-5
5.7017,1.696E-5
5.7039,1.686E-5
5.706,1.682E-5
5.708,1.674E-5
5.7098,1.676E-5
5.7117,1.676E-5
5.7138,1.686E-5
5.716,1.678E-5
5.7176,1.674E-5
5.7196,1.66E-5
5.7216,1.648E-5
5.7237,1.652E-5
5.726,1.66E-5
5.7275,1.656E-5
5.7296,1.644E-5
5.7316,1.65E-5
5.7338,1.658E-5
5.7354,1.658E-5
5.7374,1.654E-5
5.7396,1.64E-5
5.7416,1.642E-5
5.7433,1.646E-5
5.7454,1.644E-5
5.7474,1.636E-5
5.7496,1.624E-5
5.7511,1.632E-5
5.7533,1.638E-5
5.7554,1.618E-5
5.7574,1.618E-5
5.759,1.612E-5
5.7611,1.618E-5
5.7632,1.62E-5
5.7653,1.622E-5
5.7669,1.618E-5
5.7691,1.604E-5
5.7711,1.608E-5
5.7731,1.614E-5
5.7753,1.614E-5
5.7769,1.608E-5
5.7791,1.592E-5
5.781,1.598E-5
5.7831,1.602E-5
5.7848,1.602E-5
5.7869,1.596E-5
5.789,1.592E-5
5.7909,1.6E-5
5.7927,1.588E-5
5.7947,1.588E-5
5.7968,1.6E-5
5.7989,1.584E-5
5.8005,1.604E-5
5.8027,1.602E-5
5.8048,1.592E-5
5.8069,1.584E-5
5.8087,1.588E-5
5.8105,1.59E-5
5.8127,1.594E-5
5.8148,1.578E-5
5.8165,1.59E-5
5.8186,1.61E-5
5.8206,1.6E-5
5.8227,1.582E-5
5.8243,1.586E-5
5.8265,1.59E-5
5.8286,1.61E-5
5.8305,1.604E-5
5.8323,1.604E-5
5.8343,1.598E-5
5.8364,1.594E-5
5.8385,1.602E-5
5.8401,1.618E-5
5.8423,1.61E-5
5.8443,1.596E-5
5.8463,1.61E-5
5.8481,1.624E-5
5.8501,1.616E-5
5.8522,1.608E-5
5.8542,1.614E-5
5.856,1.63E-5
5.8581,1.634E-5
5.86,1.616E-5
5.8622,1.618E-5
5.8637,1.644E-5
5.8659,1.644E-5
5.868,1.648E-5
5.87,1.642E-5
5.8721,1.656E-5
5.8737,1.658E-5
5.8759,1.662E-5
5.878,1.66E-5
5.8796,1.67E-5
5.8817,1.674E-5
5.8837,1.668E-5
5.8858,1.666E-5
5.8879,1.672E-5
5.8897,1.678E-5
5.8916,1.672E-5
5.8937,1.674E-5
5.8958,1.684E-5
5.8975,1.672E-5
5.8995,1.684E-5
5.9016,1.688E-5
5.9036,1.676E-5
5.9054,1.676E-5
5.9074,1.682E-5
5.9094,1.702E-5
5.9115,1.694E-5
5.9136,1.704E-5
5.9153,1.706E-5
5.9174,1.704E-5
5.9195,1.692E-5
5.9215,1.698E-5
5.9231,1.706E-5
5.9252,1.694E-5
5.9274,1.708E-5
5.9295,1.738E-5
5.931,1.722E-5
5.9331,1.706E-5
5.9352,1.718E-5
5.9368,1.716E-5
5.9389,1.72E-5
5.941,1.702E-5
5.9431,1.71E-5
5.9447,1.72E-5
5.9468,1.712E-5
5.9489,1.708E-5
5.951,1.712E-5
5.9527,1.71E-5
5.9547,1.712E-5
5.9568,1.72E-5
5.9587,1.72E-5
5.9605,1.718E-5
5.9626,1.71E-5
5.9645,1.708E-5
5.9667,1.698E-5
5.9684,1.696E-5
5.9705,1.702E-5
5.9724,1.702E-5
5.9745,1.692E-5
5.9762,1.708E-5
5.9783,1.72E-5
5.9804,1.712E-5
5.9825,1.696E-5
5.9841,1.68E-5
5.9861,1.678E-5
5.9882,1.67E-5
5.9904,1.678E-5
5.9925,1.688E-5
5.9941,1.66E-5
5.9962,1.67E-5
5.9982,1.686E-5
6.0003,1.696E-5
6.0019,1.662E-5
6.0044,1.66E-5
6.0065,1.662E-5
6.0082,1.65E-5
6.0102,1.644E-5
6.0124,1.656E-5
6.0143,1.656E-5
6.0164,1.644E-5
6.0181,1.648E-5
6.0202,1.648E-5
6.0224,1.636E-5
6.0244,1.624E-5
6.026,1.62E-5
6.0281,1.622E-5
6.0302,1.618E-5
6.0319,1.622E-5
6.0339,1.638E-5
6.0359,1.638E-5
6.0382,1.634E-5
6.0399,1.616E-5
6.042,1.612E-5
6.0439,1.612E-5
6.0459,1.6E-5
6.0476,1.594E-5
6.0499,1.59E-5
6.0518,1.596E-5
6.0539,1.608E-5
6.0556,1.6E-5
6.0576,1.606E-5
6.0598,1.594E-5
6.0618,1.582E-5
6.0635,1.586E-5
6.0656,1.604E-5
6.0676,1.586E-5
6.0697,1.6E-5
6.0717,1.602E-5
6.0734,1.59E-5
6.0754,1.602E-5
6.0775,1.59E-5
6.0797,1.6E-5
6.0813,1.594E-5
6.0833,1.59E-5
6.0854,1.598E-5
6.0876,1.582E-5
6.0897,1.596E-5
6.0913,1.608E-5
6.0933,1.596E-5
6.0955,1.588E-5
6.0976,1.586E-5
6.0992,1.604E-5
6.1013,1.6E-5
6.1034,1.596E-5
6.1055,1.592E-5
6.1071,1.602E-5
6.1095,1.61E-5
6.1117,1.6E-5
6.1133,1.6E-5
6.1154,1.602E-5
6.1175,1.614E-5
6.1195,1.612E-5
6.1218,1.62E-5
6.1235,1.62E-5
6.1255,1.632E-5
6.1276,1.626E-5
6.1296,1.612E-5
6.1313,1.618E-5
6.1334,1.636E-5
6.1354,1.64E-5
6.1374,1.628E-5
6.1391,1.628E-5
6.1413,1.636E-5
6.1432,1.646E-5
6.1453,1.644E-5
6.1471,1.65E-5
6.1491,1.658E-5
6.1511,1.65E-5
6.1532,1.664E-5
6.1549,1.682E-5
6.157,1.66E-5
6.159,1.666E-5
6.1613,1.678E-5
6.1629,1.67E-5
6.1648,1.678E-5
6.167,1.684E-5
6.169,1.696E-5
6.1707,1.7E-5
6.1728,1.686E-5
6.1748,1.692E-5
6.177,1.702E-5
6.1786,1.706E-5
6.1806,1.706E-5
6.1828,1.716E-5
6.1848,1.712E-5
6.1869,1.72E-5
6.1886,1.722E-5
6.1906,1.736E-5
6.1928,1.732E-5
6.1948,1.738E-5
6.1964,1.732E-5
6.1985,1.744E-5
6.2006,1.738E-5
6.2023,1.728E-5
6.2044,1.726E-5
6.2063,1.732E-5
6.2085,1.722E-5
6.2105,1.742E-5
6.2122,1.742E-5
6.2144,1.73E-5
6.2163,1.746E-5
6.2184,1.74E-5
6.22,1.746E-5
6.2221,1.756E-5
6.2241,1.748E-5
6.2264,1.756E-5
6.2279,1.748E-5
6.2299,1.73E-5
6.2322,1.738E-5
6.2342,1.738E-5
6.2358,1.73E-5
6.2379,1.736E-5
6.24,1.748E-5
6.2421,1.75E-5
6.2437,1.736E-5
6.2457,1.73E-5
6.2479,1.74E-5
6.2499,1.742E-5
6.2521,1.734E-5
6.2538,1.732E-5
6.2558,1.746E-5
6.2579,1.726E-5
6.2599,1.712E-5
6.2615,1.742E-5
6.2637,1.722E-5
6.2657,1.722E-5
6.2678,1.734E-5
6.2695,1.722E-5
6.2715,1.718E-5
6.2736,1.71E-5
6.2756,1.708E-5
6.2773,1.684E-5
6.2794,1.704E-5
6.2814,1.714E-5
6.2836,1.72E-5
6.2852,1.708E-5
6.2876,1.698E-5
6.2897,1.702E-5
6.2917,1.692E-5
6.2934,1.68E-5
6.2959,1.684E-5
6.298,1.698E-5
6.2997,1.686E-5
6.3017,1.678E-5
6.3039,1.686E-5
6.3058,1.678E-5
6.3079,1.664E-5
6.3097,1.656E-5
6.3117,1.664E-5
6.3138,1.634E-5
6.3158,1.622E-5
6.3175,1.634E-5
6.3196,1.638E-5
6.3216,1.638E-5
6.3237,1.652E-5
6.3254,1.65E-5
6.3274,1.63E-5
6.3295,1.61E-5
6.3315,1.618E-5
6.3332,1.618E-5
6.3353,1.62E-5
6.3373,1.616E-5
6.3394,1.63E-5
6.3412,1.62E-5
6.3432,1.606E-5
6.3453,1.616E-5
6.3473,1.612E-5
6.349,1.6E-5
6.3511,1.598E-5
6.3531,1.61E-5
6.3553,1.594E-5
6.3569,1.59E-5
6.3589,1.59E-5
6.3611,1.59E-5
6.3631,1.602E-5
6.3647,1.6E-5
6.3669,1.594E-5
6.3688,1.596E-5
6.371,1.596E-5
6.373,1.572E-5
6.3746,1.57E-5
6.3768,1.572E-5
6.3788,1.566E-5
6.3809,1.566E-5
6.3826,1.578E-5
6.3846,1.586E-5
6.3868,1.58E-5
6.3888,1.568E-5
6.3909,1.568E-5
6.3926,1.58E-5
6.3946,1.584E-5
6.3967,1.588E-5
6.3987,1.582E-5
6.4004,1.588E-5
6.4025,1.588E-5
6.4046,1.586E-5
6.4067,1.596E-5
6.4082,1.586E-5
6.4108,1.602E-5
6.4129,1.59E-5
6.4146,1.596E-5
6.4166,1.598E-5
6.4187,1.602E-5
6.4207,1.62E-5
6.4225,1.626E-5
6.4246,1.626E-5
6.4266,1.606E-5
6.4288,1.614E-5
6.4309,1.604E-5
6.4324,1.62E-5
6.4346,1.634E-5
6.4366,1.63E-5
6.4383,1.648E-5
6.4404,1.65E-5
6.4424,1.642E-5
6.4445,1.648E-5
6.4466,1.652E-5
6.4482,1.644E-5
6.4504,1.64E-5
6.4524,1.656E-5
6.4545,1.678E-5
6.4562,1.68E-5
6.4582,1.676E-5
6.4604,1.676E-5
6.4624,1.666E-5
6.464,1.66E-5
6.4661,1.682E-5
6.4681,1.686E-5
6.4703,1.698E-5
6.4723,1.698E-5
6.4739,1.682E-5
6.4759,1.702E-5
6.4781,1.7E-5
6.4801,1.696E-5
6.4818,1.72E-5
6.4839,1.722E-5
6.4864,1.722E-5
6.4884,1.722E-5
6.4906,1.734E-5
6.4926,1.724E-5
6.4948,1.718E-5
6.4967,1.74E-5
6.4985,1.738E-5
6.5006,1.758E-5
6.5025,1.734E-5
6.5047,1.748E-5
6.5067,1.772E-5
6.5084,1.766E-5
6.5105,1.776E-5
6.5125,1.762E-5
6.5146,1.754E-5
6.5167,1.778E-5
6.5196,1.764E-5
6.5216,1.768E-5
6.5233,1.774E-5
6.5255,1.78E-5
6.5275,1.774E-5
6.5296,1.782E-5
6.5313,1.784E-5
6.5333,1.786E-5
6.5354,1.778E-5
6.5371,1.782E-5
6.5391,1.792E-5
6.5412,1.798E-5
6.5432,1.778E-5
6.5454,1.782E-5
6.5474,1.792E-5
6.5495,1.782E-5
6.5516,1.78E-5
6.5532,1.792E-5
6.5553,1.792E-5
6.5573,1.788E-5
6.5598,1.782E-5
6.5618,1.792E-5
6.564,1.794E-5
6.5665,1.778E-5
6.5685,1.79E-5
6.5706,1.782E-5
6.5727,1.778E-5
6.5742,1.774E-5
6.5764,1.774E-5
6.5784,1.752E-5
6.5806,1.758E-5
6.5822,1.774E-5
6.5842,1.766E-5
6.5864,1.766E-5
6.5884,1.756E-5
6.59,1.76E-5
6.5925,1.762E-5
6.5946,1.766E-5
6.5972,1.762E-5
6.5997,1.752E-5
6.6013,1.748E-5
6.6034,1.732E-5
6.6055,1.742E-5
6.6075,1.73E-5
6.6091,1.736E-5
6.6113,1.732E-5
6.6137,1.722E-5
6.6157,1.742E-5
6.6179,1.722E-5
6.6196,1.71E-5
6.6215,1.712E-5
6.6236,1.704E-5
6.6258,1.694E-5
6.6279,1.682E-5
6.6299,1.698E-5
6.632,1.686E-5
6.634,1.678E-5
6.6357,1.684E-5
6.6379,1.686E-5
6.6398,1.674E-5
6.6418,1.658E-5
6.644,1.65E-5
6.6457,1.642E-5
6.6477,1.658E-5
6.6502,1.664E-5
6.6517,1.664E-5
6.654,1.654E-5
6.656,1.636E-5
6.6581,1.638E-5
6.6598,1.642E-5
6.6618,1.622E-5
6.6639,1.624E-5
6.6659,1.62E-5
6.6675,1.624E-5
6.67,1.618E-5
6.6723,1.61E-5
6.6747,1.604E-5
6.6764,1.602E-5
6.6788,1.604E-5
6.6805,1.61E-5
6.6825,1.598E-5
6.6847,1.588E-5
6.6867,1.602E-5
6.6883,1.602E-5
6.6905,1.588E-5
6.6925,1.59E-5
6.6947,1.592E-5
6.6963,1.582E-5
6.6988,1.578E-5
6.7008,1.58E-5
6.703,1.586E-5
6.705,1.592E-5
6.7071,1.578E-5
6.7091,1.578E-5
6.7113,1.57E-5
6.713,1.554E-5
6.715,1.578E-5
6.7171,1.568E-5
6.7191,1.576E-5
6.7207,1.58E-5
6.7229,1.558E-5
6.7249,1.56E-5
6.7269,1.556E-5
6.7286,1.562E-5
6.7308,1.58E-5
6.7332,1.578E-5
6.7352,1.574E-5
6.7378,1.576E-5
6.7395,1.568E-5
6.7416,1.566E-5
6.7436,1.572E-5
6.7461,1.564E-5
6.7477,1.576E-5
6.7502,1.594E-5
6.7525,1.598E-5
6.7541,1.592E-5
6.7569,1.6E-5
6.7594,1.592E-5
6.7619,1.606E-5
6.7644,1.598E-5
6.7673,1.612E-5
6.7691,1.628E-5
6.7716,1.632E-5
6.7731,1.626E-5
6.7751,1.628E-5
6.7773,1.63E-5
6.7794,1.646E-5
6.7814,1.642E-5
6.783,1.64E-5
6.7855,1.652E-5
6.7877,1.644E-5
6.7897,1.666E-5
6.7913,1.658E-5
6.7935,1.668E-5
6.7955,1.658E-5
6.7976,1.666E-5
6.7996,1.678E-5
6.8018,1.682E-5
6.8035,1.706E-5
6.8054,1.692E-5
6.8076,1.698E-5
6.8096,1.706E-5
6.8118,1.698E-5
6.8138,1.704E-5
6.8154,1.724E-5
6.8179,1.722E-5
6.8196,1.712E-5
6.8221,1.724E-5
6.8245,1.734E-5
6.8268,1.744E-5
6.8288,1.734E-5
6.8304,1.736E-5
6.8326,1.764E-5
6.8346,1.758E-5
6.8367,1.756E-5
6.8383,1.754E-5
6.8404,1.768E-5
6.8425,1.782E-5
6.8446,1.774E-5
6.8463,1.774E-5
6.8492,1.79E-5
6.8508,1.796E-5
6.8529,1.784E-5
6.855,1.782E-5
6.8571,1.802E-5
6.8591,1.824E-5
6.8608,1.812E-5
6.8628,1.794E-5
6.8648,1.792E-5
6.8668,1.798E-5
6.8687,1.806E-5
6.8707,1.808E-5
6.8728,1.8E-5
6.8749,1.818E-5
6.877,1.836E-5
6.8786,1.826E-5
6.8807,1.83E-5
6.8827,1.83E-5
6.8848,1.822E-5
6.8865,1.826E-5
6.8885,1.834E-5
6.8907,1.832E-5
6.8926,1.818E-5
6.8944,1.824E-5
6.8968,1.83E-5
6.8989,1.84E-5
6.901,1.834E-5
6.903,1.828E-5
6.9055,1.828E-5
6.9071,1.838E-5
6.9091,1.84E-5
6.9113,1.846E-5
6.9138,1.84E-5
6.9163,1.838E-5
6.9188,1.842E-5
6.9208,1.842E-5
6.9229,1.83E-5
6.9246,1.812E-5
6.9275,1.83E-5
6.9292,1.818E-5
6.9312,1.806E-5
6.9333,1.81E-5
6.9358,1.814E-5
6.9379,1.832E-5
6.9396,1.812E-5
6.9416,1.804E-5
6.9441,1.812E-5
6.9462,1.796E-5
6.9482,1.8E-5
6.9503,1.796E-5
6.9519,1.804E-5
6.9544,1.802E-5
6.9561,1.786E-5
6.9581,1.782E-5
6.9603,1.766E-5
6.9624,1.758E-5
6.964,1.76E-5
6.9661,1.754E-5
6.9682,1.746E-5
6.9703,1.762E-5
6.9728,1.762E-5
6.9748,1.746E-5
6.9768,1.738E-5
6.9785,1.74E-5
6.9806,1.742E-5
6.9826,1.736E-5
6.9848,1.74E-5
6.9868,1.742E-5
6.9885,1.732E-5
6.9905,1.73E-5
6.9926,1.72E-5
6.9942,1.71E-5
6.9964,1.702E-5
6.9989,1.69E-5
7.0009,1.688E-5
7.003,1.69E-5
7.0047,1.69E-5
7.0067,1.668E-5
7.0088,1.67E-5
7.0109,1.678E-5
7.0126,1.672E-5
7.0151,1.648E-5
7.0172,1.646E-5
7.0187,1.64E-5
7.0209,1.632E-5
7.023,1.634E-5
7.025,1.624E-5
7.0266,1.62E-5
7.0287,1.624E-5
7.0308,1.618E-5
7.0324,1.614E-5
7.0346,1.61E-5
7.0367,1.6E-5
7.0387,1.6E-5
7.0403,1.604E-5
7.0425,1.596E-5
7.0447,1.624E-5
7.0471,1.604E-5
7.0496,1.568E-5
7.0517,1.566E-5
7.0538,1.572E-5
7.0554,1.578E-5
7.0575,1.578E-5
7.0595,1.566E-5
7.0616,1.568E-5
7.0632,1.574E-5
7.0653,1.566E-5
7.0674,1.562E-5
7.0694,1.576E-5
7.0712,1.546E-5
7.0732,1.57E-5
7.0753,1.562E-5
7.0774,1.55E-5
7.0798,1.55E-5
7.0818,1.558E-5
7.0835,1.564E-5
7.0857,1.536E-5
7.0877,1.536E-5
7.0898,1.552E-5
7.0915,1.552E-5
7.0936,1.562E-5
7.0956,1.564E-5
7.0977,1.56E-5
7.0994,1.552E-5
7.1014,1.56E-5
7.1035,1.56E-5
7.1056,1.556E-5
7.1073,1.572E-5
7.1093,1.556E-5
7.1118,1.57E-5
7.1134,1.566E-5
7.1159,1.568E-5
7.118,1.55E-5
7.1201,1.568E-5
7.1222,1.588E-5
7.1239,1.59E-5
7.1263,1.578E-5
7.1289,1.598E-5
7.1309,1.596E-5
7.1326,1.576E-5
7.1347,1.592E-5
7.1367,1.616E-5
7.1388,1.614E-5
7.1405,1.6E-5
7.1426,1.598E-5
7.1446,1.612E-5
7.1475,1.602E-5
7.1492,1.604E-5
7.1513,1.614E-5
7.1533,1.616E-5
7.1554,1.622E-5
7.157,1.638E-5
7.1592,1.646E-5
7.1611,1.654E-5
7.1633,1.652E-5
7.1653,1.654E-5
7.167,1.648E-5
7.1691,1.67E-5
7.1716,1.654E-5
7.1736,1.668E-5
7.1757,1.682E-5
7.1778,1.694E-5
7.1795,1.692E-5
7.1816,1.69E-5
7.1836,1.696E-5
7.1857,1.72E-5
7.1878,1.71E-5
7.1894,1.708E-5
7.1915,1.722E-5
7.1936,1.736E-5
7.196,1.724E-5
7.198,1.736E-5
7.2002,1.738E-5
7.2022,1.736E-5
7.2038,1.748E-5
7.2059,1.744E-5
7.208,1.758E-5
7.2105,1.76E-5
7.2122,1.776E-5
7.2143,1.79E-5
7.2164,1.788E-5
7.2185,1.79E-5
7.2201,1.784E-5
7.2222,1.794E-5
7.2243,1.804E-5
7.2264,1.8E-5
7.2284,1.8E-5
7.23,1.808E-5
7.2321,1.81E-5
7.2342,1.822E-5
7.2358,1.832E-5
7.2379,1.826E-5
7.2404,1.838E-5
7.2425,1.83E-5
7.2445,1.826E-5
7.2466,1.846E-5
7.2486,1.85E-5
7.2508,1.866E-5
7.2528,1.866E-5
7.255,1.862E-5
7.2569,1.874E-5
7.2586,1.874E-5
7.2616,1.868E-5
7.2641,1.878E-5
7.2661,1.88E-5
7.2679,1.88E-5
7.2699,1.874E-5
7.272,1.892E-5
7.274,1.896E-5
7.2757,1.894E-5
7.2778,1.892E-5
7.2798,1.904E-5
7.2818,1.882E-5
7.2839,1.886E-5
7.2856,1.886E-5
7.2877,1.884E-5
7.2897,1.892E-5
7.2918,1.888E-5
7.2935,1.894E-5
7.2955,1.886E-5
7.2977,1.89E-5
7.2997,1.894E-5
7.3014,1.896E-5
7.3035,1.894E-5
7.3056,1.886E-5
7.3077,1.888E-5
7.3098,1.896E-5
7.3122,1.88E-5
7.3138,1.88E-5
7.3159,1.878E-5
7.3187,1.888E-5
7.3209,1.89E-5
7.3229,1.88E-5
7.325,1.876E-5
7.3272,1.874E-5
7.3292,1.868E-5
7.3312,1.866E-5
7.3333,1.878E-5
7.3353,1.868E-5
7.3375,1.868E-5
7.3395,1.852E-5
7.3412,1.862E-5
7.3434,1.846E-5
7.3454,1.838E-5
7.3476,1.84E-5
7.3492,1.842E-5
7.3513,1.834E-5
7.3534,1.834E-5
7.3554,1.828E-5
7.3571,1.834E-5
7.3593,1.828E-5
7.3612,1.842E-5
7.3634,1.822E-5
7.3649,1.814E-5
7.367,1.81E-5
7.3695,1.804E-5
7.3717,1.798E-5
7.3738,1.796E-5
7.3761,1.794E-5
7.3787,1.788E-5
7.3807,1.786E-5
7.3828,1.758E-5
7.3844,1.762E-5
7.3864,1.756E-5
7.3887,1.748E-5
7.3906,1.75E-5
7.3923,1.734E-5
7.3944,1.736E-5
7.3964,1.736E-5
7.399,1.728E-5
7.4011,1.72E-5
7.4027,1.708E-5
7.4047,1.71E-5
7.4069,1.706E-5
7.409,1.71E-5
7.4107,1.72E-5
7.4127,1.708E-5
7.4147,1.704E-5
7.4168,1.682E-5
7.4189,1.67E-5
7.4206,1.674E-5
7.4226,1.678E-5
7.4246,1.654E-5
7.4268,1.644E-5
7.4289,1.644E-5
7.4309,1.64E-5
7.433,1.638E-5
7.4351,1.626E-5
7.437,1.62E-5
7.4391,1.62E-5
7.4414,1.624E-5
7.4429,1.63E-5
7.4454,1.61E-5
7.4475,1.612E-5
7.4496,1.618E-5
7.4513,1.608E-5
7.4533,1.596E-5
7.4553,1.608E-5
7.4575,1.582E-5
7.4592,1.572E-5
7.4612,1.572E-5
7.4632,1.566E-5
7.4653,1.574E-5
7.4672,1.57E-5
7.4696,1.552E-5
7.4716,1.548E-5
7.4736,1.548E-5
7.4756,1.558E-5
7.4782,1.546E-5
7.4802,1.552E-5
7.482,1.552E-5
7.4839,1.544E-5
7.4861,1.532E-5
7.4882,1.532E-5
7.4902,1.546E-5
7.4919,1.544E-5
7.4938,1.526E-5
7.4964,1.54E-5
7.4984,1.518E-5
7.501,1.52E-5
7.5026,1.51E-5
7.5047,1.526E-5
7.5067,1.528E-5
7.5088,1.53E-5
7.5109,1.532E-5
7.5126,1.522E-5
7.515,1.534E-5
7.5171,1.54E-5
7.5188,1.534E-5
7.5209,1.534E-5
7.5229,1.528E-5
7.5249,1.548E-5
7.5266,1.54E-5
7.5287,1.52E-5
7.5308,1.536E-5
7.5328,1.534E-5
7.5345,1.532E-5
7.537,1.55E-5
7.5394,1.56E-5
7.5411,1.558E-5
7.5432,1.562E-5
7.5452,1.554E-5
7.5474,1.546E-5
7.5491,1.556E-5
7.5511,1.56E-5
7.5532,1.56E-5
7.5552,1.572E-5
7.5569,1.584E-5
7.5594,1.594E-5
7.5614,1.58E-5
7.5635,1.592E-5
7.5657,1.596E-5
7.5673,1.608E-5
7.5693,1.592E-5
7.5714,1.62E-5
7.5734,1.63E-5
7.575,1.616E-5
7.5773,1.636E-5
7.5793,1.646E-5
7.5813,1.64E-5
7.5839,1.638E-5
7.5859,1.644E-5
7.5884,1.648E-5
7.59,1.66E-5
7.5922,1.668E-5
7.5943,1.666E-5
7.5963,1.686E-5
7.5984,1.676E-5
7.6004,1.684E-5
7.6024,1.698E-5
7.6041,1.688E-5
7.6062,1.718E-5
7.6083,1.728E-5
7.6104,1.714E-5
7.6128,1.716E-5
7.6154,1.73E-5
7.6171,1.732E-5
7.619,1.732E-5
7.6212,1.74E-5
7.6237,1.74E-5
7.6253,1.752E-5
7.6274,1.76E-5
7.6294,1.764E-5
7.6316,1.786E-5
7.6337,1.802E-5
7.6354,1.804E-5
7.6373,1.788E-5
7.6394,1.796E-5
7.6415,1.812E-5
7.6431,1.81E-5
7.6453,1.824E-5
7.6473,1.83E-5
7.6494,1.83E-5
7.651,1.832E-5
7.6533,1.838E-5
7.6553,1.856E-5
7.6574,1.858E-5
7.659,1.864E-5
7.6616,1.87E-5
7.6633,1.868E-5
7.6653,1.87E-5
7.6672,1.874E-5
7.6694,1.88E-5
7.6715,1.894E-5
7.6735,1.886E-5
7.6755,1.894E-5
7.6778,1.9E-5
7.6802,1.908E-5
7.6827,1.912E-5
7.6851,1.93E-5
7.6872,1.928E-5
7.6893,1.948E-5
7.691,1.94E-5
7.6934,1.928E-5
7.695,1.926E-5
7.6971,1.934E-5
7.6993,1.94E-5
7.7014,1.94E-5
7.703,1.95E-5
7.705,1.94E-5
7.7072,1.962E-5
7.7093,1.964E-5
7.7109,1.944E-5
7.713,1.944E-5
7.715,1.96E-5
7.7171,1.968E-5
7.7196,1.96E-5
7.7216,1.958E-5
7.7233,1.96E-5
7.7253,1.96E-5
7.7273,1.956E-5
7.7296,1.968E-5
7.7313,1.988E-5
7.7332,1.976E-5
7.7358,1.974E-5
7.7375,1.972E-5
7.7394,1.97E-5
7.7416,1.964E-5
7.7432,1.966E-5
7.7451,1.966E-5
7.7482,1.954E-5
7.7503,1.96E-5
7.7519,1.97E-5
7.754,1.956E-5
7.7561,1.962E-5
7.7581,1.956E-5
7.7597,1.952E-5
7.7622,1.962E-5
7.7647,1.966E-5
7.7673,1.956E-5
7.7693,1.958E-5
7.7711,1.948E-5
7.773,1.936E-5
7.7751,1.938E-5
7.7772,1.932E-5
7.7789,1.938E-5
7.781,1.928E-5
7.7834,1.93E-5
7.7855,1.92E-5
7.7876,1.908E-5
7.7893,1.906E-5
7.7921,1.896E-5
7.7938,1.914E-5
7.7962,1.924E-5
7.7983,1.882E-5
7.7999,1.898E-5
7.802,1.892E-5
7.8042,1.898E-5
7.8062,1.884E-5
7.8083,1.872E-5
7.8099,1.89E-5
7.812,1.874E-5
7.8142,1.86E-5
7.8161,1.848E-5
7.8182,1.848E-5
7.8203,1.852E-5
7.8231,1.83E-5
7.8248,1.818E-5
7.827,1.814E-5
7.829,1.812E-5
7.8315,1.806E-5
7.8331,1.826E-5
7.8356,1.818E-5
7.8376,1.806E-5
7.8393,1.804E-5
7.8414,1.8E-5
7.8435,1.792E-5
7.8456,1.796E-5
7.8473,1.768E-5
7.8492,1.756E-5
7.8513,1.756E-5
7.8535,1.754E-5
7.8556,1.754E-5
7.8572,1.752E-5
7.8592,1.744E-5
7.8613,1.74E-5
7.8635,1.734E-5
7.8659,1.704E-5
7.8684,1.712E-5
7.8708,1.708E-5
7.8738,1.688E-5
7.8755,1.68E-5
7.8775,1.672E-5
7.8795,1.682E-5
7.8818,1.662E-5
7.8838,1.676E-5
7.8858,1.668E-5
7.8874,1.664E-5
7.8895,1.666E-5
7.8917,1.642E-5
7.8941,1.642E-5
7.8957,1.634E-5
7.8978,1.6E-5
7.9,1.598E-5
7.9019,1.612E-5
7.9036,1.612E-5
7.9056,1.616E-5
7.9077,1.618E-5
7.9098,1.592E-5
7.9123,1.578E-5
7.914,1.58E-5
7.9161,1.584E-5
7.9182,1.582E-5
7.9202,1.574E-5
7.9222,1.564E-5
7.9244,1.556E-5
7.9265,1.56E-5
7.9289,1.548E-5
7.931,1.534E-5
7.9332,1.536E-5
7.936,1.542E-5
7.9378,1.526E-5
7.9398,1.528E-5
7.9418,1.542E-5
7.9438,1.52E-5
7.9456,1.512E-5
7.9477,1.518E-5
7.9501,1.504E-5
7.9528,1.492E-5
7.9556,1.502E-5
7.9577,1.506E-5
7.9598,1.504E-5
7.9622,1.51E-5
7.9643,1.51E-5
7.9664,1.504E-5
7.9684,1.512E-5
7.9701,1.488E-5
7.9722,1.49E-5
7.9743,1.498E-5
7.9768,1.512E-5
7.9784,1.48E-5
7.9805,1.484E-5
7.9826,1.498E-5
7.9847,1.486E-5
7.9867,1.488E-5
7.9888,1.504E-5
7.9908,1.504E-5
7.9926,1.5E-5
7.995,1.508E-5
7.9971,1.502E-5
7.9992,1.508E-5
8.0012,1.5E-5
8.003,1.504E-5
8.005,1.508E-5
8.0071,1.516E-5
8.0091,1.51E-5
8.0108,1.524E-5
8.0129,1.528E-5
8.0149,1.526E-5
8.017,1.532E-5
8.0195,1.518E-5
8.0215,1.542E-5
8.0235,1.534E-5
8.0265,1.55E-5
8.0281,1.548E-5
8.0302,1.566E-5
8.0324,1.56E-5
8.034,1.564E-5
8.0361,1.578E-5
8.0381,1.576E-5
8.0402,1.578E-5
8.0423,1.596E-5
8.0444,1.588E-5
8.0464,1.584E-5
8.0485,1.602E-5
8.0502,1.61E-5
8.0522,1.608E-5
8.0543,1.626E-5
8.0564,1.616E-5
8.058,1.632E-5
8.06,1.624E-5
8.0626,1.646E-5
8.065,1.65E-5
8.0673,1.65E-5
8.0689,1.664E-5
8.0709,1.666E-5
8.0735,1.684E-5
8.0755,1.686E-5
8.0775,1.7E-5
8.0795,1.698E-5
8.0818,1.706E-5
8.0838,1.704E-5
8.0855,1.714E-5
8.0879,1.734E-5
8.0899,1.748E-5
8.0921,1.734E-5
8.0942,1.748E-5
8.0962,1.76E-5
8.0978,1.758E-5
8.0999,1.774E-5
8.1021,1.79E-5
8.1041,1.784E-5
8.1058,1.804E-5
8.1078,1.8E-5
8.1099,1.802E-5
8.112,1.814E-5
8.1136,1.818E-5
8.1158,1.816E-5
8.1177,1.822E-5
8.1198,1.832E-5
8.1219,1.848E-5
8.1236,1.852E-5
8.1256,1.854E-5
8.1277,1.868E-5
8.1297,1.872E-5
8.1319,1.88E-5
8.1343,1.898E-5
8.1359,1.914E-5
8.1381,1.898E-5
8.1401,1.908E-5
8.1422,1.916E-5
8.1441,1.906E-5
8.1459,1.934E-5
8.1481,1.93E-5
8.1501,1.936E-5
8.1522,1.952E-5
8.1538,1.944E-5
8.1558,1.942E-5
8.158,1.956E-5
8.1605,1.958E-5
8.1621,1.954E-5
8.1641,1.97E-5
8.1663,1.976E-5
8.1684,1.98E-5
8.1705,1.994E-5
8.1721,1.978E-5
8.1741,1.988E-5
8.1763,1.996E-5
8.1784,2E-5
8.1799,2.01E-5
8.182,2.014E-5
8.1841,2.01E-5
8.1862,2.008E-5
8.1887,2.03E-5
8.1907,2.018E-5
8.1933,2.014E-5
8.1953,2.036E-5
8.1969,2.026E-5
8.1989,2.036E-5
8.2011,2.048E-5
8.2032,2.032E-5
8.2049,2.04E-5
8.2073,2.034E-5
8.2098,2.05E-5
8.2118,2.042E-5
8.2139,2.064E-5
8.2156,2.064E-5
8.2185,2.048E-5
8.221,2.07E-5
8.2235,2.078E-5
8.2261,2.066E-5
8.2285,2.066E-5
8.2305,2.048E-5
8.2327,2.048E-5
8.2344,2.08E-5
8.2363,2.05E-5
8.2384,2.056E-5
8.2404,2.072E-5
8.2421,2.05E-5
8.2447,2.062E-5
8.2463,2.054E-5
8.2484,2.04E-5
8.2504,2.052E-5
8.2527,2.062E-5
8.2547,2.064E-5
8.2563,2.054E-5
8.2585,2.06E-5
8.2605,2.054E-5
8.263,2.06E-5
8.2651,2.05E-5
8.2671,2.05E-5
8.2692,2.036E-5
8.2708,2.024E-5
8.2733,2.022E-5
8.275,2.028E-5
8.2771,2.04E-5
8.28,2.036E-5
8.2821,2.034E-5
8.2837,2.026E-5
8.2859,2.02E-5
8.288,2.006E-5
8.29,2.002E-5
8.2916,2E-5
8.2938,2.004E-5
8.2959,2.006E-5
8.2978,1.998E-5
8.2999,1.996E-5
8.302,1.98E-5
8.3045,1.974E-5
8.3071,1.974E-5
8.3094,1.95E-5
8.3116,1.952E-5
8.3137,1.942E-5
8.3153,1.956E-5
8.3178,1.94E-5
8.3198,1.944E-5
8.3223,1.938E-5
8.324,1.918E-5
8.3264,1.918E-5
8.3281,1.908E-5
8.3303,1.92E-5
8.3323,1.908E-5
8.3343,1.91E-5
8.3363,1.904E-5
8.3381,1.878E-5
8.3401,1.88E-5
8.3422,1.882E-5
8.3443,1.872E-5
8.3464,1.878E-5
8.3493,1.868E-5
8.3508,1.846E-5
8.353,1.828E-5
8.3551,1.836E-5
8.3572,1.824E-5
8.3592,1.814E-5
8.3609,1.796E-5
8.3629,1.79E-5
8.365,1.796E-5
8.3671,1.786E-5
8.3692,1.782E-5
8.3714,1.778E-5
8.3734,1.756E-5
8.3759,1.756E-5
8.378,1.776E-5
8.38,1.76E-5
8.382,1.752E-5
8.3838,1.73E-5
8.3859,1.73E-5
8.3879,1.72E-5
8.3899,1.71E-5
8.3916,1.712E-5
8.3945,1.704E-5
8.3969,1.69E-5
8.3995,1.674E-5
8.4016,1.682E-5
8.4037,1.68E-5
8.4057,1.666E-5
8.4076,1.658E-5
8.4098,1.642E-5
8.4119,1.634E-5
8.414,1.636E-5
8.4156,1.608E-5
8.4176,1.602E-5
8.4197,1.594E-5
8.4218,1.612E-5
8.4235,1.608E-5
8.4255,1.584E-5
8.4275,1.592E-5
8.4296,1.578E-5
8.4314,1.576E-5
8.4334,1.568E-5
8.4355,1.56E-5
8.4375,1.562E-5
8.4396,1.564E-5
8.4417,1.566E-5
8.4438,1.56E-5
8.4459,1.544E-5
8.4476,1.536E-5
8.4496,1.522E-5
8.4517,1.524E-5
8.4538,1.528E-5
8.4555,1.52E-5
8.4575,1.506E-5
8.4596,1.5E-5
8.4621,1.506E-5
8.4637,1.5E-5
8.4658,1.488E-5
8.4682,1.486E-5
8.4704,1.486E-5
8.4725,1.494E-5
8.4744,1.492E-5
8.4769,1.482E-5
8.4791,1.486E-5
8.4807,1.464E-5
8.4829,1.474E-5
8.4848,1.468E-5
8.4868,1.474E-5
8.4886,1.454E-5
8.4907,1.454E-5
8.4928,1.464E-5
8.4956,1.454E-5
8.4973,1.452E-5
8.4995,1.456E-5
8.5014,1.458E-5
8.5036,1.446E-5
8.5056,1.448E-5
8.5076,1.458E-5
8.5097,1.444E-5
8.5114,1.456E-5
8.5134,1.454E-5
8.5155,1.454E-5
8.5175,1.458E-5
8.5193,1.464E-5
8.5214,1.486E-5
8.5234,1.466E-5
8.526,1.464E-5
8.5275,1.46E-5
8.53,1.474E-5
8.5321,1.482E-5
8.5338,1.476E-5
8.5359,1.47E-5
8.538,1.476E-5
8.5399,1.478E-5
8.5422,1.48E-5
8.5438,1.474E-5
8.5459,1.48E-5
8.548,1.486E-5
8.55,1.468E-5
8.5517,1.486E-5
8.5547,1.482E-5
8.5567,1.502E-5
8.5582,1.504E-5
8.5605,1.526E-5
8.5625,1.526E-5
8.5645,1.524E-5
8.5661,1.524E-5
8.5683,1.54E-5
8.5705,1.538E-5
8.5725,1.55E-5
8.5749,1.55E-5
8.5775,1.552E-5
8.5796,1.554E-5
8.5816,1.566E-5
8.5842,1.58E-5
8.5862,1.576E-5
8.5883,1.582E-5
8.5903,1.602E-5
8.592,1.608E-5
8.5941,1.61E-5
8.5971,1.62E-5
8.5987,1.638E-5
8.6008,1.63E-5
8.6029,1.644E-5
8.605,1.654E-5
8.607,1.658E-5
8.6087,1.656E-5
8.6107,1.658E-5
8.6128,1.68E-5
8.6148,1.682E-5
8.6165,1.676E-5
8.6187,1.698E-5
8.6207,1.692E-5
8.6228,1.724E-5
8.6248,1.726E-5
8.6264,1.716E-5
8.629,1.744E-5
8.6311,1.756E-5
8.6327,1.758E-5
8.6348,1.764E-5
8.6368,1.76E-5
8.639,1.784E-5
8.6407,1.79E-5
8.6426,1.79E-5
8.6447,1.802E-5
8.6468,1.8E-5
8.6483,1.8E-5
8.6505,1.812E-5
8.6525,1.83E-5
8.6547,1.85E-5
8.6563,1.85E-5
8.6583,1.858E-5
8.6608,1.866E-5
8.6625,1.884E-5
8.6644,1.882E-5
8.6666,1.88E-5
8.6686,1.896E-5
8.6702,1.884E-5
8.6724,1.886E-5
8.6744,1.924E-5
8.6765,1.908E-5
8.6782,1.922E-5
8.6802,1.936E-5
8.6824,1.95E-5
8.6844,1.954E-5
8.6869,1.956E-5
8.6893,1.97E-5
8.691,1.972E-5
8.6931,1.986E-5
8.6951,1.986E-5
8.6973,2.006E-5
8.6989,2.01E-5
8.7009,2.002E-5
8.7031,2.008E-5
8.7051,2.012E-5
8.7075,2E-5
8.7098,2.024E-5
8.712,2.036E-5
8.7139,2.022E-5
8.7158,2.028E-5
8.7175,2.056E-5
8.72,2.06E-5
8.7223,2.062E-5
8.7244,2.062E-5
8.7266,2.064E-5
8.7293,2.072E-5
8.7314,2.084E-5
8.7331,2.088E-5
8.7354,2.102E-5
8.7375,2.094E-5
8.7398,2.098E-5
8.7415,2.102E-5
8.7436,2.102E-5
8.7456,2.102E-5
8.7481,2.126E-5
8.7512,2.116E-5
8.7537,2.124E-5
8.7554,2.15E-5
8.7579,2.14E-5
8.7599,2.148E-5
8.762,2.146E-5
8.764,2.162E-5
8.7658,2.158E-5
8.7679,2.142E-5
8.7699,2.142E-5
8.7721,2.14E-5
8.7741,2.166E-5
8.7762,2.154E-5
8.7782,2.144E-5
8.7798,2.16E-5
8.782,2.178E-5
8.784,2.174E-5
8.7861,2.162E-5
8.7881,2.168E-5
8.7906,2.18E-5
8.7927,2.188E-5
8.7947,2.18E-5
8.7969,2.172E-5
8.7986,2.164E-5
8.8005,2.166E-5
8.8027,2.164E-5
8.8047,2.166E-5
8.8063,2.168E-5
8.8084,2.16E-5
8.8105,2.166E-5
8.8126,2.158E-5
8.8142,2.164E-5
8.8167,2.152E-5
8.8187,2.164E-5
8.8209,2.156E-5
8.8229,2.156E-5
8.8245,2.164E-5
8.8267,2.166E-5
8.8287,2.168E-5
8.8307,2.146E-5
8.8323,2.146E-5
8.8345,2.132E-5
8.8365,2.136E-5
8.8386,2.15E-5
8.8406,2.144E-5
8.8423,2.134E-5
8.8445,2.14E-5
8.8464,2.152E-5
8.8486,2.14E-5
8.8503,2.13E-5
8.8523,2.138E-5
8.8544,2.11E-5
8.8564,2.108E-5
8.8585,2.118E-5
8.8605,2.12E-5
8.863,2.122E-5
8.8647,2.12E-5
8.8669,2.102E-5
8.8688,2.09E-5
8.871,2.098E-5
8.8727,2.098E-5
8.8747,2.094E-5
8.8768,2.082E-5
8.8788,2.068E-5
8.8805,2.054E-5
8.8831,2.066E-5
8.8852,2.054E-5
8.8872,2.05E-5
8.8901,2.046E-5
8.8921,2.04E-5
8.8938,2.036E-5
8.896,2.026E-5
8.8979,2.03E-5
8.9001,2.026E-5
8.9018,2.024E-5
8.9038,2.008E-5
8.9059,1.998E-5
8.9079,2.002E-5
8.91,1.984E-5
8.912,1.978E-5
8.9137,1.962E-5
8.9157,1.958E-5
8.9178,1.958E-5
8.9198,1.962E-5
8.9215,1.952E-5
8.9236,1.934E-5
8.9256,1.94E-5
8.9273,1.93E-5
8.9301,1.926E-5
8.9324,1.918E-5
8.9344,1.906E-5
8.936,1.9E-5
8.9385,1.914E-5
8.9405,1.892E-5
8.9426,1.86E-5
8.9447,1.87E-5
8.9463,1.858E-5
8.9489,1.842E-5
8.951,1.85E-5
8.953,1.83E-5
8.9547,1.836E-5
8.9568,1.814E-5
8.9588,1.8E-5
8.9608,1.81E-5
8.9629,1.796E-5
8.965,1.798E-5
8.9666,1.776E-5
8.9687,1.762E-5
8.9709,1.748E-5
8.9729,1.756E-5
8.975,1.772E-5
8.9767,1.748E-5
8.9787,1.742E-5
8.9808,1.718E-5
8.9829,1.72E-5
8.985,1.712E-5
8.9869,1.688E-5
8.9886,1.69E-5
8.9908,1.68E-5
8.9927,1.682E-5
8.9949,1.68E-5
8.9969,1.678E-5
8.999,1.662E-5
9.001,1.634E-5
9.0035,1.65E-5
9.0052,1.644E-5
9.0073,1.624E-5
9.0093,1.626E-5
9.0114,1.612E-5
9.0134,1.602E-5
9.0152,1.598E-5
9.0172,1.594E-5
9.0192,1.602E-5
9.0213,1.592E-5
9.0234,1.578E-5
9.0256,1.568E-5
9.0271,1.55E-5
9.0292,1.55E-5
9.0311,1.534E-5
9.0334,1.516E-5
9.035,1.524E-5
9.037,1.522E-5
9.0392,1.526E-5
9.0412,1.528E-5
9.0433,1.512E-5
9.045,1.506E-5
9.047,1.498E-5
9.0492,1.51E-5
9.0512,1.486E-5
9.0529,1.476E-5
9.0549,1.482E-5
9.057,1.46E-5
9.0595,1.464E-5
9.0616,1.452E-5
9.0632,1.45E-5
9.0653,1.424E-5
9.0673,1.438E-5
9.0693,1.448E-5
9.0711,1.434E-5
9.0731,1.448E-5
9.0752,1.432E-5
9.0772,1.424E-5
9.0797,1.426E-5
9.0823,1.432E-5
9.0843,1.412E-5
9.0859,1.422E-5
9.088,1.41E-5
9.0901,1.4E-5
9.0926,1.406E-5
9.0942,1.398E-5
9.0963,1.402E-5
9.0985,1.4E-5
9.1008,1.392E-5
9.1033,1.388E-5
9.1058,1.382E-5
9.1076,1.398E-5
9.1096,1.394E-5
9.1117,1.384E-5
9.1137,1.38E-5
9.1158,1.37E-5
9.1175,1.38E-5
9.1195,1.394E-5
9.1216,1.392E-5
9.1241,1.392E-5
9.1261,1.394E-5
9.1282,1.396E-5
9.1304,1.394E-5
9.132,1.404E-5
9.1341,1.406E-5
9.1362,1.428E-5
9.1386,1.416E-5
9.1403,1.416E-5
9.1424,1.426E-5
9.1445,1.406E-5
9.1464,1.418E-5
9.1485,1.428E-5
9.1506,1.416E-5
9.1527,1.422E-5
9.1547,1.426E-5
9.1568,1.434E-5
9.1589,1.442E-5
9.1606,1.45E-5
9.1626,1.448E-5
9.1647,1.442E-5
9.1668,1.458E-5
9.1684,1.456E-5
9.1705,1.444E-5
9.173,1.458E-5
9.1751,1.476E-5
9.1772,1.486E-5
9.1793,1.468E-5
9.1809,1.468E-5
9.183,1.49E-5
9.185,1.506E-5
9.1872,1.516E-5
9.1888,1.514E-5
9.1909,1.52E-5
9.193,1.526E-5
9.1951,1.528E-5
9.1971,1.54E-5
9.1987,1.534E-5
9.2009,1.55E-5
9.2028,1.55E-5
9.2045,1.568E-5
9.2067,1.592E-5
9.2091,1.576E-5
9.2117,1.59E-5
9.2136,1.6E-5
9.2158,1.612E-5
9.2187,1.6E-5
9.2208,1.622E-5
9.2237,1.644E-5
9.2253,1.642E-5
9.2274,1.65E-5
9.2295,1.662E-5
9.2315,1.656E-5
9.2331,1.676E-5
9.2352,1.692E-5
9.2373,1.694E-5
9.2394,1.702E-5
9.2414,1.71E-5
9.244,1.734E-5
9.2455,1.748E-5
9.2477,1.744E-5
9.2497,1.758E-5
9.2518,1.748E-5
9.2539,1.758E-5
9.2555,1.774E-5
9.2577,1.768E-5
9.2597,1.782E-5
9.2622,1.8E-5
9.2643,1.814E-5
9.2663,1.816E-5
9.2684,1.826E-5
9.2701,1.842E-5
9.2722,1.856E-5
9.2742,1.866E-5
9.2763,1.858E-5
9.278,1.878E-5
9.28,1.888E-5
9.282,1.894E-5
9.2842,1.914E-5
9.2859,1.894E-5
9.2884,1.904E-5
9.2904,1.93E-5
9.2925,1.93E-5
9.295,1.942E-5
9.297,1.954E-5
9.2987,1.964E-5
9.3008,1.978E-5
9.3029,1.982E-5
9.3049,1.986E-5
9.307,2.002E-5
9.3086,2.01E-5
9.3112,2E-5
9.3132,2.03E-5
9.3152,2.036E-5
9.3172,2.046E-5
9.3193,2.036E-5
9.3215,2.052E-5
9.3235,2.044E-5
9.3256,2.062E-5
9.3273,2.08E-5
9.3293,2.078E-5
9.3313,2.084E-5
9.3334,2.09E-5
9.3351,2.116E-5
9.3372,2.11E-5
9.3392,2.108E-5
9.3413,2.11E-5
9.3438,2.124E-5
9.3458,2.136E-5
9.3479,2.124E-5
9.3503,2.14E-5
9.3524,2.14E-5
9.3546,2.138E-5
9.3567,2.146E-5
9.3587,2.172E-5
9.3608,2.182E-5
9.3628,2.172E-5
9.3646,2.176E-5
9.3666,2.178E-5
9.3691,2.192E-5
9.3716,2.194E-5
9.3736,2.196E-5
9.3758,2.208E-5
9.3782,2.222E-5
9.3811,2.25E-5
9.3836,2.22E-5
9.3861,2.228E-5
9.3886,2.244E-5
9.3907,2.24E-5
9.3927,2.25E-5
9.3948,2.272E-5
9.3965,2.25E-5
9.3985,2.27E-5
9.4006,2.266E-5
9.4026,2.254E-5
9.4043,2.266E-5
9.4064,2.278E-5
9.4084,2.278E-5
9.4105,2.272E-5
9.4126,2.27E-5
9.4142,2.284E-5
9.4163,2.278E-5
9.4183,2.268E-5
9.4203,2.276E-5
9.4221,2.278E-5
9.4241,2.292E-5
9.4263,2.306E-5
9.4284,2.292E-5
9.43,2.298E-5
9.432,2.276E-5
9.4341,2.284E-5
9.4362,2.286E-5
9.4379,2.302E-5
9.4409,2.298E-5
9.4429,2.296E-5
9.445,2.304E-5
9.447,2.298E-5
9.4491,2.302E-5
9.4511,2.294E-5
9.4528,2.286E-5
9.4549,2.288E-5
9.4569,2.292E-5
9.4591,2.312E-5
9.4611,2.306E-5
9.4636,2.286E-5
9.4656,2.308E-5
9.4677,2.302E-5
9.4695,2.316E-5
9.4715,2.304E-5
9.4736,2.302E-5
9.4757,2.296E-5
9.4778,2.284E-5
9.4798,2.284E-5
9.482,2.28E-5
9.484,2.28E-5
9.4865,2.26E-5
9.4885,2.26E-5
9.4902,2.278E-5
9.4923,2.276E-5
9.4944,2.286E-5
9.4964,2.272E-5
9.4981,2.27E-5
9.5002,2.26E-5
9.5023,2.26E-5
9.5043,2.26E-5
9.5059,2.278E-5
9.508,2.262E-5
9.5102,2.254E-5
9.5127,2.236E-5
9.5142,2.226E-5
9.5168,2.232E-5
9.5193,2.24E-5
9.5214,2.236E-5
9.5234,2.236E-5
9.5254,2.226E-5
9.5276,2.21E-5
9.5292,2.216E-5
9.5313,2.218E-5
9.5333,2.204E-5
9.5353,2.196E-5
9.537,2.206E-5
9.5392,2.192E-5
9.5413,2.186E-5
9.5429,2.178E-5
9.5449,2.18E-5
9.547,2.164E-5
9.5492,2.164E-5
9.5512,2.156E-5
9.5529,2.164E-5
9.5549,2.162E-5
9.5569,2.14E-5
9.559,2.134E-5
9.5611,2.116E-5
9.5631,2.11E-5
9.5652,2.104E-5
9.5669,2.11E-5
9.5689,2.126E-5
9.571,2.104E-5
9.573,2.096E-5
9.5747,2.1E-5
9.5768,2.078E-5
9.5789,2.096E-5
9.5813,2.086E-5
9.5838,2.054E-5
9.5859,2.052E-5
9.588,2.04E-5
9.59,2.026E-5
9.5918,2.034E-5
9.5937,2.03E-5
9.5959,1.996E-5
9.598,2.004E-5
9.5996,1.998E-5
9.6016,1.988E-5
9.6042,1.988E-5
9.6066,1.97E-5
9.6088,1.966E-5
9.6108,1.946E-5
9.6129,1.946E-5
9.6149,1.938E-5
9.617,1.934E-5
9.6191,1.932E-5
9.6211,1.912E-5
9.6228,1.91E-5
9.6249,1.898E-5
9.6269,1.884E-5
9.6291,1.88E-5
9.6307,1.874E-5
9.6327,1.87E-5
9.6348,1.866E-5
9.6369,1.856E-5
9.6385,1.856E-5
9.641,1.832E-5
9.6431,1.822E-5
9.6451,1.812E-5
9.6469,1.814E-5
9.6489,1.79E-5
9.6509,1.79E-5
9.653,1.804E-5
9.6556,1.766E-5
9.658,1.76E-5
9.6606,1.738E-5
9.6626,1.744E-5
9.6647,1.734E-5
9.6672,1.714E-5
9.6692,1.712E-5
9.6717,1.702E-5
9.6738,1.718E-5
9.6755,1.7E-5
9.6775,1.682E-5
9.6795,1.682E-5
9.6817,1.668E-5
9.6834,1.662E-5
9.6854,1.644E-5
9.6874,1.636E-5
9.6896,1.622E-5
9.6912,1.598E-5
9.6933,1.618E-5
9.6954,1.612E-5
9.6979,1.606E-5
9.7,1.594E-5
9.7016,1.58E-5
9.7037,1.588E-5
9.7057,1.576E-5
9.7077,1.56E-5
9.7094,1.538E-5
9.7116,1.536E-5
9.7136,1.534E-5
9.7161,1.524E-5
9.7181,1.526E-5
9.7203,1.498E-5
9.7222,1.51E-5
9.7243,1.496E-5
9.7264,1.488E-5
9.7286,1.484E-5
9.7306,1.468E-5
9.7331,1.474E-5
9.7357,1.444E-5
9.7373,1.438E-5
9.7399,1.45E-5
9.7423,1.434E-5
9.7444,1.424E-5
9.746,1.414E-5
9.7482,1.434E-5
9.7502,1.418E-5
9.7522,1.406E-5
9.7537,1.404E-5
9.756,1.396E-5
9.7581,1.388E-5
9.7601,1.388E-5
9.7618,1.386E-5
9.7637,1.376E-5
9.7659,1.358E-5
9.768,1.368E-5
9.7697,1.358E-5
9.7717,1.354E-5
9.7743,1.354E-5
9.7763,1.346E-5
9.778,1.344E-5
9.78,1.342E-5
9.7821,1.338E-5
9.7842,1.344E-5
9.7859,1.336E-5
9.7883,1.336E-5
9.7904,1.316E-5
9.7926,1.314E-5
9.7946,1.322E-5
9.7966,1.306E-5
9.7984,1.324E-5
9.8004,1.316E-5
9.8025,1.314E-5
9.8046,1.326E-5
9.8063,1.318E-5
9.8083,1.316E-5
9.8113,1.312E-5
9.8129,1.304E-5
9.8154,1.312E-5
9.8175,1.322E-5
9.8195,1.318E-5
9.8216,1.298E-5
9.8233,1.326E-5
9.8253,1.326E-5
9.8275,1.316E-5
9.8294,1.314E-5
9.8312,1.324E-5
9.8332,1.318E-5
9.8353,1.314E-5
9.8373,1.318E-5
9.8394,1.316E-5
9.8411,1.332E-5
9.8431,1.33E-5
9.8452,1.342E-5
9.8473,1.338E-5
9.849,1.356E-5
9.851,1.34E-5
9.853,1.342E-5
9.8552,1.336E-5
9.8569,1.344E-5
9.8589,1.34E-5
9.861,1.34E-5
9.863,1.36E-5
9.8647,1.362E-5
9.8668,1.374E-5
9.8693,1.368E-5
9.8718,1.372E-5
9.8738,1.404E-5
9.8759,1.396E-5
9.8788,1.4E-5
9.8809,1.414E-5
9.8829,1.418E-5
9.8851,1.418E-5
9.8872,1.43E-5
9.8888,1.446E-5
9.8908,1.434E-5
9.8929,1.44E-5
9.895,1.448E-5
9.8966,1.446E-5
9.8988,1.468E-5
9.9008,1.47E-5
9.9033,1.48E-5
9.905,1.488E-5
9.9075,1.484E-5
9.9091,1.498E-5
9.9111,1.52E-5
9.9133,1.534E-5
9.9157,1.534E-5
9.9178,1.534E-5
9.9195,1.538E-5
9.9215,1.546E-5
9.924,1.558E-5
9.9261,1.568E-5
9.9281,1.582E-5
9.9299,1.588E-5
9.9319,1.592E-5
9.934,1.614E-5
9.9361,1.628E-5
9.9385,1.632E-5
9.9402,1.638E-5
9.9426,1.64E-5
9.9448,1.66E-5
9.9468,1.664E-5
9.9485,1.672E-5
9.9506,1.664E-5
9.9525,1.68E-5
9.9546,1.69E-5
9.9563,1.714E-5
9.9587,1.716E-5
9.9609,1.74E-5
9.9629,1.746E-5
9.9646,1.744E-5
9.9668,1.77E-5
9.9688,1.774E-5
9.9703,1.782E-5
9.973,1.794E-5
9.9749,1.798E-5
9.977,1.804E-5
9.9787,1.818E-5
9.9808,1.832E-5
9.9829,1.84E-5
9.985,1.828E-5
9.9866,1.842E-5
9.9887,1.856E-5
9.9908,1.872E-5
9.9928,1.89E-5
9.995,1.894E-5
9.997,1.914E-5
9.999,1.924E-5
10.0003,1.918E-5
