5E-4,1.647E-5
6E-4,1.653E-5
0.0013,1.68E-5
0.0023,1.666E-5
0.0034,1.651E-5
0.0047,1.667E-5
0.0059,1.667E-5
0.0072,1.67E-5
0.0089,1.659E-5
0.0104,1.67E-5
0.0121,1.669E-5
0.0136,1.664E-5
0.0155,1.662E-5
0.017,1.661E-5
0.0186,1.671E-5
0.0205,1.659E-5
0.022,1.657E-5
0.0241,1.658E-5
0.0256,1.667E-5
0.0273,1.67E-5
0.0292,1.668E-5
0.0308,1.665E-5
0.0324,1.663E-5
0.0345,1.666E-5
0.0361,1.662E-5
0.0381,1.676E-5
0.0387,1.68E-5
0.0406,1.667E-5
0.043,1.657E-5
0.0447,1.656E-5
0.0465,1.662E-5
0.0486,1.658E-5
0.0503,1.661E-5
0.0524,1.682E-5
0.0541,1.676E-5
0.0561,1.676E-5
0.0578,1.663E-5
0.0595,1.663E-5
0.0617,1.673E-5
0.0633,1.675E-5
0.065,1.666E-5
0.0661,1.669E-5
0.0679,1.665E-5
0.0703,1.654E-5
0.0721,1.665E-5
0.0739,1.659E-5
0.0759,1.662E-5
0.0777,1.666E-5
0.0793,1.647E-5
0.0815,1.666E-5
0.0832,1.672E-5
0.0852,1.657E-5
0.0869,1.66E-5
0.0884,1.661E-5
0.0897,1.66E-5
0.0916,1.657E-5
0.0934,1.646E-5
0.0958,1.658E-5
0.0974,1.659E-5
0.0992,1.664E-5
0.1012,1.674E-5
0.1029,1.66E-5
0.1051,1.665E-5
0.1067,1.667E-5
0.1088,1.671E-5
0.11,1.658E-5
0.1118,1.661E-5
0.1141,1.664E-5
0.1158,1.672E-5
0.1176,1.681E-5
0.1196,1.68E-5
0.1213,1.676E-5
0.1229,1.66E-5
0.1251,1.666E-5
0.1267,1.668E-5
0.1288,1.668E-5
0.1304,1.66E-5
0.1321,1.674E-5
0.1342,1.678E-5
0.1358,1.669E-5
0.1356,1.679E-5
0.1383,1.679E-5
0.1403,1.674E-5
0.1421,1.66E-5
0.1444,1.658E-5
0.1463,1.654E-5
0.148,1.653E-5
0.1501,1.66E-5
0.1518,1.665E-5
0.1539,1.659E-5
0.1557,1.653E-5
0.1574,1.662E-5
0.1593,1.663E-5
0.1611,1.656E-5
0.1627,1.663E-5
0.1648,1.663E-5
0.1664,1.669E-5
0.1686,1.659E-5
0.1701,1.668E-5
0.1719,1.665E-5
0.1739,1.66E-5
0.1755,1.661E-5
0.1772,1.663E-5
0.1793,1.658E-5
0.181,1.654E-5
0.1826,1.661E-5
0.1846,1.661E-5
0.1863,1.66E-5
0.1884,1.668E-5
0.1901,1.677E-5
0.1917,1.664E-5
0.1937,1.659E-5
0.1954,1.671E-5
0.1975,1.69E-5
0.1992,1.678E-5
0.2008,1.678E-5
0.2028,1.656E-5
0.2028,1.637E-5
0.2056,1.639E-5
0.2075,1.656E-5
0.2093,1.657E-5
0.2114,1.676E-5
0.2133,1.671E-5
0.215,1.661E-5
0.2173,1.652E-5
0.219,1.647E-5
0.2207,1.651E-5
0.2228,1.645E-5
0.2236,1.648E-5
0.2255,1.656E-5
0.2279,1.659E-5
0.2296,1.669E-5
0.2317,1.665E-5
0.2334,1.658E-5
0.2351,1.657E-5
0.2372,1.673E-5
0.2388,1.674E-5
0.2407,1.658E-5
0.2427,1.657E-5
0.2444,1.673E-5
0.246,1.667E-5
0.2482,1.675E-5
0.2499,1.666E-5
0.2518,1.671E-5
0.2535,1.674E-5
0.2551,1.668E-5
0.2571,1.666E-5
0.2588,1.676E-5
0.2604,1.672E-5
0.2626,1.656E-5
0.2642,1.646E-5
0.266,1.66E-5
0.268,1.669E-5
0.2695,1.68E-5
0.2718,1.672E-5
0.2733,1.663E-5
0.2751,1.668E-5
0.277,1.667E-5
0.2786,1.677E-5
0.2803,1.664E-5
0.2824,1.652E-5
0.2842,1.677E-5
0.2861,1.685E-5
0.2877,1.677E-5
0.2894,1.683E-5
0.2915,1.681E-5
0.2916,1.681E-5
0.2937,1.667E-5
0.296,1.673E-5
0.298,1.679E-5
0.2998,1.661E-5
0.3021,1.655E-5
0.3038,1.645E-5
0.3059,1.65E-5
0.3077,1.667E-5
0.3094,1.676E-5
0.3116,1.656E-5
0.3133,1.66E-5
0.315,1.663E-5
0.3167,1.679E-5
0.3187,1.679E-5
0.3203,1.674E-5
0.3224,1.672E-5
0.3242,1.664E-5
0.3258,1.662E-5
0.3278,1.67E-5
0.3294,1.654E-5
0.3307,1.645E-5
0.3326,1.661E-5
0.3344,1.66E-5
0.3365,1.666E-5
0.3382,1.679E-5
0.34,1.668E-5
0.342,1.67E-5
0.3438,1.667E-5
0.346,1.671E-5
0.3476,1.68E-5
0.3493,1.678E-5
0.351,1.658E-5
0.3528,1.657E-5
0.355,1.657E-5
0.3567,1.657E-5
0.3584,1.653E-5
0.3604,1.664E-5
0.3621,1.667E-5
0.3637,1.662E-5
0.366,1.669E-5
0.3676,1.677E-5
0.3693,1.67E-5
0.3713,1.669E-5
0.3728,1.651E-5
0.3751,1.656E-5
0.3767,1.673E-5
0.3784,1.679E-5
0.3804,1.679E-5
0.3798,1.675E-5
0.3822,1.667E-5
0.3848,1.67E-5
0.3867,1.664E-5
0.3889,1.664E-5
0.3906,1.652E-5
0.3925,1.666E-5
0.3947,1.677E-5
0.3965,1.659E-5
0.3986,1.658E-5
0.4002,1.677E-5
0.4019,1.668E-5
0.4041,1.658E-5
0.4058,1.658E-5
0.4078,1.657E-5
0.4095,1.662E-5
0.4102,1.65E-5
0.4125,1.655E-5
0.4143,1.657E-5
0.4161,1.666E-5
0.4183,1.67E-5
0.4201,1.67E-5
0.4218,1.669E-5
0.4238,1.662E-5
0.4255,1.675E-5
0.4277,1.677E-5
0.4293,1.668E-5
0.431,1.663E-5
0.433,1.662E-5
0.4347,1.66E-5
0.4364,1.652E-5
0.4374,1.661E-5
0.4393,1.653E-5
0.4416,1.65E-5
0.4434,1.666E-5
0.4452,1.667E-5
0.4473,1.663E-5
0.449,1.675E-5
0.4508,1.678E-5
0.4528,1.668E-5
0.4545,1.673E-5
0.4567,1.671E-5
0.4583,1.673E-5
0.46,1.665E-5
0.4615,1.675E-5
0.4632,1.67E-5
0.4651,1.659E-5
0.4672,1.647E-5
0.4688,1.64E-5
0.471,1.664E-5
0.4727,1.675E-5
0.4744,1.668E-5
0.4765,1.671E-5
0.4781,1.68E-5
0.4803,1.67E-5
0.4819,1.664E-5
0.4836,1.658E-5
0.4856,1.657E-5
0.4873,1.651E-5
0.4894,1.659E-5
0.491,1.655E-5
0.4928,1.653E-5
0.4948,1.677E-5
0.4964,1.673E-5
0.4981,1.671E-5
0.5002,1.674E-5
0.5019,1.655E-5
0.5039,1.663E-5
0.5056,1.666E-5
0.5072,1.677E-5
0.5088,1.661E-5
0.5107,1.654E-5
0.5128,1.66E-5
0.5145,1.651E-5
0.5162,1.645E-5
0.5183,1.644E-5
0.52,1.656E-5
0.5196,1.667E-5
0.5224,1.661E-5
0.5244,1.675E-5
0.5266,1.67E-5
0.5285,1.662E-5
0.5302,1.664E-5
0.5326,1.654E-5
0.5344,1.657E-5
0.5361,1.661E-5
0.5382,1.664E-5
0.5399,1.66E-5
0.5421,1.664E-5
0.5438,1.649E-5
0.5454,1.664E-5
0.5475,1.672E-5
0.5492,1.662E-5
0.5513,1.664E-5
0.553,1.654E-5
0.5546,1.667E-5
0.5566,1.667E-5
0.5583,1.656E-5
0.5599,1.66E-5
0.562,1.656E-5
0.5636,1.655E-5
0.5657,1.657E-5
0.5674,1.673E-5
0.569,1.656E-5
0.5712,1.669E-5
0.5719,1.669E-5
0.5744,1.657E-5
0.5762,1.654E-5
0.578,1.669E-5
0.5802,1.675E-5
0.5818,1.673E-5
0.5836,1.67E-5
0.5856,1.656E-5
0.5873,1.659E-5
0.5894,1.66E-5
0.591,1.656E-5
0.5927,1.677E-5
0.5941,1.669E-5
0.596,1.652E-5
0.5982,1.657E-5
0.6,1.651E-5
0.6017,1.651E-5
0.6038,1.657E-5
0.6056,1.665E-5
0.6076,1.671E-5
0.6093,1.664E-5
0.611,1.65E-5
0.6131,1.664E-5
0.6148,1.667E-5
0.6168,1.665E-5
0.6185,1.657E-5
0.6201,1.667E-5
0.6223,1.666E-5
0.624,1.663E-5
0.6256,1.66E-5
0.6277,1.67E-5
0.6293,1.664E-5
0.6314,1.649E-5
0.632,1.659E-5
0.6336,1.668E-5
0.6361,1.669E-5
0.6379,1.664E-5
0.6402,1.657E-5
0.6419,1.679E-5
0.6436,1.679E-5
0.6457,1.665E-5
0.6474,1.674E-5
0.6492,1.672E-5
0.6513,1.664E-5
0.6529,1.675E-5
0.6551,1.665E-5
0.6567,1.655E-5
0.6584,1.668E-5
0.6605,1.654E-5
0.6622,1.651E-5
0.6643,1.664E-5
0.6659,1.657E-5
0.6676,1.654E-5
0.6697,1.655E-5
0.6714,1.659E-5
0.6734,1.657E-5
0.675,1.661E-5
0.6766,1.665E-5
0.6787,1.665E-5
0.6804,1.653E-5
0.682,1.668E-5
0.6841,1.666E-5
0.6858,1.67E-5
0.6878,1.67E-5
0.6895,1.652E-5
0.6911,1.651E-5
0.6932,1.654E-5
0.6949,1.67E-5
0.6969,1.675E-5
0.6985,1.672E-5
0.7002,1.658E-5
0.7023,1.653E-5
0.704,1.646E-5
0.706,1.666E-5
0.7077,1.655E-5
0.7094,1.666E-5
0.7115,1.684E-5
0.7117,1.66E-5
0.7143,1.653E-5
0.7162,1.66E-5
0.7181,1.663E-5
0.7203,1.666E-5
0.7221,1.654E-5
0.7238,1.644E-5
0.7259,1.649E-5
0.7276,1.665E-5
0.7293,1.662E-5
0.7314,1.672E-5
0.7331,1.666E-5
0.7352,1.681E-5
0.7368,1.664E-5
0.739,1.658E-5
0.7405,1.657E-5
0.7422,1.655E-5
0.7444,1.651E-5
0.7461,1.661E-5
0.7477,1.652E-5
0.7498,1.65E-5
0.7514,1.666E-5
0.7535,1.673E-5
0.7552,1.67E-5
0.7568,1.662E-5
0.7589,1.665E-5
0.7605,1.654E-5
0.7621,1.664E-5
0.7642,1.661E-5
0.7658,1.657E-5
0.7678,1.656E-5
0.7696,1.651E-5
0.7712,1.67E-5
0.7733,1.67E-5
0.7749,1.666E-5
0.7769,1.67E-5
0.7786,1.68E-5
0.7802,1.66E-5
0.7825,1.658E-5
0.7832,1.672E-5
0.7852,1.662E-5
0.7874,1.669E-5
0.7891,1.675E-5
0.791,1.673E-5
0.793,1.691E-5
0.7947,1.674E-5
0.797,1.66E-5
0.7986,1.659E-5
0.8008,1.649E-5
0.8024,1.667E-5
0.8041,1.66E-5
0.8061,1.648E-5
0.8077,1.675E-5
0.8094,1.67E-5
0.8115,1.657E-5
0.8132,1.672E-5
0.8149,1.676E-5
0.8169,1.659E-5
0.8186,1.675E-5
0.8202,1.672E-5
0.8222,1.656E-5
0.8239,1.653E-5
0.8255,1.67E-5
0.8276,1.656E-5
0.8293,1.662E-5
0.8309,1.668E-5
0.8329,1.669E-5
0.8346,1.66E-5
0.8363,1.665E-5
0.8385,1.667E-5
0.8402,1.673E-5
0.8418,1.678E-5
0.8438,1.664E-5
0.8455,1.67E-5
0.8475,1.672E-5
0.8493,1.661E-5
0.8508,1.64E-5
0.8528,1.658E-5
0.8546,1.662E-5
0.8567,1.657E-5
0.8584,1.666E-5
0.86,1.66E-5
0.862,1.659E-5
0.8637,1.648E-5
0.8658,1.65E-5
0.8675,1.664E-5
0.8691,1.662E-5
0.8711,1.667E-5
0.8728,1.676E-5
0.8744,1.677E-5
0.8766,1.67E-5
0.8782,1.68E-5
0.88,1.657E-5
0.882,1.656E-5
0.8837,1.659E-5
0.8856,1.659E-5
0.8873,1.663E-5
0.8894,1.675E-5
0.8911,1.671E-5
0.8927,1.663E-5
0.8949,1.658E-5
0.8965,1.656E-5
0.8985,1.65E-5
0.9002,1.652E-5
0.9019,1.658E-5
0.9039,1.664E-5
0.9056,1.661E-5
0.9072,1.66E-5
0.9094,1.652E-5
0.911,1.664E-5
0.9132,1.666E-5
0.9149,1.663E-5
0.9166,1.654E-5
0.9185,1.651E-5
0.9202,1.648E-5
0.9223,1.657E-5
0.924,1.656E-5
0.9256,1.67E-5
0.9277,1.677E-5
0.9293,1.665E-5
0.9315,1.665E-5
0.9332,1.671E-5
0.9349,1.668E-5
0.9369,1.672E-5
0.9385,1.659E-5
0.9406,1.652E-5
0.9423,1.662E-5
0.9439,1.654E-5
0.9459,1.657E-5
0.9476,1.666E-5
0.9493,1.673E-5
0.9514,1.667E-5
0.953,1.656E-5
0.9552,1.659E-5
0.9568,1.672E-5
0.9585,1.658E-5
0.9606,1.657E-5
0.9621,1.672E-5
0.9642,1.659E-5
0.9659,1.669E-5
0.9675,1.658E-5
0.9697,1.659E-5
0.9714,1.648E-5
0.9734,1.651E-5
0.9751,1.67E-5
0.9771,1.668E-5
0.9788,1.663E-5
0.9804,1.664E-5
0.9826,1.663E-5
0.9842,1.677E-5
0.986,1.677E-5
0.988,1.668E-5
0.9895,1.663E-5
0.9917,1.655E-5
0.9933,1.654E-5
0.995,1.674E-5
0.9971,1.661E-5
0.9988,1.645E-5
1.0008,1.647E-5
1.0025,1.658E-5
1.0041,1.664E-5
1.0062,1.664E-5
1.0079,1.658E-5
1.0095,1.663E-5
1.0115,1.667E-5
1.0132,1.661E-5
1.0153,1.651E-5
1.017,1.66E-5
1.018,1.667E-5
1.0203,1.658E-5
1.0221,1.657E-5
1.0239,1.661E-5
1.0261,1.665E-5
1.0278,1.662E-5
1.0298,1.653E-5
1.0315,1.658E-5
1.0331,1.663E-5
1.0353,1.66E-5
1.0369,1.649E-5
1.0386,1.661E-5
1.0407,1.656E-5
1.0424,1.654E-5
1.0445,1.655E-5
1.046,1.67E-5
1.0478,1.664E-5
1.0497,1.661E-5
1.0515,1.658E-5
1.0531,1.665E-5
1.0551,1.669E-5
1.0568,1.67E-5
1.0589,1.661E-5
1.0607,1.666E-5
1.0623,1.68E-5
1.0643,1.668E-5
1.0659,1.657E-5
1.0676,1.664E-5
1.0697,1.66E-5
1.0713,1.65E-5
1.0735,1.667E-5
1.0751,1.669E-5
1.0768,1.664E-5
1.0788,1.676E-5
1.0804,1.663E-5
1.0825,1.667E-5
1.0842,1.676E-5
1.0858,1.669E-5
1.0879,1.664E-5
1.0895,1.666E-5
1.0917,1.676E-5
1.0934,1.664E-5
1.095,1.654E-5
1.097,1.673E-5
1.0987,1.678E-5
1.1003,1.659E-5
1.1024,1.663E-5
1.1041,1.663E-5
1.1061,1.665E-5
1.1078,1.666E-5
1.1094,1.668E-5
1.1116,1.66E-5
1.1133,1.656E-5
1.1153,1.671E-5
1.117,1.683E-5
1.1186,1.686E-5
1.1206,1.681E-5
1.1224,1.663E-5
1.1243,1.657E-5
1.126,1.661E-5
1.1276,1.654E-5
1.1297,1.659E-5
1.1314,1.66E-5
1.1331,1.651E-5
1.1353,1.657E-5
1.1368,1.665E-5
1.139,1.657E-5
1.1406,1.657E-5
1.1423,1.656E-5
1.1443,1.65E-5
1.1459,1.659E-5
1.1476,1.671E-5
1.1497,1.675E-5
1.1513,1.663E-5
1.1535,1.659E-5
1.1551,1.644E-5
1.1568,1.651E-5
1.1588,1.659E-5
1.1605,1.655E-5
1.1621,1.644E-5
1.1641,1.652E-5
1.1658,1.674E-5
1.168,1.663E-5
1.1697,1.66E-5
1.1713,1.665E-5
1.1734,1.656E-5
1.175,1.66E-5
1.1771,1.666E-5
1.1787,1.665E-5
1.1804,1.654E-5
1.1826,1.67E-5
1.1843,1.658E-5
1.1862,1.65E-5
1.1879,1.651E-5
1.1899,1.645E-5
1.1917,1.666E-5
1.1932,1.676E-5
1.1953,1.676E-5
1.1969,1.668E-5
1.1986,1.669E-5
1.2007,1.67E-5
1.2023,1.657E-5
1.2045,1.663E-5
1.2062,1.657E-5
1.2078,1.664E-5
1.2099,1.664E-5
1.2116,1.667E-5
1.2135,1.652E-5
1.2153,1.663E-5
1.217,1.671E-5
1.2191,1.669E-5
1.2207,1.663E-5
1.223,1.665E-5
1.2245,1.663E-5
1.2263,1.665E-5
1.2283,1.664E-5
1.23,1.665E-5
1.232,1.655E-5
1.2337,1.645E-5
1.2354,1.652E-5
1.2374,1.663E-5
1.239,1.661E-5
1.2408,1.656E-5
1.2429,1.651E-5
1.2446,1.663E-5
1.2467,1.657E-5
1.2483,1.66E-5
1.2503,1.676E-5
1.252,1.676E-5
1.2537,1.675E-5
1.2558,1.665E-5
1.2574,1.679E-5
1.2596,1.658E-5
1.2612,1.655E-5
1.2629,1.665E-5
1.2649,1.672E-5
1.2666,1.668E-5
1.2685,1.64E-5
1.2702,1.646E-5
1.2719,1.661E-5
1.274,1.648E-5
1.2757,1.653E-5
1.2777,1.648E-5
1.2794,1.637E-5
1.281,1.659E-5
1.2832,1.651E-5
1.2848,1.646E-5
1.2868,1.643E-5
1.2885,1.658E-5
1.2901,1.653E-5
1.2923,1.659E-5
1.294,1.646E-5
1.296,1.655E-5
1.2977,1.662E-5
1.2993,1.651E-5
1.3014,1.643E-5
1.3031,1.651E-5
1.3051,1.658E-5
1.3067,1.656E-5
1.3084,1.651E-5
1.3104,1.672E-5
1.3122,1.66E-5
1.3137,1.653E-5
1.316,1.657E-5
1.3175,1.657E-5
1.3192,1.65E-5
1.3214,1.65E-5
1.323,1.654E-5
1.3247,1.669E-5
1.3267,1.671E-5
1.3284,1.655E-5
1.3304,1.653E-5
1.3321,1.649E-5
1.3337,1.651E-5
1.3359,1.657E-5
1.3376,1.646E-5
1.3396,1.648E-5
1.3412,1.657E-5
1.3429,1.672E-5
1.345,1.666E-5
1.3467,1.655E-5
1.3487,1.662E-5
1.3505,1.661E-5
1.3521,1.668E-5
1.3541,1.67E-5
1.3558,1.664E-5
1.3579,1.649E-5
1.3595,1.662E-5
1.3611,1.677E-5
1.3631,1.67E-5
1.3648,1.661E-5
1.367,1.665E-5
1.3687,1.65E-5
1.3703,1.655E-5
1.3723,1.653E-5
1.3741,1.663E-5
1.376,1.657E-5
1.3777,1.659E-5
1.3793,1.666E-5
1.3815,1.656E-5
1.3832,1.652E-5
1.3848,1.655E-5
1.3869,1.659E-5
1.3885,1.667E-5
1.3906,1.662E-5
1.3923,1.655E-5
1.3939,1.654E-5
1.396,1.665E-5
1.3976,1.653E-5
1.3997,1.652E-5
1.4013,1.66E-5
1.403,1.661E-5
1.4051,1.651E-5
1.4067,1.654E-5
1.4089,1.66E-5
1.4105,1.66E-5
1.4122,1.656E-5
1.4142,1.656E-5
1.4159,1.653E-5
1.4179,1.658E-5
1.4195,1.67E-5
1.4212,1.674E-5
1.4234,1.664E-5
1.4251,1.66E-5
1.4267,1.656E-5
1.4287,1.667E-5
1.4304,1.664E-5
1.4325,1.658E-5
1.4341,1.655E-5
1.4363,1.649E-5
1.4379,1.651E-5
1.4396,1.645E-5
1.4416,1.648E-5
1.4433,1.653E-5
1.4454,1.651E-5
1.447,1.655E-5
1.4487,1.649E-5
1.4507,1.655E-5
1.4524,1.666E-5
1.4545,1.664E-5
1.4562,1.658E-5
1.4578,1.65E-5
1.4599,1.655E-5
1.4615,1.643E-5
1.4635,1.657E-5
1.4652,1.657E-5
1.4669,1.668E-5
1.469,1.662E-5
1.4706,1.67E-5
1.4727,1.655E-5
1.4744,1.639E-5
1.4761,1.649E-5
1.4782,1.666E-5
1.4798,1.664E-5
1.4818,1.643E-5
1.4835,1.651E-5
1.4852,1.653E-5
1.4872,1.66E-5
1.4889,1.659E-5
1.4909,1.675E-5
1.4927,1.666E-5
1.4948,1.662E-5
1.4964,1.66E-5
1.4981,1.665E-5
1.5002,1.659E-5
1.5019,1.64E-5
1.5039,1.631E-5
1.5057,1.649E-5
1.5077,1.656E-5
1.5092,1.667E-5
1.5109,1.656E-5
1.5131,1.666E-5
1.5145,1.673E-5
1.5163,1.657E-5
1.5184,1.671E-5
1.5201,1.664E-5
1.5222,1.666E-5
1.5239,1.655E-5
1.5256,1.658E-5
1.5275,1.654E-5
1.5293,1.655E-5
1.5309,1.663E-5
1.5331,1.664E-5
1.5348,1.663E-5
1.5363,1.661E-5
1.5384,1.653E-5
1.5402,1.657E-5
1.5418,1.661E-5
1.5438,1.666E-5
1.5455,1.647E-5
1.5476,1.647E-5
1.5493,1.651E-5
1.5509,1.66E-5
1.5529,1.643E-5
1.5547,1.653E-5
1.5564,1.665E-5
1.5584,1.667E-5
1.56,1.665E-5
1.5622,1.657E-5
1.5638,1.654E-5
1.5654,1.664E-5
1.5675,1.653E-5
1.5692,1.652E-5
1.5712,1.64E-5
1.5729,1.638E-5
1.5749,1.646E-5
1.5767,1.651E-5
1.5782,1.642E-5
1.5804,1.651E-5
1.582,1.655E-5
1.5842,1.656E-5
1.5858,1.657E-5
1.5878,1.653E-5
1.5896,1.651E-5
1.5911,1.651E-5
1.5931,1.651E-5
1.5949,1.659E-5
1.597,1.648E-5
1.5987,1.675E-5
1.6007,1.661E-5
1.6023,1.656E-5
1.604,1.657E-5
1.6061,1.669E-5
1.6077,1.644E-5
1.6098,1.641E-5
1.6114,1.652E-5
1.6132,1.679E-5
1.6152,1.667E-5
1.6169,1.643E-5
1.619,1.664E-5
1.6205,1.648E-5
1.6222,1.644E-5
1.6243,1.654E-5
1.6261,1.657E-5
1.628,1.65E-5
1.6296,1.653E-5
1.6319,1.67E-5
1.6335,1.664E-5
1.6355,1.651E-5
1.6372,1.653E-5
1.6389,1.648E-5
1.641,1.652E-5
1.6426,1.655E-5
1.6446,1.639E-5
1.6464,1.636E-5
1.648,1.661E-5
1.6501,1.656E-5
1.6517,1.642E-5
1.6537,1.647E-5
1.6555,1.65E-5
1.6575,1.629E-5
1.6592,1.651E-5
1.6609,1.674E-5
1.6629,1.657E-5
1.665,1.643E-5
1.6666,1.657E-5
1.6684,1.665E-5
1.6704,1.648E-5
1.6721,1.647E-5
1.6741,1.646E-5
1.6758,1.634E-5
1.6774,1.65E-5
1.6795,1.656E-5
1.6813,1.655E-5
1.6833,1.656E-5
1.6848,1.651E-5
1.687,1.653E-5
1.6886,1.659E-5
1.6903,1.652E-5
1.6924,1.659E-5
1.694,1.665E-5
1.6961,1.664E-5
1.6977,1.66E-5
1.7,1.642E-5
1.7015,1.658E-5
1.7031,1.658E-5
1.7053,1.656E-5
1.7068,1.644E-5
1.7086,1.651E-5
1.7106,1.665E-5
1.7121,1.676E-5
1.7143,1.663E-5
1.716,1.657E-5
1.7181,1.645E-5
1.7197,1.657E-5
1.7214,1.651E-5
1.7234,1.662E-5
1.7251,1.675E-5
1.7273,1.659E-5
1.7288,1.654E-5
1.7306,1.654E-5
1.7327,1.639E-5
1.7342,1.642E-5
1.7363,1.661E-5
1.738,1.663E-5
1.7396,1.642E-5
1.7417,1.643E-5
1.7434,1.648E-5
1.7451,1.654E-5
1.7471,1.655E-5
1.7488,1.646E-5
1.7504,1.65E-5
1.7526,1.663E-5
1.7541,1.67E-5
1.7562,1.665E-5
1.7579,1.657E-5
1.7601,1.648E-5
1.7615,1.645E-5
1.7633,1.657E-5
1.7655,1.66E-5
1.767,1.66E-5
1.769,1.642E-5
1.7708,1.634E-5
1.7724,1.644E-5
1.7745,1.648E-5
1.7761,1.64E-5
1.7782,1.657E-5
1.7799,1.668E-5
1.7817,1.653E-5
1.7835,1.647E-5
1.7853,1.658E-5
1.7874,1.676E-5
1.789,1.667E-5
1.7906,1.67E-5
1.7929,1.67E-5
1.7945,1.645E-5
1.796,1.643E-5
1.7982,1.659E-5
1.7998,1.659E-5
1.802,1.657E-5
1.8035,1.664E-5
1.8052,1.654E-5
1.8074,1.643E-5
1.809,1.637E-5
1.8106,1.641E-5
1.8127,1.637E-5
1.8144,1.641E-5
1.8165,1.651E-5
1.818,1.65E-5
1.8198,1.655E-5
1.8219,1.659E-5
1.8235,1.641E-5
1.8256,1.63E-5
1.8272,1.657E-5
1.8289,1.655E-5
1.831,1.647E-5
1.8327,1.663E-5
1.8348,1.652E-5
1.8365,1.648E-5
1.8381,1.644E-5
1.8402,1.649E-5
1.8418,1.648E-5
1.844,1.658E-5
1.8456,1.658E-5
1.8476,1.653E-5
1.8493,1.639E-5
1.851,1.647E-5
1.8531,1.639E-5
1.8548,1.652E-5
1.8568,1.654E-5
1.8585,1.641E-5
1.8601,1.644E-5
1.8621,1.655E-5
1.8639,1.661E-5
1.8659,1.662E-5
1.8676,1.647E-5
1.8692,1.657E-5
1.8713,1.656E-5
1.873,1.629E-5
1.8751,1.616E-5
1.8768,1.637E-5
1.8788,1.65E-5
1.8804,1.66E-5
1.8821,1.66E-5
1.8842,1.652E-5
1.8859,1.657E-5
1.888,1.653E-5
1.8895,1.647E-5
1.8912,1.649E-5
1.8933,1.647E-5
1.895,1.649E-5
1.8971,1.649E-5
1.8986,1.657E-5
1.9003,1.653E-5
1.9025,1.651E-5
1.9041,1.66E-5
1.9062,1.657E-5
1.9078,1.653E-5
1.9099,1.654E-5
1.9116,1.653E-5
1.9132,1.652E-5
1.9152,1.655E-5
1.9169,1.65E-5
1.9186,1.654E-5
1.9207,1.639E-5
1.9224,1.649E-5
1.9244,1.65E-5
1.9261,1.648E-5
1.9277,1.656E-5
1.9298,1.637E-5
1.9315,1.655E-5
1.9335,1.645E-5
1.9352,1.64E-5
1.9369,1.641E-5
1.939,1.655E-5
1.9406,1.654E-5
1.9426,1.665E-5
1.9443,1.645E-5
1.9459,1.632E-5
1.948,1.637E-5
1.9497,1.657E-5
1.9513,1.656E-5
1.9535,1.638E-5
1.955,1.656E-5
1.9572,1.654E-5
1.9588,1.632E-5
1.9606,1.641E-5
1.9626,1.644E-5
1.9642,1.649E-5
1.9663,1.658E-5
1.968,1.667E-5
1.97,1.651E-5
1.9717,1.637E-5
1.9733,1.628E-5
1.9754,1.627E-5
1.977,1.648E-5
1.9792,1.666E-5
1.9809,1.644E-5
1.9829,1.639E-5
1.9845,1.654E-5
1.9861,1.661E-5
1.9883,1.656E-5
1.99,1.662E-5
1.992,1.671E-5
1.9936,1.659E-5
1.9958,1.641E-5
1.9974,1.649E-5
1.9991,1.628E-5
2.0011,1.638E-5
2.0027,1.66E-5
2.0049,1.652E-5
2.0066,1.64E-5
2.0085,1.654E-5
2.0102,1.648E-5
2.0124,1.641E-5
2.0141,1.645E-5
2.0157,1.651E-5
2.0177,1.643E-5
2.0193,1.65E-5
2.0215,1.644E-5
2.0232,1.633E-5
2.0248,1.645E-5
2.0268,1.638E-5
2.0285,1.627E-5
2.0305,1.645E-5
2.0323,1.647E-5
2.0339,1.653E-5
2.036,1.651E-5
2.0376,1.632E-5
2.0397,1.64E-5
2.0414,1.637E-5
2.043,1.634E-5
2.0451,1.645E-5
2.0468,1.636E-5
2.0484,1.644E-5
2.0505,1.632E-5
2.0522,1.633E-5
2.0538,1.644E-5
2.056,1.632E-5
2.0575,1.626E-5
2.0595,1.639E-5
2.0612,1.65E-5
2.0634,1.646E-5
2.0651,1.634E-5
2.0671,1.641E-5
2.0686,1.666E-5
2.0704,1.657E-5
2.0725,1.64E-5
2.0742,1.64E-5
2.0757,1.637E-5
2.0778,1.633E-5
2.0795,1.638E-5
2.0816,1.657E-5
2.0833,1.662E-5
2.0849,1.653E-5
2.0869,1.638E-5
2.0886,1.642E-5
2.0908,1.644E-5
2.0923,1.638E-5
2.0945,1.632E-5
2.096,1.641E-5
2.0978,1.653E-5
2.0999,1.634E-5
2.1016,1.633E-5
2.1036,1.643E-5
2.1052,1.643E-5
2.1069,1.643E-5
2.1089,1.635E-5
2.1106,1.644E-5
2.1127,1.644E-5
2.1144,1.644E-5
2.1161,1.641E-5
2.1181,1.642E-5
2.1197,1.62E-5
2.1218,1.63E-5
2.1235,1.64E-5
2.1256,1.63E-5
2.1272,1.632E-5
2.1289,1.645E-5
2.131,1.645E-5
2.1327,1.646E-5
2.1347,1.642E-5
2.1364,1.642E-5
2.1381,1.646E-5
2.1401,1.645E-5
2.1419,1.654E-5
2.1438,1.647E-5
2.1455,1.647E-5
2.1477,1.648E-5
2.1493,1.643E-5
2.151,1.656E-5
2.153,1.636E-5
2.1546,1.64E-5
2.1568,1.65E-5
2.1584,1.653E-5
2.1605,1.631E-5
2.1621,1.642E-5
2.1638,1.648E-5
2.1659,1.651E-5
2.1675,1.648E-5
2.1696,1.656E-5
2.1713,1.65E-5
2.1729,1.651E-5
2.1751,1.648E-5
2.1766,1.658E-5
2.1787,1.642E-5
2.1804,1.641E-5
2.182,1.654E-5
2.1842,1.653E-5
2.1859,1.637E-5
2.1875,1.631E-5
2.1895,1.634E-5
2.1912,1.626E-5
2.1933,1.636E-5
2.1948,1.637E-5
2.1966,1.629E-5
2.1987,1.657E-5
2.2003,1.646E-5
2.2024,1.644E-5
2.204,1.633E-5
2.2057,1.648E-5
2.2078,1.648E-5
2.2095,1.645E-5
2.2116,1.638E-5
2.2132,1.64E-5
2.2153,1.643E-5
2.2169,1.664E-5
2.2186,1.645E-5
2.2207,1.639E-5
2.2223,1.641E-5
2.224,1.639E-5
2.226,1.646E-5
2.2277,1.639E-5
2.2297,1.638E-5
2.2314,1.633E-5
2.233,1.626E-5
2.2352,1.639E-5
2.2368,1.64E-5
2.2388,1.635E-5
2.2405,1.628E-5
2.2421,1.633E-5
2.2443,1.638E-5
2.246,1.637E-5
2.2477,1.635E-5
2.2497,1.631E-5
2.2513,1.643E-5
2.2535,1.65E-5
2.2551,1.635E-5
2.2568,1.634E-5
2.2588,1.632E-5
2.2603,1.64E-5
2.2625,1.648E-5
2.2642,1.639E-5
2.2662,1.637E-5
2.2679,1.642E-5
2.2695,1.648E-5
2.2717,1.64E-5
2.2734,1.627E-5
2.2753,1.646E-5
2.2771,1.645E-5
2.2787,1.632E-5
2.2808,1.641E-5
2.2824,1.636E-5
2.2845,1.627E-5
2.2862,1.629E-5
2.2879,1.634E-5
2.2899,1.64E-5
2.2916,1.642E-5
2.2932,1.642E-5
2.2953,1.646E-5
2.297,1.643E-5
2.299,1.64E-5
2.3007,1.656E-5
2.3023,1.654E-5
2.3044,1.644E-5
2.3061,1.633E-5
2.3078,1.636E-5
2.3098,1.639E-5
2.3114,1.64E-5
2.3131,1.625E-5
2.3152,1.631E-5
2.3169,1.638E-5
2.3189,1.629E-5
2.3205,1.641E-5
2.3226,1.624E-5
2.3243,1.637E-5
2.326,1.644E-5
2.328,1.634E-5
2.3296,1.652E-5
2.3318,1.637E-5
2.3335,1.635E-5
2.3351,1.637E-5
2.3372,1.651E-5
2.3388,1.64E-5
2.3409,1.638E-5
2.3426,1.637E-5
2.3442,1.646E-5
2.3463,1.642E-5
2.3479,1.637E-5
2.35,1.628E-5
2.3517,1.627E-5
2.3534,1.623E-5
2.3554,1.619E-5
2.357,1.631E-5
2.3592,1.629E-5
2.3609,1.634E-5
2.3624,1.631E-5
2.3645,1.624E-5
2.3662,1.636E-5
2.3679,1.631E-5
2.3699,1.643E-5
2.3715,1.642E-5
2.3736,1.636E-5
2.3753,1.65E-5
2.3769,1.645E-5
2.379,1.623E-5
2.3806,1.636E-5
2.3828,1.647E-5
2.3844,1.639E-5
2.3861,1.631E-5
2.3882,1.63E-5
2.3897,1.639E-5
2.3919,1.633E-5
2.3935,1.625E-5
2.3952,1.628E-5
2.3972,1.63E-5
2.3989,1.644E-5
2.401,1.635E-5
2.4027,1.634E-5
2.4047,1.635E-5
2.4063,1.636E-5
2.4081,1.645E-5
2.4101,1.648E-5
2.4119,1.644E-5
2.4138,1.656E-5
2.4155,1.647E-5
2.4172,1.637E-5
2.4193,1.637E-5
2.421,1.638E-5
2.423,1.626E-5
2.4246,1.626E-5
2.4263,1.642E-5
2.4284,1.645E-5
2.43,1.636E-5
2.4322,1.633E-5
2.4338,1.629E-5
2.436,1.65E-5
2.4376,1.645E-5
2.4393,1.618E-5
2.4413,1.615E-5
2.443,1.624E-5
2.4452,1.638E-5
2.4468,1.648E-5
2.4485,1.636E-5
2.4505,1.651E-5
2.4521,1.64E-5
2.4543,1.631E-5
2.4559,1.628E-5
2.4576,1.632E-5
2.4597,1.639E-5
2.4613,1.629E-5
2.4634,1.62E-5
2.465,1.648E-5
2.4668,1.663E-5
2.4688,1.656E-5
2.4705,1.639E-5
2.4726,1.647E-5
2.4742,1.648E-5
2.4759,1.634E-5
2.478,1.63E-5
2.4796,1.62E-5
2.4816,1.621E-5
2.4833,1.625E-5
2.4849,1.631E-5
2.4871,1.633E-5
2.4888,1.635E-5
2.4908,1.626E-5
2.4924,1.632E-5
2.4941,1.631E-5
2.4962,1.625E-5
2.4979,1.63E-5
2.4999,1.631E-5
2.5015,1.631E-5
2.5032,1.654E-5
2.5053,1.64E-5
2.507,1.644E-5
2.509,1.653E-5
2.5107,1.637E-5
2.5129,1.632E-5
2.5144,1.632E-5
2.5165,1.636E-5
2.5182,1.634E-5
2.5199,1.647E-5
2.5219,1.646E-5
2.5235,1.643E-5
2.5256,1.638E-5
2.5273,1.637E-5
2.529,1.644E-5
2.531,1.639E-5
2.5326,1.637E-5
2.5347,1.63E-5
2.5364,1.642E-5
2.5381,1.63E-5
2.5402,1.624E-5
2.5418,1.637E-5
2.5439,1.644E-5
2.5455,1.646E-5
2.5476,1.651E-5
2.5493,1.641E-5
2.5509,1.635E-5
2.553,1.632E-5
2.5547,1.635E-5
2.5563,1.65E-5
2.5584,1.64E-5
2.56,1.623E-5
2.5621,1.624E-5
2.5638,1.629E-5
2.5658,1.629E-5
2.5675,1.63E-5
2.5691,1.624E-5
2.5713,1.633E-5
2.5729,1.63E-5
2.5746,1.636E-5
2.5767,1.637E-5
2.5783,1.629E-5
2.5804,1.637E-5
2.582,1.618E-5
2.5841,1.631E-5
2.5858,1.648E-5
2.5874,1.635E-5
2.5895,1.622E-5
2.5911,1.627E-5
2.5927,1.629E-5
2.5949,1.624E-5
2.5966,1.642E-5
2.5986,1.645E-5
2.6003,1.629E-5
2.6024,1.629E-5
2.604,1.644E-5
2.6056,1.64E-5
2.6076,1.63E-5
2.6093,1.627E-5
2.6115,1.628E-5
2.6131,1.631E-5
2.6151,1.637E-5
2.6168,1.625E-5
2.6184,1.626E-5
2.6205,1.627E-5
2.6221,1.639E-5
2.6243,1.637E-5
2.6259,1.619E-5
2.6275,1.63E-5
2.6297,1.635E-5
2.6312,1.648E-5
2.6334,1.646E-5
2.635,1.644E-5
2.6371,1.632E-5
2.6388,1.637E-5
2.6404,1.633E-5
2.6425,1.627E-5
2.6442,1.631E-5
2.6462,1.639E-5
2.6479,1.651E-5
2.6495,1.622E-5
2.6516,1.625E-5
2.6533,1.64E-5
2.6553,1.636E-5
2.6571,1.632E-5
2.6591,1.618E-5
2.6608,1.63E-5
2.6624,1.631E-5
2.6645,1.634E-5
2.6661,1.633E-5
2.6682,1.637E-5
2.6699,1.627E-5
2.6716,1.61E-5
2.6735,1.619E-5
2.6753,1.631E-5
2.6774,1.642E-5
2.679,1.642E-5
2.6807,1.63E-5
2.6828,1.617E-5
2.6844,1.608E-5
2.6865,1.613E-5
2.6882,1.629E-5
2.6898,1.632E-5
2.6919,1.618E-5
2.6935,1.61E-5
2.6957,1.627E-5
2.6973,1.636E-5
2.6993,1.631E-5
2.7009,1.624E-5
2.7026,1.634E-5
2.7047,1.635E-5
2.7064,1.638E-5
2.7084,1.636E-5
2.7102,1.62E-5
2.7122,1.626E-5
2.7138,1.628E-5
2.7159,1.633E-5
2.7176,1.625E-5
2.7193,1.633E-5
2.7213,1.63E-5
2.723,1.625E-5
2.7251,1.63E-5
2.7267,1.632E-5
2.7288,1.631E-5
2.7305,1.623E-5
2.7321,1.626E-5
2.7343,1.625E-5
2.7358,1.623E-5
2.7379,1.646E-5
2.7396,1.635E-5
2.7417,1.638E-5
2.7434,1.631E-5
2.745,1.621E-5
2.7471,1.618E-5
2.7488,1.612E-5
2.7509,1.635E-5
2.7526,1.64E-5
2.7546,1.622E-5
2.7562,1.62E-5
2.7579,1.631E-5
2.76,1.631E-5
2.7618,1.616E-5
2.7638,1.632E-5
2.7653,1.635E-5
2.7675,1.624E-5
2.7692,1.627E-5
2.7709,1.624E-5
2.773,1.618E-5
2.7746,1.621E-5
2.7763,1.625E-5
2.7783,1.637E-5
2.78,1.623E-5
2.7821,1.637E-5
2.7837,1.637E-5
2.7853,1.62E-5
2.7874,1.624E-5
2.789,1.625E-5
2.7912,1.637E-5
2.7928,1.641E-5
2.7945,1.642E-5
2.7965,1.623E-5
2.7982,1.614E-5
2.8003,1.632E-5
2.8019,1.638E-5
2.804,1.612E-5
2.8056,1.619E-5
2.8073,1.638E-5
2.8094,1.645E-5
2.8111,1.638E-5
2.8127,1.628E-5
2.8148,1.614E-5
2.8164,1.606E-5
2.8181,1.617E-5
2.8202,1.629E-5
2.8219,1.618E-5
2.8239,1.619E-5
2.8255,1.625E-5
2.8272,1.615E-5
2.8293,1.631E-5
2.831,1.621E-5
2.8331,1.617E-5
2.8346,1.631E-5
2.8367,1.617E-5
2.8384,1.616E-5
2.84,1.621E-5
2.8421,1.624E-5
2.8437,1.63E-5
2.8458,1.623E-5
2.8475,1.621E-5
2.8492,1.632E-5
2.8512,1.62E-5
2.8529,1.624E-5
2.8549,1.617E-5
2.8567,1.612E-5
2.8587,1.625E-5
2.8604,1.614E-5
2.862,1.622E-5
2.8641,1.637E-5
2.8658,1.634E-5
2.8678,1.617E-5
2.8694,1.632E-5
2.8711,1.644E-5
2.8732,1.636E-5
2.8748,1.62E-5
2.8769,1.634E-5
2.8785,1.633E-5
2.8806,1.625E-5
2.8823,1.627E-5
2.8839,1.627E-5
2.886,1.632E-5
2.8877,1.644E-5
2.8894,1.616E-5
2.8914,1.616E-5
2.8931,1.613E-5
2.8952,1.618E-5
2.8968,1.612E-5
2.899,1.619E-5
2.9006,1.622E-5
2.9022,1.633E-5
2.9043,1.63E-5
2.9059,1.629E-5
2.908,1.628E-5
2.9097,1.623E-5
2.9117,1.628E-5
2.9134,1.637E-5
2.9155,1.639E-5
2.9171,1.614E-5
2.9187,1.614E-5
2.9209,1.613E-5
2.9226,1.617E-5
2.9246,1.626E-5
2.9262,1.644E-5
2.9279,1.631E-5
2.93,1.63E-5
2.9317,1.62E-5
2.9337,1.635E-5
2.9354,1.64E-5
2.937,1.62E-5
2.9391,1.636E-5
2.9407,1.63E-5
2.9428,1.631E-5
2.9444,1.614E-5
2.9465,1.604E-5
2.9482,1.623E-5
2.9499,1.643E-5
2.952,1.635E-5
2.9536,1.642E-5
2.9557,1.643E-5
2.9573,1.636E-5
2.959,1.632E-5
2.9611,1.637E-5
2.9627,1.642E-5
2.9644,1.624E-5
2.9665,1.617E-5
2.9682,1.611E-5
2.9702,1.629E-5
2.9719,1.634E-5
2.9736,1.628E-5
2.9756,1.619E-5
2.9773,1.614E-5
2.9794,1.622E-5
2.9811,1.624E-5
2.9827,1.645E-5
2.9847,1.636E-5
2.9864,1.624E-5
2.9885,1.64E-5
2.9902,1.633E-5
2.9922,1.635E-5
2.994,1.637E-5
2.9955,1.633E-5
2.9975,1.622E-5
2.9992,1.632E-5
3.0014,1.645E-5
3.003,1.631E-5
3.0051,1.635E-5
3.0067,1.624E-5
3.0087,1.631E-5
3.0104,1.644E-5
3.0121,1.638E-5
3.0143,1.641E-5
3.0158,1.63E-5
3.0179,1.631E-5
3.0196,1.624E-5
3.0212,1.605E-5
3.0234,1.607E-5
3.025,1.61E-5
3.027,1.618E-5
3.0287,1.625E-5
3.0304,1.623E-5
3.0325,1.619E-5
3.034,1.629E-5
3.0361,1.626E-5
3.0378,1.612E-5
3.0399,1.624E-5
3.0417,1.623E-5
3.0432,1.618E-5
3.0453,1.624E-5
3.047,1.629E-5
3.049,1.622E-5
3.0507,1.616E-5
3.0524,1.63E-5
3.0545,1.634E-5
3.0561,1.628E-5
3.0578,1.624E-5
3.0599,1.625E-5
3.0615,1.62E-5
3.0636,1.624E-5
3.0653,1.612E-5
3.067,1.615E-5
3.069,1.626E-5
3.0706,1.637E-5
3.0728,1.631E-5
3.0744,1.629E-5
3.0766,1.64E-5
3.0782,1.624E-5
3.0803,1.636E-5
3.0819,1.628E-5
3.0836,1.613E-5
3.0856,1.626E-5
3.0872,1.622E-5
3.089,1.629E-5
3.0911,1.623E-5
3.0927,1.629E-5
3.0948,1.633E-5
3.0964,1.637E-5
3.0981,1.618E-5
3.1001,1.622E-5
3.1017,1.62E-5
3.1039,1.601E-5
3.1055,1.612E-5
3.1072,1.637E-5
3.1093,1.637E-5
3.111,1.621E-5
3.113,1.627E-5
3.1146,1.641E-5
3.1163,1.631E-5
3.1184,1.621E-5
3.12,1.621E-5
3.1222,1.642E-5
3.1237,1.638E-5
3.1259,1.624E-5
3.1275,1.634E-5
3.1292,1.635E-5
3.1313,1.625E-5
3.1328,1.641E-5
3.1349,1.638E-5
3.1366,1.637E-5
3.1382,1.638E-5
3.1404,1.628E-5
3.142,1.631E-5
3.1441,1.631E-5
3.1458,1.63E-5
3.1474,1.622E-5
3.1495,1.632E-5
3.1511,1.64E-5
3.1531,1.64E-5
3.1549,1.635E-5
3.1569,1.646E-5
3.1587,1.636E-5
3.1602,1.624E-5
3.1624,1.622E-5
3.164,1.627E-5
3.1657,1.628E-5
3.1676,1.624E-5
3.1694,1.631E-5
3.1714,1.637E-5
3.1731,1.625E-5
3.1752,1.633E-5
3.1769,1.633E-5
3.1789,1.641E-5
3.1805,1.637E-5
3.1822,1.622E-5
3.1844,1.615E-5
3.186,1.615E-5
3.1881,1.64E-5
3.1897,1.644E-5
3.1918,1.633E-5
3.1935,1.624E-5
3.195,1.618E-5
3.1971,1.632E-5
3.1988,1.624E-5
3.2009,1.629E-5
3.2026,1.645E-5
3.2042,1.627E-5
3.2062,1.64E-5
3.2079,1.631E-5
3.21,1.624E-5
3.2117,1.618E-5
3.2133,1.613E-5
3.2153,1.621E-5
3.2171,1.639E-5
3.2186,1.633E-5
3.2208,1.634E-5
3.2225,1.613E-5
3.2245,1.624E-5
3.2262,1.629E-5
3.2279,1.638E-5
3.2299,1.641E-5
3.2316,1.625E-5
3.2336,1.617E-5
3.2353,1.623E-5
3.237,1.625E-5
3.239,1.63E-5
3.2406,1.63E-5
3.2428,1.615E-5
3.2445,1.619E-5
3.2461,1.614E-5
3.2482,1.644E-5
3.2499,1.632E-5
3.252,1.617E-5
3.2536,1.624E-5
3.2552,1.629E-5
3.2573,1.624E-5
3.2589,1.621E-5
3.2611,1.627E-5
3.2627,1.622E-5
3.2644,1.632E-5
3.2665,1.619E-5
3.2682,1.632E-5
3.2702,1.635E-5
3.2718,1.627E-5
3.2735,1.622E-5
3.2755,1.631E-5
3.2772,1.626E-5
3.2794,1.64E-5
3.281,1.637E-5
3.2827,1.615E-5
3.2847,1.624E-5
3.2864,1.63E-5
3.288,1.642E-5
3.29,1.641E-5
3.2917,1.635E-5
3.2934,1.637E-5
3.2955,1.615E-5
3.2971,1.622E-5
3.2993,1.632E-5
3.3009,1.63E-5
3.3029,1.628E-5
3.3046,1.629E-5
3.3062,1.611E-5
3.3083,1.614E-5
3.31,1.622E-5
3.3116,1.624E-5
3.3138,1.627E-5
3.3154,1.626E-5
3.3175,1.619E-5
3.3191,1.624E-5
3.3208,1.637E-5
3.3229,1.624E-5
3.3245,1.621E-5
3.3266,1.624E-5
3.3283,1.63E-5
3.3299,1.627E-5
3.3319,1.63E-5
3.3336,1.637E-5
3.3357,1.624E-5
3.3374,1.628E-5
3.3394,1.617E-5
3.3412,1.613E-5
3.3428,1.604E-5
3.3447,1.632E-5
3.3465,1.624E-5
3.3486,1.611E-5
3.3503,1.605E-5
3.3523,1.62E-5
3.3539,1.615E-5
3.356,1.61E-5
3.3577,1.621E-5
3.3594,1.641E-5
3.3615,1.627E-5
3.3631,1.617E-5
3.3652,1.632E-5
3.3668,1.617E-5
3.3686,1.625E-5
3.3707,1.631E-5
3.3724,1.623E-5
3.3743,1.633E-5
3.3761,1.641E-5
3.3777,1.626E-5
3.3798,1.631E-5
3.3819,1.622E-5
3.3836,1.624E-5
3.3853,1.633E-5
3.3873,1.647E-5
3.3889,1.639E-5
3.391,1.631E-5
3.3926,1.625E-5
3.3944,1.634E-5
3.3964,1.644E-5
3.398,1.646E-5
3.4001,1.637E-5
3.4018,1.627E-5
3.4034,1.626E-5
3.4055,1.607E-5
3.4071,1.614E-5
3.4092,1.623E-5
3.4109,1.621E-5
3.4126,1.612E-5
3.4146,1.614E-5
3.4162,1.617E-5
3.4184,1.627E-5
3.42,1.625E-5
3.4217,1.618E-5
3.4238,1.618E-5
3.4254,1.627E-5
3.4274,1.63E-5
3.4291,1.624E-5
3.4312,1.621E-5
3.4329,1.619E-5
3.4346,1.63E-5
3.4365,1.628E-5
3.4382,1.619E-5
3.4403,1.638E-5
3.442,1.631E-5
3.444,1.631E-5
3.4457,1.624E-5
3.4478,1.621E-5
3.4494,1.616E-5
3.4511,1.612E-5
3.4532,1.625E-5
3.4549,1.63E-5
3.4569,1.633E-5
3.4586,1.63E-5
3.4606,1.615E-5
3.4623,1.617E-5
3.4639,1.635E-5
3.4661,1.645E-5
3.4678,1.635E-5
3.4698,1.629E-5
3.4714,1.629E-5
3.4731,1.632E-5
3.4752,1.633E-5
3.4769,1.627E-5
3.4789,1.618E-5
3.4806,1.618E-5
3.4827,1.64E-5
3.4843,1.634E-5
3.486,1.624E-5
3.4881,1.607E-5
3.4897,1.621E-5
3.4918,1.624E-5
3.4934,1.63E-5
3.4951,1.632E-5
3.4971,1.632E-5
3.4987,1.624E-5
3.501,1.623E-5
3.5026,1.627E-5
3.5046,1.631E-5
3.5063,1.623E-5
3.5084,1.628E-5
3.5101,1.623E-5
3.5117,1.621E-5
3.5136,1.618E-5
3.5154,1.628E-5
3.5174,1.63E-5
3.5191,1.63E-5
3.5212,1.613E-5
3.5229,1.607E-5
3.5249,1.619E-5
3.5265,1.62E-5
3.5283,1.623E-5
3.5303,1.634E-5
3.5319,1.622E-5
3.534,1.621E-5
3.5357,1.624E-5
3.5378,1.629E-5
3.5395,1.626E-5
3.5411,1.632E-5
3.5431,1.634E-5
3.5448,1.633E-5
3.5468,1.633E-5
3.5486,1.624E-5
3.5502,1.616E-5
3.5523,1.626E-5
3.5539,1.633E-5
3.556,1.625E-5
3.5576,1.631E-5
3.5597,1.616E-5
3.5614,1.619E-5
3.5631,1.624E-5
3.565,1.621E-5
3.5667,1.616E-5
3.5684,1.63E-5
3.5705,1.637E-5
3.5722,1.627E-5
3.5743,1.621E-5
3.5759,1.627E-5
3.5776,1.633E-5
3.5796,1.628E-5
3.5814,1.617E-5
3.5834,1.614E-5
3.5849,1.614E-5
3.5867,1.621E-5
3.5888,1.612E-5
3.5905,1.614E-5
3.5925,1.615E-5
3.5941,1.624E-5
3.5963,1.648E-5
3.5979,1.636E-5
3.5996,1.635E-5
3.6016,1.632E-5
3.6032,1.619E-5
3.6055,1.626E-5
3.6071,1.618E-5
3.6091,1.616E-5
3.6108,1.631E-5
3.6125,1.63E-5
3.6145,1.628E-5
3.6161,1.633E-5
3.6182,1.634E-5
3.6199,1.638E-5
3.6215,1.623E-5
3.6236,1.625E-5
3.6253,1.618E-5
3.6273,1.613E-5
3.629,1.63E-5
3.6311,1.617E-5
3.6328,1.619E-5
3.6344,1.616E-5
3.6365,1.622E-5
3.6382,1.631E-5
3.6403,1.648E-5
3.6419,1.627E-5
3.644,1.634E-5
3.6456,1.625E-5
3.6477,1.621E-5
3.6493,1.62E-5
3.651,1.626E-5
3.6531,1.624E-5
3.6548,1.614E-5
3.6565,1.614E-5
3.6585,1.632E-5
3.6602,1.631E-5
3.6623,1.63E-5
3.664,1.63E-5
3.666,1.631E-5
3.6677,1.621E-5
3.6699,1.62E-5
3.6715,1.635E-5
3.6732,1.625E-5
3.6752,1.631E-5
3.6768,1.634E-5
3.679,1.633E-5
3.6806,1.632E-5
3.6827,1.637E-5
3.6844,1.634E-5
3.6861,1.637E-5
3.6881,1.635E-5
3.6897,1.618E-5
3.6914,1.62E-5
3.6935,1.607E-5
3.6951,1.617E-5
3.697,1.62E-5
3.6989,1.621E-5
3.701,1.638E-5
3.7026,1.638E-5
3.7042,1.624E-5
3.7063,1.623E-5
3.708,1.61E-5
3.71,1.632E-5
3.7118,1.65E-5
3.7134,1.634E-5
3.7154,1.623E-5
3.7171,1.618E-5
3.7192,1.621E-5
3.7209,1.628E-5
3.723,1.632E-5
3.7247,1.631E-5
3.7263,1.618E-5
3.7284,1.625E-5
3.73,1.626E-5
3.7321,1.63E-5
3.7338,1.639E-5
3.7353,1.634E-5
3.7375,1.628E-5
3.7392,1.621E-5
3.7412,1.621E-5
3.7428,1.621E-5
3.745,1.624E-5
3.7466,1.632E-5
3.7482,1.627E-5
3.7504,1.631E-5
3.752,1.631E-5
3.7541,1.637E-5
3.7557,1.636E-5
3.7574,1.637E-5
3.7596,1.635E-5
3.7611,1.632E-5
3.7631,1.636E-5
3.7649,1.624E-5
3.7666,1.605E-5
3.7686,1.625E-5
3.7702,1.622E-5
3.7724,1.639E-5
3.7741,1.622E-5
3.7756,1.618E-5
3.7777,1.635E-5
3.7794,1.624E-5
3.7815,1.632E-5
3.7831,1.624E-5
3.7847,1.619E-5
3.7869,1.627E-5
3.7885,1.638E-5
3.7905,1.636E-5
3.7922,1.628E-5
3.7943,1.62E-5
3.796,1.627E-5
3.7976,1.63E-5
3.7997,1.629E-5
3.8014,1.613E-5
3.8034,1.624E-5
3.8052,1.628E-5
3.8068,1.633E-5
3.8089,1.628E-5
3.8105,1.632E-5
3.812,1.626E-5
3.8142,1.63E-5
3.8159,1.647E-5
3.8179,1.643E-5
3.8196,1.629E-5
3.8213,1.61E-5
3.8233,1.612E-5
3.825,1.624E-5
3.8269,1.629E-5
3.8287,1.632E-5
3.8308,1.624E-5
3.8324,1.625E-5
3.8341,1.63E-5
3.8362,1.624E-5
3.8379,1.629E-5
3.8398,1.614E-5
3.8416,1.623E-5
3.8432,1.623E-5
3.8452,1.624E-5
3.8469,1.641E-5
3.849,1.618E-5
3.8507,1.614E-5
3.8527,1.627E-5
3.8544,1.623E-5
3.856,1.627E-5
3.8582,1.618E-5
3.8598,1.631E-5
3.8618,1.629E-5
3.8636,1.624E-5
3.8651,1.619E-5
3.8672,1.615E-5
3.8689,1.628E-5
3.871,1.635E-5
3.8727,1.642E-5
3.8743,1.626E-5
3.8764,1.621E-5
3.8781,1.623E-5
3.8801,1.633E-5
3.8818,1.626E-5
3.8834,1.647E-5
3.8856,1.648E-5
3.8872,1.631E-5
3.8892,1.637E-5
3.891,1.635E-5
3.8925,1.635E-5
3.8947,1.631E-5
3.8962,1.65E-5
3.8984,1.648E-5
3.9001,1.624E-5
3.9017,1.636E-5
3.9036,1.636E-5
3.9054,1.623E-5
3.9075,1.635E-5
3.9092,1.631E-5
3.9108,1.629E-5
3.9129,1.633E-5
3.9146,1.623E-5
3.9165,1.638E-5
3.9183,1.637E-5
3.9204,1.623E-5
3.9221,1.615E-5
3.9237,1.62E-5
3.9257,1.621E-5
3.9275,1.623E-5
3.9295,1.626E-5
3.9311,1.635E-5
3.9328,1.615E-5
3.9349,1.622E-5
3.9366,1.625E-5
3.9386,1.63E-5
3.9402,1.635E-5
3.9424,1.63E-5
3.9441,1.628E-5
3.9461,1.633E-5
3.9478,1.636E-5
3.9499,1.647E-5
3.9514,1.626E-5
3.9532,1.633E-5
3.9553,1.639E-5
3.9569,1.626E-5
3.9589,1.623E-5
3.9606,1.653E-5
3.9626,1.635E-5
3.9644,1.637E-5
3.966,1.631E-5
3.9681,1.633E-5
3.9698,1.631E-5
3.9718,1.619E-5
3.9736,1.629E-5
3.9751,1.645E-5
3.9774,1.645E-5
3.9789,1.638E-5
3.981,1.62E-5
3.9827,1.634E-5
3.9848,1.626E-5
3.9865,1.606E-5
3.988,1.635E-5
3.9902,1.644E-5
3.9919,1.633E-5
3.9939,1.653E-5
3.9955,1.646E-5
3.9977,1.634E-5
3.9993,1.624E-5
4.0009,1.615E-5
4.0031,1.632E-5
4.0047,1.647E-5
4.0068,1.642E-5
4.0084,1.652E-5
4.0105,1.64E-5
4.0122,1.635E-5
4.0143,1.642E-5
4.016,1.645E-5
4.018,1.631E-5
4.0196,1.641E-5
4.0213,1.644E-5
4.0234,1.62E-5
4.0251,1.628E-5
4.0271,1.632E-5
4.0288,1.633E-5
4.0304,1.628E-5
4.0325,1.621E-5
4.0342,1.63E-5
4.0362,1.631E-5
4.0379,1.64E-5
4.0399,1.646E-5
4.0417,1.627E-5
4.0433,1.624E-5
4.0454,1.631E-5
4.0471,1.618E-5
4.0491,1.644E-5
4.0508,1.627E-5
4.0524,1.628E-5
4.0545,1.644E-5
4.0561,1.646E-5
4.0578,1.636E-5
4.0599,1.615E-5
4.0615,1.612E-5
4.0636,1.629E-5
4.0653,1.63E-5
4.0673,1.631E-5
4.0691,1.637E-5
4.0711,1.638E-5
4.0727,1.644E-5
4.0744,1.633E-5
4.0765,1.642E-5
4.0782,1.635E-5
4.0803,1.633E-5
4.0818,1.631E-5
4.084,1.616E-5
4.0856,1.637E-5
4.0873,1.628E-5
4.0894,1.624E-5
4.091,1.634E-5
4.0931,1.639E-5
4.0947,1.639E-5
4.0965,1.63E-5
4.0985,1.619E-5
4.1002,1.629E-5
4.1022,1.622E-5
4.1039,1.62E-5
4.106,1.627E-5
4.1076,1.631E-5
4.1093,1.64E-5
4.1113,1.643E-5
4.113,1.649E-5
4.115,1.639E-5
4.1167,1.63E-5
4.1184,1.635E-5
4.1205,1.624E-5
4.1222,1.638E-5
4.1242,1.649E-5
4.1258,1.626E-5
4.1275,1.626E-5
4.1296,1.637E-5
4.1313,1.631E-5
4.1333,1.645E-5
4.1349,1.64E-5
4.1366,1.634E-5
4.1386,1.633E-5
4.1403,1.624E-5
4.1424,1.625E-5
4.144,1.641E-5
4.1457,1.646E-5
4.1478,1.637E-5
4.1495,1.633E-5
4.1515,1.633E-5
4.1531,1.649E-5
4.1548,1.649E-5
4.1569,1.646E-5
4.1586,1.643E-5
4.1607,1.638E-5
4.1622,1.627E-5
4.1644,1.634E-5
4.166,1.634E-5
4.1677,1.628E-5
4.1698,1.639E-5
4.1714,1.637E-5
4.1736,1.624E-5
4.1751,1.644E-5
4.1769,1.633E-5
4.1789,1.627E-5
4.1806,1.629E-5
4.1827,1.641E-5
4.1843,1.649E-5
4.186,1.644E-5
4.188,1.621E-5
4.1897,1.624E-5
4.1917,1.625E-5
4.1934,1.613E-5
4.1955,1.621E-5
4.1972,1.626E-5
4.1988,1.645E-5
4.2008,1.637E-5
4.2025,1.624E-5
4.2047,1.635E-5
4.2063,1.634E-5
4.2083,1.641E-5
4.21,1.627E-5
4.2121,1.634E-5
4.2138,1.639E-5
4.2154,1.638E-5
4.2174,1.643E-5
4.2191,1.637E-5
4.2207,1.63E-5
4.2228,1.641E-5
4.2244,1.631E-5
4.2265,1.638E-5
4.2282,1.638E-5
4.2302,1.639E-5
4.232,1.636E-5
4.234,1.636E-5
4.2357,1.645E-5
4.2377,1.647E-5
4.2394,1.647E-5
4.2414,1.625E-5
4.2431,1.63E-5
4.2447,1.637E-5
4.2469,1.64E-5
4.2485,1.632E-5
4.2506,1.624E-5
4.2523,1.633E-5
4.2543,1.637E-5
4.2561,1.662E-5
4.2576,1.657E-5
4.2597,1.652E-5
4.2614,1.642E-5
4.2635,1.646E-5
4.2652,1.628E-5
4.2672,1.625E-5
4.2689,1.631E-5
4.2706,1.638E-5
4.2726,1.638E-5
4.2743,1.648E-5
4.2759,1.65E-5
4.2781,1.653E-5
4.2798,1.637E-5
4.2818,1.649E-5
4.2834,1.654E-5
4.2851,1.644E-5
4.2873,1.639E-5
4.2889,1.65E-5
4.2909,1.645E-5
4.2926,1.624E-5
4.2942,1.64E-5
4.2964,1.63E-5
4.2981,1.639E-5
4.2998,1.642E-5
4.3017,1.642E-5
4.3034,1.635E-5
4.3055,1.636E-5
4.3071,1.628E-5
4.3088,1.629E-5
4.3108,1.626E-5
4.3125,1.641E-5
4.3146,1.642E-5
4.3163,1.633E-5
4.3179,1.635E-5
4.32,1.644E-5
4.3217,1.631E-5
4.3237,1.637E-5
4.3254,1.63E-5
4.327,1.627E-5
4.3291,1.636E-5
4.3308,1.636E-5
4.3329,1.64E-5
4.3345,1.637E-5
4.3362,1.634E-5
4.3382,1.636E-5
4.3399,1.627E-5
4.342,1.64E-5
4.3437,1.647E-5
4.3453,1.654E-5
4.3474,1.645E-5
4.3491,1.637E-5
4.3511,1.642E-5
4.3527,1.644E-5
4.3544,1.639E-5
4.3565,1.654E-5
4.3582,1.652E-5
4.3602,1.645E-5
4.3619,1.64E-5
4.364,1.638E-5
4.3656,1.648E-5
4.3673,1.635E-5
4.3693,1.634E-5
4.3709,1.628E-5
4.3731,1.626E-5
4.3747,1.65E-5
4.3767,1.65E-5
4.3784,1.641E-5
4.3806,1.637E-5
4.3822,1.626E-5
4.3842,1.634E-5
4.3859,1.629E-5
4.3876,1.649E-5
4.3896,1.644E-5
4.3913,1.646E-5
4.3933,1.644E-5
4.3951,1.633E-5
4.3967,1.632E-5
4.3988,1.64E-5
4.4004,1.641E-5
4.4025,1.647E-5
4.4042,1.625E-5
4.4062,1.632E-5
4.4079,1.637E-5
4.4096,1.631E-5
4.4116,1.63E-5
4.4133,1.631E-5
4.4154,1.641E-5
4.417,1.638E-5
4.4191,1.636E-5
4.4207,1.644E-5
4.4229,1.641E-5
4.4245,1.641E-5
4.4262,1.65E-5
4.4283,1.635E-5
4.4299,1.644E-5
4.432,1.66E-5
4.4336,1.665E-5
4.4356,1.632E-5
4.4374,1.625E-5
4.4394,1.638E-5
4.4411,1.654E-5
4.4432,1.633E-5
4.4448,1.636E-5
4.4465,1.637E-5
4.4485,1.622E-5
4.4501,1.642E-5
4.4523,1.644E-5
4.4539,1.648E-5
4.4559,1.643E-5
4.4576,1.638E-5
4.4592,1.633E-5
4.4614,1.631E-5
4.463,1.639E-5
4.465,1.643E-5
4.4667,1.645E-5
4.4684,1.639E-5
4.4704,1.643E-5
4.4721,1.637E-5
4.4741,1.626E-5
4.4758,1.633E-5
4.4779,1.643E-5
4.4796,1.637E-5
4.4816,1.649E-5
4.4833,1.657E-5
4.485,1.643E-5
4.487,1.649E-5
4.4891,1.634E-5
4.4907,1.633E-5
4.4924,1.64E-5
4.4945,1.639E-5
4.4962,1.636E-5
4.4983,1.623E-5
4.4998,1.636E-5
4.5019,1.654E-5
4.5036,1.656E-5
4.5057,1.645E-5
4.5074,1.638E-5
4.509,1.637E-5
4.5111,1.646E-5
4.5127,1.654E-5
4.5148,1.666E-5
4.5165,1.637E-5
4.5185,1.642E-5
4.5202,1.649E-5
4.5219,1.644E-5
4.5239,1.64E-5
4.5256,1.628E-5
4.5276,1.628E-5
4.5292,1.626E-5
4.5315,1.645E-5
4.533,1.648E-5
4.5351,1.631E-5
4.5367,1.641E-5
4.5383,1.638E-5
4.5405,1.661E-5
4.5422,1.644E-5
4.5441,1.637E-5
4.5459,1.646E-5
4.548,1.646E-5
4.5496,1.642E-5
4.5513,1.635E-5
4.5533,1.642E-5
4.555,1.662E-5
4.5571,1.663E-5
4.5587,1.66E-5
4.5608,1.638E-5
4.5624,1.646E-5
4.5642,1.643E-5
4.5662,1.638E-5
4.5679,1.649E-5
4.5699,1.657E-5
4.5716,1.651E-5
4.5733,1.642E-5
4.5753,1.637E-5
4.577,1.64E-5
4.5791,1.654E-5
4.5808,1.646E-5
4.5824,1.651E-5
4.5845,1.649E-5
4.5866,1.628E-5
4.5882,1.65E-5
4.59,1.642E-5
4.592,1.65E-5
4.5937,1.652E-5
4.5958,1.638E-5
4.5974,1.643E-5
4.5996,1.634E-5
4.6012,1.638E-5
4.6032,1.644E-5
4.6048,1.649E-5
4.6066,1.641E-5
4.6087,1.646E-5
4.6103,1.659E-5
4.6124,1.666E-5
4.6141,1.642E-5
4.6157,1.647E-5
4.6178,1.662E-5
4.6195,1.644E-5
4.6215,1.636E-5
4.6232,1.634E-5
4.6252,1.649E-5
4.6268,1.66E-5
4.6285,1.652E-5
4.6306,1.625E-5
4.6324,1.635E-5
4.6343,1.637E-5
4.6359,1.646E-5
4.6377,1.633E-5
4.6397,1.638E-5
4.6415,1.64E-5
4.6435,1.651E-5
4.6451,1.649E-5
4.6472,1.648E-5
4.6489,1.664E-5
4.6505,1.639E-5
4.6526,1.636E-5
4.6547,1.649E-5
4.6563,1.644E-5
4.658,1.656E-5
4.66,1.655E-5
4.6618,1.647E-5
4.6638,1.64E-5
4.6655,1.642E-5
4.6671,1.647E-5
4.6692,1.631E-5
4.6707,1.645E-5
4.6729,1.654E-5
4.6746,1.642E-5
4.6762,1.652E-5
4.6784,1.657E-5
4.6799,1.649E-5
4.6821,1.646E-5
4.6837,1.639E-5
4.6854,1.649E-5
4.6874,1.637E-5
4.689,1.651E-5
4.6912,1.656E-5
4.6928,1.641E-5
4.6945,1.65E-5
4.6966,1.658E-5
4.6982,1.644E-5
4.7003,1.646E-5
4.702,1.657E-5
4.7036,1.657E-5
4.7057,1.644E-5
4.7073,1.649E-5
4.7093,1.65E-5
4.7116,1.642E-5
4.7132,1.656E-5
4.7149,1.646E-5
4.7169,1.637E-5
4.7184,1.629E-5
4.7207,1.638E-5
4.7222,1.641E-5
4.7239,1.639E-5
4.726,1.644E-5
4.7276,1.651E-5
4.7298,1.658E-5
4.7314,1.663E-5
4.7331,1.639E-5
4.7351,1.633E-5
4.7368,1.652E-5
4.7388,1.634E-5
4.7404,1.646E-5
4.7425,1.651E-5
4.7442,1.643E-5
4.7463,1.644E-5
4.7479,1.635E-5
4.7496,1.645E-5
4.7517,1.644E-5
4.7533,1.655E-5
4.7554,1.652E-5
4.757,1.655E-5
4.7591,1.651E-5
4.7608,1.658E-5
4.7628,1.667E-5
4.7645,1.65E-5
4.7666,1.649E-5
4.7682,1.663E-5
4.7699,1.65E-5
4.7719,1.648E-5
4.7736,1.648E-5
4.7758,1.645E-5
4.7773,1.637E-5
4.779,1.647E-5
4.7811,1.658E-5
4.7828,1.661E-5
4.7849,1.655E-5
4.7865,1.645E-5
4.7885,1.638E-5
4.7902,1.645E-5
4.7918,1.646E-5
4.794,1.651E-5
4.7956,1.651E-5
4.7976,1.653E-5
4.7993,1.647E-5
4.8009,1.644E-5
4.8032,1.653E-5
4.8047,1.666E-5
4.8067,1.657E-5
4.8085,1.65E-5
4.8101,1.661E-5
4.8122,1.641E-5
4.8138,1.659E-5
4.8156,1.66E-5
4.8176,1.653E-5
4.8192,1.655E-5
4.8214,1.657E-5
4.8229,1.649E-5
4.8251,1.66E-5
4.8267,1.658E-5
4.8288,1.654E-5
4.8305,1.654E-5
4.8325,1.655E-5
4.8342,1.657E-5
4.8363,1.657E-5
4.8379,1.651E-5
4.8396,1.651E-5
4.8417,1.648E-5
4.8433,1.66E-5
4.8454,1.67E-5
4.8471,1.654E-5
4.8487,1.637E-5
4.8508,1.643E-5
4.8525,1.656E-5
4.8545,1.653E-5
4.8561,1.658E-5
4.8582,1.649E-5
4.8598,1.64E-5
4.8615,1.637E-5
4.8637,1.648E-5
4.8653,1.656E-5
4.8674,1.654E-5
4.8691,1.654E-5
4.8712,1.664E-5
4.8727,1.665E-5
4.8749,1.663E-5
4.8766,1.657E-5
4.8781,1.657E-5
4.8802,1.654E-5
4.8819,1.654E-5
4.884,1.66E-5
4.8857,1.645E-5
4.8874,1.652E-5
4.8895,1.656E-5
4.8912,1.635E-5
4.8932,1.641E-5
4.8949,1.644E-5
4.897,1.644E-5
4.8987,1.663E-5
4.9003,1.658E-5
4.9023,1.658E-5
4.904,1.663E-5
4.9062,1.657E-5
4.9077,1.659E-5
4.9099,1.651E-5
4.9115,1.651E-5
4.9132,1.644E-5
4.9152,1.644E-5
4.9168,1.639E-5
4.9189,1.649E-5
4.9206,1.644E-5
4.9223,1.646E-5
4.9244,1.668E-5
4.926,1.672E-5
4.9281,1.657E-5
4.9297,1.648E-5
4.9318,1.658E-5
4.9335,1.654E-5
4.9356,1.657E-5
4.9372,1.645E-5
4.9389,1.653E-5
4.9409,1.651E-5
4.9427,1.656E-5
4.9447,1.657E-5
4.9463,1.65E-5
4.9485,1.663E-5
4.95,1.661E-5
4.9518,1.676E-5
4.9538,1.659E-5
4.9555,1.647E-5
4.9575,1.649E-5
4.9592,1.661E-5
4.9609,1.655E-5
4.9629,1.654E-5
4.9646,1.659E-5
4.9667,1.655E-5
4.9684,1.656E-5
4.9704,1.651E-5
4.9721,1.657E-5
4.9737,1.65E-5
4.9757,1.643E-5
4.9774,1.656E-5
4.9795,1.664E-5
4.9812,1.663E-5
4.9833,1.666E-5
4.9848,1.651E-5
4.9866,1.639E-5
4.9887,1.65E-5
4.9903,1.657E-5
4.9924,1.656E-5
4.994,1.677E-5
4.9957,1.67E-5
4.9978,1.67E-5
4.9994,1.672E-5
5.0015,1.675E-5
5.0031,1.661E-5
5.0052,1.664E-5
5.0069,1.67E-5
5.0089,1.662E-5
5.0106,1.659E-5
5.0127,1.644E-5
5.0144,1.662E-5
5.016,1.655E-5
5.0181,1.66E-5
5.0197,1.666E-5
5.0218,1.657E-5
5.0235,1.667E-5
5.0252,1.663E-5
5.0272,1.654E-5
5.0289,1.653E-5
5.031,1.659E-5
5.0326,1.664E-5
5.0347,1.666E-5
5.0364,1.672E-5
5.0384,1.676E-5
5.0401,1.659E-5
5.0418,1.664E-5
5.0438,1.651E-5
5.0455,1.655E-5
5.0476,1.67E-5
5.0492,1.669E-5
5.0509,1.654E-5
5.0529,1.65E-5
5.0546,1.651E-5
5.0567,1.659E-5
5.0582,1.668E-5
5.0604,1.659E-5
5.062,1.649E-5
5.0641,1.647E-5
5.0657,1.659E-5
5.0674,1.664E-5
5.0695,1.658E-5
5.0712,1.647E-5
5.0732,1.648E-5
5.0749,1.662E-5
5.077,1.657E-5
5.0785,1.66E-5
5.0807,1.664E-5
5.0823,1.657E-5
5.0844,1.677E-5
5.0861,1.674E-5
5.0877,1.664E-5
5.0898,1.663E-5
5.0914,1.659E-5
5.0935,1.652E-5
5.0952,1.664E-5
5.0973,1.664E-5
5.0989,1.67E-5
5.1006,1.663E-5
5.1026,1.663E-5
5.1044,1.664E-5
5.1064,1.655E-5
5.108,1.648E-5
5.1102,1.651E-5
5.1118,1.655E-5
5.1139,1.651E-5
5.1155,1.652E-5
5.1172,1.649E-5
5.1193,1.657E-5
5.1209,1.662E-5
5.1226,1.665E-5
5.1247,1.665E-5
5.1263,1.655E-5
5.1283,1.658E-5
5.1301,1.649E-5
5.1321,1.653E-5
5.1338,1.676E-5
5.1355,1.671E-5
5.1375,1.663E-5
5.1392,1.661E-5
5.1413,1.663E-5
5.1429,1.674E-5
5.1449,1.682E-5
5.1466,1.678E-5
5.1482,1.682E-5
5.1504,1.663E-5
5.1521,1.661E-5
5.154,1.669E-5
5.1557,1.661E-5
5.1574,1.663E-5
5.1595,1.671E-5
5.1611,1.665E-5
5.1632,1.651E-5
5.1648,1.651E-5
5.1669,1.668E-5
5.1686,1.675E-5
5.1703,1.663E-5
5.1724,1.662E-5
5.174,1.654E-5
5.176,1.673E-5
5.1777,1.676E-5
5.1794,1.66E-5
5.1815,1.664E-5
5.1831,1.661E-5
5.1852,1.646E-5
5.1869,1.657E-5
5.1889,1.667E-5
5.1906,1.668E-5
5.1927,1.662E-5
5.1943,1.652E-5
5.1965,1.677E-5
5.1981,1.679E-5
5.1998,1.654E-5
5.2019,1.668E-5
5.2035,1.666E-5
5.2057,1.67E-5
5.2073,1.659E-5
5.2094,1.653E-5
5.211,1.66E-5
5.2131,1.663E-5
5.2148,1.675E-5
5.2168,1.674E-5
5.2186,1.664E-5
5.2202,1.677E-5
5.2223,1.676E-5
5.2239,1.665E-5
5.226,1.655E-5
5.2276,1.651E-5
5.2298,1.676E-5
5.2314,1.651E-5
5.2331,1.66E-5
5.2351,1.67E-5
5.2367,1.68E-5
5.2388,1.67E-5
5.2406,1.66E-5
5.2422,1.666E-5
5.2442,1.659E-5
5.2459,1.651E-5
5.248,1.657E-5
5.2496,1.679E-5
5.2513,1.667E-5
5.2533,1.678E-5
5.2551,1.675E-5
5.2571,1.663E-5
5.2587,1.662E-5
5.2608,1.666E-5
5.2625,1.667E-5
5.2645,1.666E-5
5.2663,1.651E-5
5.2678,1.664E-5
5.27,1.657E-5
5.2716,1.656E-5
5.2733,1.661E-5
5.2754,1.667E-5
5.277,1.662E-5
5.2791,1.665E-5
5.2808,1.675E-5
5.2825,1.667E-5
5.2845,1.667E-5
5.2861,1.669E-5
5.2878,1.659E-5
5.2899,1.672E-5
5.2915,1.681E-5
5.2932,1.669E-5
5.2953,1.649E-5
5.297,1.656E-5
5.299,1.651E-5
5.3006,1.673E-5
5.3023,1.663E-5
5.3045,1.652E-5
5.3061,1.657E-5
5.3078,1.661E-5
5.3098,1.657E-5
5.3115,1.662E-5
5.3131,1.661E-5
5.3151,1.658E-5
5.3168,1.65E-5
5.319,1.653E-5
5.3206,1.669E-5
5.3223,1.672E-5
5.3243,1.687E-5
5.326,1.677E-5
5.328,1.672E-5
5.3297,1.678E-5
5.3318,1.672E-5
5.3334,1.67E-5
5.3351,1.669E-5
5.3372,1.666E-5
5.3389,1.668E-5
5.341,1.669E-5
5.3425,1.668E-5
5.3443,1.67E-5
5.3463,1.66E-5
5.348,1.67E-5
5.3501,1.666E-5
5.3517,1.669E-5
5.3538,1.666E-5
5.3554,1.666E-5
5.3575,1.668E-5
5.3592,1.668E-5
5.3612,1.68E-5
5.3629,1.678E-5
5.3645,1.661E-5
5.3666,1.661E-5
5.3683,1.668E-5
5.3699,1.659E-5
5.3719,1.669E-5
5.3736,1.653E-5
5.3757,1.655E-5
5.3774,1.657E-5
5.379,1.664E-5
5.381,1.669E-5
5.3827,1.659E-5
5.3848,1.657E-5
5.3866,1.671E-5
5.3885,1.671E-5
5.3901,1.675E-5
5.3919,1.687E-5
5.394,1.682E-5
5.3956,1.676E-5
5.3977,1.672E-5
5.3993,1.683E-5
5.401,1.678E-5
5.4031,1.664E-5
5.4047,1.669E-5
5.4068,1.667E-5
5.4085,1.667E-5
5.4105,1.671E-5
5.4122,1.682E-5
5.4138,1.671E-5
5.4159,1.656E-5
5.4176,1.664E-5
5.4197,1.668E-5
5.4213,1.68E-5
5.4235,1.684E-5
5.425,1.661E-5
5.4271,1.655E-5
5.4288,1.662E-5
5.4305,1.678E-5
5.4326,1.693E-5
5.4342,1.685E-5
5.4359,1.679E-5
5.4379,1.685E-5
5.4396,1.683E-5
5.4417,1.666E-5
5.4433,1.675E-5
5.4455,1.698E-5
5.4471,1.689E-5
5.4491,1.681E-5
5.4509,1.663E-5
5.4529,1.665E-5
5.4546,1.671E-5
5.4562,1.698E-5
5.4583,1.686E-5
5.46,1.696E-5
5.4621,1.69E-5
5.4636,1.673E-5
5.4658,1.688E-5
5.4674,1.672E-5
5.4691,1.66E-5
5.4711,1.67E-5
5.4727,1.674E-5
5.475,1.673E-5
5.4766,1.674E-5
5.4786,1.677E-5
5.4803,1.685E-5
5.4823,1.675E-5
5.484,1.676E-5
5.4861,1.665E-5
5.4877,1.656E-5
5.4898,1.661E-5
5.4915,1.667E-5
5.4932,1.672E-5
5.4952,1.667E-5
5.4969,1.67E-5
5.499,1.665E-5
5.5007,1.68E-5
5.5023,1.681E-5
5.5044,1.668E-5
5.5061,1.66E-5
5.5082,1.682E-5
5.5099,1.666E-5
5.5119,1.667E-5
5.5136,1.693E-5
5.5157,1.696E-5
5.5174,1.697E-5
5.519,1.683E-5
5.5212,1.676E-5
5.5227,1.677E-5
5.5248,1.67E-5
5.5266,1.673E-5
5.5282,1.686E-5
5.5303,1.687E-5
5.5319,1.682E-5
5.534,1.681E-5
5.5357,1.683E-5
5.5377,1.683E-5
5.5395,1.673E-5
5.5411,1.667E-5
5.5431,1.661E-5
5.5449,1.678E-5
5.5465,1.691E-5
5.5486,1.684E-5
5.5502,1.683E-5
5.5522,1.662E-5
5.554,1.672E-5
5.5561,1.682E-5
5.5578,1.688E-5
5.5598,1.682E-5
5.5614,1.676E-5
5.5631,1.67E-5
5.5652,1.67E-5
5.5669,1.672E-5
5.569,1.656E-5
5.5705,1.666E-5
5.5726,1.678E-5
5.5743,1.683E-5
5.5759,1.693E-5
5.5781,1.699E-5
5.5797,1.696E-5
5.5818,1.68E-5
5.5834,1.67E-5
5.5855,1.67E-5
5.5871,1.667E-5
5.5893,1.68E-5
5.5909,1.677E-5
5.593,1.694E-5
5.5947,1.682E-5
5.5963,1.67E-5
5.5983,1.677E-5
5.6001,1.676E-5
5.6021,1.678E-5
5.6038,1.69E-5
5.6054,1.675E-5
5.6076,1.678E-5
5.6092,1.692E-5
5.6113,1.69E-5
5.613,1.679E-5
5.6146,1.692E-5
5.6166,1.682E-5
5.6183,1.676E-5
5.6204,1.677E-5
5.6221,1.677E-5
5.6241,1.673E-5
5.6257,1.682E-5
5.6274,1.683E-5
5.6296,1.68E-5
5.6312,1.69E-5
5.6333,1.693E-5
5.6349,1.707E-5
5.637,1.702E-5
5.6386,1.689E-5
5.6407,1.692E-5
5.6425,1.689E-5
5.6445,1.681E-5
5.646,1.69E-5
5.6478,1.703E-5
5.6498,1.696E-5
5.6516,1.686E-5
5.6537,1.684E-5
5.6553,1.695E-5
5.6573,1.69E-5
5.6589,1.709E-5
5.6606,1.693E-5
5.6628,1.689E-5
5.6644,1.691E-5
5.6664,1.681E-5
5.6681,1.695E-5
5.6701,1.692E-5
5.6718,1.705E-5
5.6734,1.697E-5
5.6755,1.684E-5
5.6772,1.685E-5
5.6793,1.693E-5
5.6809,1.685E-5
5.683,1.687E-5
5.6846,1.679E-5
5.6863,1.676E-5
5.6884,1.69E-5
5.6901,1.696E-5
5.6921,1.698E-5
5.6938,1.688E-5
5.6954,1.687E-5
5.6975,1.696E-5
5.6991,1.693E-5
5.7012,1.689E-5
5.7029,1.685E-5
5.7046,1.7E-5
5.7066,1.695E-5
5.7082,1.697E-5
5.7104,1.714E-5
5.712,1.701E-5
5.714,1.684E-5
5.7157,1.685E-5
5.7179,1.684E-5
5.7195,1.683E-5
5.7212,1.679E-5
5.7232,1.695E-5
5.7249,1.694E-5
5.727,1.694E-5
5.7287,1.695E-5
5.7307,1.686E-5
5.7323,1.681E-5
5.734,1.685E-5
5.7361,1.681E-5
5.7377,1.683E-5
5.7399,1.68E-5
5.7414,1.688E-5
5.7435,1.681E-5
5.7452,1.686E-5
5.7473,1.681E-5
5.7489,1.687E-5
5.751,1.682E-5
5.7527,1.677E-5
5.7547,1.672E-5
5.7564,1.69E-5
5.758,1.69E-5
5.7601,1.696E-5
5.7617,1.683E-5
5.7638,1.688E-5
5.7655,1.699E-5
5.7672,1.675E-5
5.7692,1.683E-5
5.7709,1.696E-5
5.773,1.673E-5
5.7746,1.671E-5
5.7767,1.671E-5
5.7784,1.673E-5
5.7805,1.683E-5
5.7821,1.675E-5
5.7842,1.671E-5
5.7859,1.675E-5
5.7875,1.68E-5
5.7896,1.679E-5
5.7913,1.667E-5
5.7933,1.666E-5
5.795,1.694E-5
5.7968,1.697E-5
5.7988,1.689E-5
5.8004,1.673E-5
5.8025,1.683E-5
5.8042,1.688E-5
5.8058,1.673E-5
5.8079,1.678E-5
5.8096,1.689E-5
5.8117,1.688E-5
5.8134,1.694E-5
5.815,1.679E-5
5.8171,1.677E-5
5.8188,1.686E-5
5.8205,1.677E-5
5.8225,1.683E-5
5.8241,1.692E-5
5.8263,1.691E-5
5.828,1.696E-5
5.83,1.691E-5
5.8317,1.689E-5
5.8332,1.687E-5
5.8354,1.686E-5
5.837,1.681E-5
5.8391,1.673E-5
5.8408,1.683E-5
5.8429,1.685E-5
5.8445,1.679E-5
5.8466,1.695E-5
5.8482,1.685E-5
5.8504,1.696E-5
5.852,1.694E-5
5.8541,1.691E-5
5.8558,1.696E-5
5.8574,1.682E-5
5.8595,1.683E-5
5.8612,1.681E-5
5.8632,1.687E-5
5.8649,1.692E-5
5.867,1.7E-5
5.8686,1.692E-5
5.8707,1.691E-5
5.8724,1.698E-5
5.8741,1.704E-5
5.8761,1.7E-5
5.8777,1.694E-5
5.8799,1.696E-5
5.8815,1.685E-5
5.8835,1.686E-5
5.8852,1.687E-5
5.8868,1.684E-5
5.889,1.686E-5
5.8907,1.684E-5
5.8927,1.692E-5
5.8943,1.691E-5
5.896,1.692E-5
5.8982,1.697E-5
5.8998,1.7E-5
5.9018,1.698E-5
5.9035,1.69E-5
5.9052,1.695E-5
5.9072,1.712E-5
5.9088,1.714E-5
5.9109,1.708E-5
5.9126,1.703E-5
5.9143,1.693E-5
5.9164,1.706E-5
5.918,1.701E-5
5.9201,1.694E-5
5.9217,1.7E-5
5.9238,1.7E-5
5.9255,1.705E-5
5.9275,1.692E-5
5.9292,1.692E-5
5.9313,1.686E-5
5.9329,1.71E-5
5.935,1.71E-5
5.9367,1.698E-5
5.9387,1.714E-5
5.9404,1.708E-5
5.9421,1.709E-5
5.9442,1.712E-5
5.9458,1.705E-5
5.9479,1.692E-5
5.9496,1.691E-5
5.9517,1.703E-5
5.9533,1.703E-5
5.9554,1.704E-5
5.957,1.715E-5
5.9591,1.701E-5
5.9611,1.694E-5
5.9632,1.712E-5
5.9648,1.71E-5
5.9665,1.693E-5
5.9685,1.696E-5
5.9703,1.701E-5
5.9722,1.698E-5
5.9739,1.7E-5
5.9755,1.71E-5
5.9777,1.705E-5
5.9794,1.717E-5
5.9813,1.714E-5
5.983,1.698E-5
5.9851,1.696E-5
5.9867,1.703E-5
5.9884,1.704E-5
5.9906,1.714E-5
5.9923,1.714E-5
5.995,1.71E-5
5.9967,1.68E-5
5.9984,1.69E-5
6.0009,1.717E-5
6.0029,1.723E-5
6.0045,1.711E-5
6.0062,1.711E-5
6.0083,1.71E-5
6.01,1.693E-5
6.012,1.696E-5
6.0141,1.693E-5
6.0162,1.679E-5
6.0179,1.705E-5
6.0199,1.705E-5
6.022,1.683E-5
6.0237,1.679E-5
6.0253,1.691E-5
6.0274,1.678E-5
6.0295,1.698E-5
6.0316,1.709E-5
6.0332,1.704E-5
6.0353,1.697E-5
6.037,1.704E-5
6.039,1.693E-5
6.0411,1.695E-5
6.0428,1.692E-5
6.0449,1.694E-5
6.0465,1.708E-5
6.0482,1.705E-5
6.0502,1.677E-5
6.0519,1.695E-5
6.0539,1.7E-5
6.0556,1.699E-5
6.0577,1.696E-5
6.0593,1.699E-5
6.0611,1.71E-5
6.0631,1.692E-5
6.0647,1.685E-5
6.0669,1.692E-5
6.0685,1.694E-5
6.0706,1.709E-5
6.0723,1.704E-5
6.0743,1.693E-5
6.0759,1.69E-5
6.0781,1.697E-5
6.0797,1.69E-5
6.0817,1.699E-5
6.0834,1.707E-5
6.085,1.692E-5
6.0875,1.683E-5
6.09,1.682E-5
6.0917,1.695E-5
6.0938,1.71E-5
6.0954,1.696E-5
6.0975,1.693E-5
6.0996,1.688E-5
6.1012,1.688E-5
6.103,1.685E-5
6.1054,1.703E-5
6.1071,1.718E-5
6.1091,1.71E-5
6.1108,1.69E-5
6.1129,1.698E-5
6.1147,1.701E-5
6.1167,1.701E-5
6.1183,1.699E-5
6.1204,1.702E-5
6.1224,1.712E-5
6.1242,1.708E-5
6.1259,1.704E-5
6.1279,1.703E-5
6.1303,1.712E-5
6.1325,1.709E-5
6.135,1.713E-5
6.1367,1.698E-5
6.1383,1.706E-5
6.1403,1.701E-5
6.142,1.69E-5
6.1441,1.702E-5
6.1458,1.699E-5
6.1478,1.705E-5
6.1499,1.711E-5
6.1515,1.7E-5
6.1536,1.696E-5
6.1557,1.705E-5
6.1583,1.708E-5
6.1602,1.705E-5
6.1619,1.716E-5
6.1641,1.717E-5
6.1657,1.711E-5
6.1673,1.712E-5
6.1694,1.7E-5
6.1709,1.711E-5
6.1735,1.692E-5
6.1752,1.705E-5
6.1772,1.722E-5
6.1793,1.694E-5
6.181,1.711E-5
6.1831,1.716E-5
6.1851,1.713E-5
6.1871,1.707E-5
6.1889,1.712E-5
6.1909,1.716E-5
6.1926,1.714E-5
6.1942,1.718E-5
6.1963,1.71E-5
6.198,1.703E-5
6.2,1.721E-5
6.2017,1.703E-5
6.2038,1.69E-5
6.2054,1.706E-5
6.2075,1.713E-5
6.2092,1.719E-5
6.2112,1.727E-5
6.2129,1.726E-5
6.215,1.717E-5
6.217,1.725E-5
6.2187,1.725E-5
6.2204,1.749E-5
6.2224,1.739E-5
6.2241,1.729E-5
6.2266,1.707E-5
6.2282,1.715E-5
6.2303,1.735E-5
6.232,1.735E-5
6.2341,1.734E-5
6.2357,1.722E-5
6.2374,1.725E-5
6.2394,1.722E-5
6.241,1.711E-5
6.2432,1.711E-5
6.2448,1.711E-5
6.2468,1.712E-5
6.2489,1.709E-5
6.251,1.711E-5
6.2527,1.723E-5
6.2548,1.716E-5
6.2564,1.716E-5
6.2581,1.726E-5
6.2602,1.722E-5
6.2618,1.712E-5
6.2639,1.718E-5
6.2656,1.711E-5
6.2684,1.709E-5
6.2701,1.715E-5
6.2722,1.706E-5
6.2742,1.698E-5
6.2763,1.731E-5
6.278,1.725E-5
6.28,1.714E-5
6.2817,1.708E-5
6.2846,1.703E-5
6.2862,1.705E-5
6.2883,1.701E-5
6.2899,1.699E-5
6.2917,1.714E-5
6.2936,1.71E-5
6.2953,1.713E-5
6.2975,1.709E-5
6.2991,1.706E-5
6.3008,1.717E-5
6.3028,1.703E-5
6.3046,1.698E-5
6.3065,1.706E-5
6.3083,1.709E-5
6.3098,1.709E-5
6.312,1.7E-5
6.3136,1.695E-5
6.3158,1.719E-5
6.3177,1.709E-5
6.3198,1.7E-5
6.3215,1.708E-5
6.3235,1.709E-5
6.3252,1.715E-5
6.3273,1.71E-5
6.3299,1.718E-5
6.3324,1.701E-5
6.3348,1.715E-5
6.3364,1.696E-5
6.3385,1.701E-5
6.3402,1.712E-5
6.3427,1.733E-5
6.3443,1.709E-5
6.3469,1.692E-5
6.3484,1.706E-5
6.3502,1.694E-5
6.3522,1.705E-5
6.354,1.686E-5
6.356,1.692E-5
6.3576,1.703E-5
6.3601,1.693E-5
6.3618,1.708E-5
6.3639,1.69E-5
6.3656,1.688E-5
6.3672,1.702E-5
6.3693,1.688E-5
6.371,1.705E-5
6.3731,1.714E-5
6.3746,1.708E-5
6.3768,1.701E-5
6.3788,1.708E-5
6.3805,1.706E-5
6.3826,1.694E-5
6.3843,1.704E-5
6.386,1.708E-5
6.3881,1.702E-5
6.3896,1.693E-5
6.3917,1.693E-5
6.3939,1.698E-5
6.396,1.715E-5
6.3975,1.721E-5
6.3992,1.726E-5
6.4014,1.716E-5
6.4029,1.71E-5
6.4051,1.706E-5
6.4076,1.709E-5
6.4101,1.721E-5
6.4117,1.707E-5
6.4138,1.704E-5
6.4154,1.697E-5
6.4176,1.696E-5
6.4192,1.71E-5
6.421,1.71E-5
6.423,1.722E-5
6.4246,1.711E-5
6.4268,1.71E-5
6.4284,1.711E-5
6.431,1.733E-5
6.433,1.715E-5
6.4347,1.729E-5
6.4368,1.725E-5
6.4384,1.715E-5
6.4405,1.714E-5
6.4422,1.708E-5
6.4443,1.715E-5
6.446,1.735E-5
6.448,1.723E-5
6.4496,1.719E-5
6.4522,1.715E-5
6.4543,1.709E-5
6.456,1.705E-5
6.458,1.706E-5
6.4597,1.711E-5
6.4617,1.713E-5
6.4633,1.729E-5
6.4651,1.728E-5
6.4672,1.733E-5
6.4689,1.747E-5
6.4709,1.738E-5
6.4725,1.728E-5
6.4747,1.729E-5
6.4763,1.739E-5
6.478,1.709E-5
6.48,1.722E-5
6.4825,1.737E-5
6.4843,1.734E-5
6.4859,1.716E-5
6.488,1.719E-5
6.4896,1.736E-5
6.4917,1.73E-5
6.4934,1.734E-5
6.4959,1.723E-5
6.498,1.731E-5
6.4997,1.737E-5
6.5017,1.73E-5
6.5034,1.74E-5
6.5055,1.74E-5
6.5072,1.738E-5
6.5092,1.729E-5
6.5108,1.712E-5
6.5129,1.731E-5
6.5146,1.732E-5
6.5167,1.738E-5
6.5188,1.729E-5
6.5209,1.724E-5
6.523,1.728E-5
6.5251,1.726E-5
6.5266,1.739E-5
6.5288,1.738E-5
6.5305,1.726E-5
6.5325,1.738E-5
6.5342,1.736E-5
6.5363,1.726E-5
6.5379,1.737E-5
6.5401,1.729E-5
6.5417,1.733E-5
6.5437,1.757E-5
6.5454,1.762E-5
6.5475,1.763E-5
6.5492,1.734E-5
6.5513,1.742E-5
6.553,1.75E-5
6.5546,1.746E-5
6.5567,1.731E-5
6.5592,1.729E-5
6.5613,1.749E-5
6.5629,1.754E-5
6.565,1.742E-5
6.5671,1.742E-5
6.5689,1.732E-5
6.5709,1.735E-5
6.5725,1.736E-5
6.5741,1.739E-5
6.5762,1.739E-5
6.5783,1.746E-5
6.58,1.744E-5
6.5817,1.759E-5
6.5837,1.731E-5
6.5854,1.739E-5
6.5874,1.74E-5
6.5892,1.754E-5
6.5912,1.742E-5
6.5929,1.739E-5
6.5949,1.749E-5
6.5966,1.75E-5
6.5982,1.736E-5
6.6003,1.729E-5
6.6025,1.745E-5
6.6049,1.74E-5
6.6066,1.735E-5
6.6087,1.742E-5
6.6103,1.755E-5
6.6125,1.737E-5
6.614,1.742E-5
6.6158,1.738E-5
6.6178,1.742E-5
6.6196,1.74E-5
6.6216,1.73E-5
6.6232,1.716E-5
6.6253,1.724E-5
6.627,1.729E-5
6.6296,1.735E-5
6.6311,1.735E-5
6.6331,1.736E-5
6.6349,1.734E-5
6.637,1.718E-5
6.6386,1.726E-5
6.6403,1.716E-5
6.6423,1.717E-5
6.6441,1.715E-5
6.6461,1.726E-5
6.6478,1.729E-5
6.6494,1.727E-5
6.6525,1.711E-5
6.654,1.732E-5
6.6561,1.739E-5
6.6578,1.713E-5
6.6598,1.708E-5
6.6615,1.723E-5
6.6631,1.718E-5
6.6652,1.73E-5
6.667,1.73E-5
6.669,1.72E-5
6.6715,1.709E-5
6.6732,1.717E-5
6.6752,1.722E-5
6.6769,1.714E-5
6.679,1.724E-5
6.6807,1.725E-5
6.6823,1.722E-5
6.6844,1.714E-5
6.6861,1.703E-5
6.6881,1.71E-5
6.6902,1.721E-5
6.6919,1.723E-5
6.6939,1.725E-5
6.6961,1.713E-5
6.6977,1.721E-5
6.6998,1.715E-5
6.7014,1.716E-5
6.7035,1.712E-5
6.7052,1.721E-5
6.7072,1.726E-5
6.7089,1.71E-5
6.711,1.719E-5
6.7131,1.711E-5
6.7148,1.71E-5
6.7164,1.718E-5
6.7184,1.723E-5
6.7201,1.714E-5
6.7223,1.724E-5
6.7248,1.717E-5
6.7264,1.722E-5
6.7281,1.719E-5
6.7302,1.714E-5
6.7322,1.711E-5
6.7339,1.716E-5
6.7364,1.722E-5
6.7386,1.721E-5
6.7403,1.715E-5
6.7423,1.703E-5
6.7439,1.731E-5
6.746,1.738E-5
6.7477,1.723E-5
6.7498,1.717E-5
6.7513,1.706E-5
6.7531,1.714E-5
6.756,1.71E-5
6.7576,1.711E-5
6.7598,1.718E-5
6.7614,1.721E-5
6.7635,1.724E-5
6.7652,1.72E-5
6.7668,1.719E-5
6.7689,1.724E-5
6.7705,1.723E-5
6.7726,1.719E-5
6.7743,1.724E-5
6.7764,1.73E-5
6.778,1.724E-5
6.7801,1.736E-5
6.7816,1.736E-5
6.7834,1.732E-5
6.7855,1.725E-5
6.7872,1.729E-5
6.7891,1.72E-5
6.7909,1.715E-5
6.793,1.719E-5
6.7946,1.727E-5
6.7961,1.735E-5
6.7984,1.733E-5
6.8,1.735E-5
6.8021,1.727E-5
6.8037,1.73E-5
6.8053,1.747E-5
6.8076,1.744E-5
6.8091,1.743E-5
6.8109,1.744E-5
6.8129,1.753E-5
6.8146,1.736E-5
6.8166,1.742E-5
6.8182,1.756E-5
6.8207,1.756E-5
6.8224,1.747E-5
6.8249,1.737E-5
6.8274,1.755E-5
6.8294,1.747E-5
6.8311,1.757E-5
6.8332,1.748E-5
6.8352,1.745E-5
6.837,1.767E-5
6.839,1.756E-5
6.8407,1.75E-5
6.8427,1.76E-5
6.8444,1.757E-5
6.8465,1.746E-5
6.8481,1.746E-5
6.8498,1.755E-5
6.8518,1.768E-5
6.8539,1.764E-5
6.856,1.744E-5
6.8589,1.758E-5
6.8606,1.765E-5
6.8627,1.768E-5
6.8643,1.753E-5
6.8664,1.745E-5
6.8681,1.751E-5
6.8698,1.758E-5
6.8718,1.774E-5
6.8735,1.773E-5
6.8752,1.756E-5
6.8772,1.755E-5
6.8797,1.764E-5
6.8817,1.75E-5
6.8842,1.752E-5
6.8859,1.763E-5
6.8878,1.757E-5
6.8896,1.77E-5
6.8912,1.785E-5
6.8934,1.767E-5
6.8959,1.769E-5
6.8975,1.756E-5
6.8995,1.769E-5
6.9012,1.762E-5
6.9037,1.77E-5
6.9054,1.77E-5
6.9071,1.764E-5
6.9091,1.765E-5
6.9107,1.76E-5
6.9124,1.755E-5
6.9144,1.77E-5
6.9161,1.764E-5
6.9182,1.768E-5
6.9199,1.768E-5
6.9219,1.765E-5
6.9236,1.767E-5
6.9257,1.74E-5
6.9278,1.748E-5
6.9302,1.761E-5
6.9323,1.759E-5
6.934,1.755E-5
6.9361,1.755E-5
6.9377,1.761E-5
6.9394,1.768E-5
6.9415,1.753E-5
6.9431,1.757E-5
6.9452,1.749E-5
6.9472,1.755E-5
6.9498,1.747E-5
6.9523,1.744E-5
6.9547,1.764E-5
6.9564,1.763E-5
6.9585,1.761E-5
6.9602,1.757E-5
6.9622,1.755E-5
6.9638,1.746E-5
6.9659,1.744E-5
6.9676,1.749E-5
6.9701,1.754E-5
6.9717,1.763E-5
6.9737,1.767E-5
6.9754,1.76E-5
6.9776,1.764E-5
6.9791,1.746E-5
6.9813,1.751E-5
6.983,1.757E-5
6.9854,1.748E-5
6.9879,1.746E-5
6.9896,1.749E-5
6.9912,1.746E-5
6.9937,1.749E-5
6.9957,1.729E-5
6.9974,1.745E-5
6.9991,1.734E-5
7.0011,1.723E-5
7.0029,1.748E-5
7.005,1.749E-5
7.007,1.739E-5
7.009,1.736E-5
7.0108,1.751E-5
7.0133,1.748E-5
7.0157,1.749E-5
7.0174,1.727E-5
7.0199,1.737E-5
7.0215,1.744E-5
7.0241,1.749E-5
7.0258,1.752E-5
7.0278,1.757E-5
7.0298,1.748E-5
7.0315,1.739E-5
7.0337,1.74E-5
7.0353,1.746E-5
7.0374,1.718E-5
7.0391,1.718E-5
7.0407,1.73E-5
7.0436,1.733E-5
7.0453,1.724E-5
7.0478,1.72E-5
7.0494,1.722E-5
7.0515,1.717E-5
7.0537,1.721E-5
7.0553,1.736E-5
7.0569,1.727E-5
7.059,1.725E-5
7.0606,1.72E-5
7.0624,1.726E-5
7.0643,1.745E-5
7.0661,1.725E-5
7.0682,1.721E-5
7.0698,1.727E-5
7.0724,1.721E-5
7.074,1.742E-5
7.076,1.736E-5
7.0777,1.735E-5
7.0798,1.726E-5
7.0814,1.716E-5
7.0831,1.712E-5
7.0852,1.716E-5
7.0869,1.734E-5
7.0889,1.742E-5
7.091,1.721E-5
7.0928,1.727E-5
7.0948,1.732E-5
7.0964,1.725E-5
7.0984,1.721E-5
7.1001,1.723E-5
7.1018,1.723E-5
7.1039,1.733E-5
7.106,1.722E-5
7.1076,1.728E-5
7.1097,1.732E-5
7.1113,1.713E-5
7.1134,1.729E-5
7.1151,1.734E-5
7.1171,1.748E-5
7.1188,1.736E-5
7.1213,1.729E-5
7.1234,1.743E-5
7.1254,1.743E-5
7.127,1.743E-5
7.1292,1.728E-5
7.1308,1.729E-5
7.1329,1.739E-5
7.1345,1.728E-5
7.1363,1.724E-5
7.1383,1.716E-5
7.14,1.73E-5
7.142,1.744E-5
7.1437,1.721E-5
7.1457,1.732E-5
7.1475,1.734E-5
7.149,1.731E-5
7.1512,1.744E-5
7.1528,1.755E-5
7.155,1.736E-5
7.1574,1.735E-5
7.1591,1.748E-5
7.1608,1.748E-5
7.1627,1.734E-5
7.1649,1.744E-5
7.1673,1.75E-5
7.1691,1.741E-5
7.1711,1.748E-5
7.1729,1.739E-5
7.1749,1.74E-5
7.1765,1.764E-5
7.1786,1.76E-5
7.1803,1.748E-5
7.182,1.736E-5
7.1844,1.747E-5
7.186,1.754E-5
7.1881,1.755E-5
7.1901,1.754E-5
7.1919,1.768E-5
7.1939,1.775E-5
7.1955,1.768E-5
7.1977,1.77E-5
7.1997,1.773E-5
7.2018,1.75E-5
7.2038,1.744E-5
7.2055,1.755E-5
7.2076,1.782E-5
7.2092,1.768E-5
7.2109,1.761E-5
7.213,1.766E-5
7.2146,1.76E-5
7.2167,1.767E-5
7.2183,1.761E-5
7.2204,1.773E-5
7.2226,1.771E-5
7.225,1.781E-5
7.2266,1.772E-5
7.2283,1.779E-5
7.2304,1.779E-5
7.232,1.775E-5
7.2341,1.778E-5
7.2359,1.763E-5
7.2375,1.765E-5
7.2395,1.771E-5
7.2412,1.768E-5
7.2433,1.776E-5
7.2449,1.781E-5
7.2465,1.804E-5
7.2486,1.794E-5
7.2506,1.774E-5
7.2529,1.778E-5
7.2544,1.787E-5
7.2565,1.788E-5
7.2582,1.792E-5
7.2598,1.786E-5
7.2619,1.794E-5
7.264,1.793E-5
7.2656,1.794E-5
7.2673,1.789E-5
7.2694,1.786E-5
7.2711,1.789E-5
7.2731,1.794E-5
7.2752,1.788E-5
7.2768,1.79E-5
7.2789,1.787E-5
7.2805,1.794E-5
7.2826,1.8E-5
7.2843,1.801E-5
7.2864,1.791E-5
7.2884,1.794E-5
7.2902,1.799E-5
7.2927,1.8E-5
7.2946,1.789E-5
7.2964,1.788E-5
7.298,1.792E-5
7.3001,1.8E-5
7.3017,1.785E-5
7.3039,1.796E-5
7.3055,1.779E-5
7.3076,1.788E-5
7.3092,1.806E-5
7.3108,1.786E-5
7.313,1.792E-5
7.3145,1.801E-5
7.3167,1.8E-5
7.3185,1.803E-5
7.3201,1.781E-5
7.322,1.789E-5
7.3236,1.794E-5
7.3259,1.796E-5
7.3276,1.79E-5
7.3296,1.788E-5
7.3317,1.799E-5
7.3333,1.798E-5
7.335,1.794E-5
7.337,1.789E-5
7.3387,1.785E-5
7.3409,1.795E-5
7.3425,1.802E-5
7.3442,1.792E-5
7.3462,1.804E-5
7.3483,1.788E-5
7.35,1.778E-5
7.3521,1.779E-5
7.3537,1.781E-5
7.3559,1.792E-5
7.3574,1.8E-5
7.3596,1.789E-5
7.3616,1.788E-5
7.3638,1.782E-5
7.3658,1.801E-5
7.3674,1.786E-5
7.3695,1.767E-5
7.3712,1.773E-5
7.3729,1.775E-5
7.3749,1.788E-5
7.377,1.787E-5
7.3787,1.798E-5
7.3808,1.792E-5
7.3828,1.767E-5
7.3845,1.779E-5
7.3865,1.792E-5
7.3882,1.79E-5
7.3902,1.777E-5
7.3919,1.772E-5
7.3947,1.77E-5
7.3965,1.781E-5
7.3982,1.779E-5
7.4002,1.753E-5
7.4018,1.761E-5
7.4039,1.765E-5
7.4055,1.78E-5
7.4077,1.772E-5
7.4093,1.762E-5
7.4111,1.758E-5
7.4131,1.766E-5
7.4147,1.753E-5
7.4172,1.749E-5
7.4192,1.75E-5
7.4209,1.743E-5
7.423,1.742E-5
7.4246,1.752E-5
7.4263,1.743E-5
7.4283,1.74E-5
7.4308,1.752E-5
7.4329,1.76E-5
7.4346,1.741E-5
7.4362,1.755E-5
7.4382,1.759E-5
7.44,1.738E-5
7.442,1.751E-5
7.4437,1.755E-5
7.4462,1.764E-5
7.4488,1.733E-5
7.4504,1.737E-5
7.4528,1.763E-5
7.4545,1.753E-5
7.4566,1.755E-5
7.4582,1.75E-5
7.4599,1.749E-5
7.4619,1.735E-5
7.4636,1.73E-5
7.4657,1.752E-5
7.4674,1.759E-5
7.469,1.739E-5
7.4714,1.737E-5
7.4731,1.736E-5
7.4752,1.746E-5
7.4773,1.74E-5
7.4794,1.74E-5
7.4811,1.74E-5
7.4831,1.742E-5
7.4847,1.734E-5
7.4864,1.736E-5
7.4885,1.744E-5
7.4901,1.741E-5
7.4922,1.747E-5
7.4938,1.748E-5
7.496,1.743E-5
7.498,1.735E-5
7.5,1.737E-5
7.5026,1.733E-5
7.5042,1.742E-5
7.5059,1.735E-5
7.5079,1.731E-5
7.5099,1.735E-5
7.5115,1.735E-5
7.5138,1.73E-5
7.5154,1.733E-5
7.5178,1.73E-5
7.5195,1.735E-5
7.522,1.74E-5
7.5237,1.748E-5
7.5261,1.746E-5
7.5287,1.761E-5
7.5303,1.737E-5
7.5328,1.734E-5
7.5344,1.733E-5
7.5369,1.747E-5
7.5389,1.746E-5
7.5407,1.744E-5
7.5426,1.743E-5
7.5443,1.745E-5
7.546,1.74E-5
7.5481,1.738E-5
7.5498,1.744E-5
7.5522,1.741E-5
7.5539,1.742E-5
7.5556,1.739E-5
7.5576,1.746E-5
7.5592,1.738E-5
7.5614,1.751E-5
7.563,1.749E-5
7.5647,1.757E-5
7.5667,1.763E-5
7.5689,1.74E-5
7.5705,1.749E-5
7.5722,1.749E-5
7.5747,1.756E-5
7.5768,1.764E-5
7.5789,1.758E-5
7.5808,1.761E-5
7.5826,1.758E-5
7.5851,1.775E-5
7.5867,1.769E-5
7.5888,1.765E-5
7.5904,1.764E-5
7.5925,1.761E-5
7.5942,1.764E-5
7.5961,1.772E-5
7.5978,1.771E-5
7.5999,1.781E-5
7.6016,1.776E-5
7.6032,1.77E-5
7.6054,1.773E-5
7.607,1.781E-5
7.6091,1.774E-5
7.6108,1.773E-5
7.6128,1.782E-5
7.6144,1.773E-5
7.6166,1.781E-5
7.6182,1.802E-5
7.6202,1.792E-5
7.622,1.78E-5
7.624,1.78E-5
7.6257,1.789E-5
7.6273,1.793E-5
7.6294,1.808E-5
7.6311,1.788E-5
7.6332,1.795E-5
7.6348,1.787E-5
7.637,1.787E-5
7.6385,1.795E-5
7.6406,1.786E-5
7.6423,1.796E-5
7.6443,1.796E-5
7.6461,1.807E-5
7.6476,1.805E-5
7.6498,1.8E-5
7.6515,1.807E-5
7.6536,1.8E-5
7.6552,1.814E-5
7.6569,1.818E-5
7.659,1.826E-5
7.6614,1.806E-5
7.6635,1.813E-5
7.6652,1.804E-5
7.6669,1.794E-5
7.6689,1.798E-5
7.6705,1.813E-5
7.6722,1.816E-5
7.6742,1.818E-5
7.6767,1.81E-5
7.6784,1.814E-5
7.6809,1.797E-5
7.6827,1.805E-5
7.6847,1.814E-5
7.6867,1.806E-5
7.6884,1.838E-5
7.6905,1.833E-5
7.6922,1.829E-5
7.6942,1.826E-5
7.696,1.826E-5
7.6979,1.826E-5
7.6996,1.822E-5
7.7013,1.826E-5
7.7034,1.833E-5
7.7055,1.838E-5
7.7075,1.84E-5
7.7092,1.832E-5
7.7113,1.819E-5
7.7129,1.823E-5
7.7154,1.828E-5
7.7174,1.828E-5
7.7191,1.81E-5
7.7212,1.819E-5
7.7233,1.843E-5
7.725,1.823E-5
7.7266,1.818E-5
7.7286,1.841E-5
7.7303,1.814E-5
7.7324,1.818E-5
7.7341,1.821E-5
7.7366,1.827E-5
7.7382,1.83E-5
7.7402,1.831E-5
7.742,1.829E-5
7.744,1.836E-5
7.7457,1.833E-5
7.7473,1.834E-5
7.7494,1.828E-5
7.7515,1.844E-5
7.7535,1.848E-5
7.7552,1.827E-5
7.7573,1.825E-5
7.759,1.82E-5
7.761,1.816E-5
7.7627,1.824E-5
7.7643,1.83E-5
7.7664,1.84E-5
7.7685,1.832E-5
7.7701,1.809E-5
7.7722,1.815E-5
7.7743,1.827E-5
7.7764,1.836E-5
7.7781,1.828E-5
7.7801,1.835E-5
7.7826,1.816E-5
7.7848,1.815E-5
7.7863,1.811E-5
7.7881,1.819E-5
7.7901,1.824E-5
7.7921,1.82E-5
7.7938,1.825E-5
7.7959,1.829E-5
7.7975,1.824E-5
7.7992,1.814E-5
7.8013,1.83E-5
7.8029,1.828E-5
7.805,1.825E-5
7.8066,1.833E-5
7.8083,1.822E-5
7.8104,1.806E-5
7.812,1.817E-5
7.8141,1.821E-5
7.8157,1.813E-5
7.8182,1.808E-5
7.8203,1.8E-5
7.8223,1.802E-5
7.8241,1.805E-5
7.8256,1.797E-5
7.8278,1.792E-5
7.8299,1.808E-5
7.8316,1.809E-5
7.8332,1.814E-5
7.8353,1.806E-5
7.8369,1.812E-5
7.839,1.808E-5
7.8415,1.794E-5
7.8435,1.819E-5
7.8451,1.81E-5
7.8468,1.802E-5
7.8489,1.815E-5
7.8506,1.8E-5
7.8526,1.794E-5
7.8543,1.79E-5
7.8564,1.797E-5
7.858,1.794E-5
7.861,1.788E-5
7.8626,1.793E-5
7.865,1.784E-5
7.8676,1.779E-5
7.8696,1.777E-5
7.8713,1.78E-5
7.8729,1.792E-5
7.875,1.785E-5
7.8767,1.778E-5
7.8787,1.778E-5
7.8808,1.769E-5
7.8833,1.768E-5
7.8854,1.767E-5
7.8871,1.78E-5
7.8891,1.785E-5
7.8912,1.781E-5
7.8929,1.774E-5
7.8949,1.776E-5
7.8966,1.764E-5
7.8987,1.771E-5
7.9003,1.759E-5
7.9019,1.767E-5
7.9041,1.764E-5
7.9057,1.758E-5
7.9079,1.764E-5
7.9099,1.77E-5
7.9114,1.778E-5
7.9137,1.759E-5
7.9152,1.757E-5
7.9174,1.774E-5
7.9191,1.755E-5
7.9207,1.75E-5
7.9232,1.77E-5
7.9252,1.764E-5
7.9269,1.747E-5
7.929,1.741E-5
7.9307,1.756E-5
7.9326,1.745E-5
7.9351,1.755E-5
7.9369,1.742E-5
7.9385,1.739E-5
7.9406,1.749E-5
7.9427,1.747E-5
7.9443,1.749E-5
7.9464,1.759E-5
7.948,1.749E-5
7.9503,1.748E-5
7.9519,1.759E-5
7.9539,1.753E-5
7.956,1.753E-5
7.9581,1.749E-5
7.9599,1.761E-5
7.9618,1.757E-5
7.9635,1.747E-5
7.9655,1.752E-5
7.9673,1.74E-5
7.9693,1.752E-5
7.971,1.738E-5
7.9732,1.748E-5
7.9746,1.74E-5
7.9768,1.753E-5
7.9785,1.748E-5
7.9805,1.748E-5
7.983,1.735E-5
7.9846,1.732E-5
7.9868,1.735E-5
7.9884,1.741E-5
7.9905,1.746E-5
7.9922,1.748E-5
7.9942,1.732E-5
7.996,1.74E-5
7.9979,1.751E-5
8.0005,1.745E-5
8.003,1.747E-5
8.0046,1.75E-5
8.0063,1.749E-5
8.0084,1.739E-5
8.01,1.751E-5
8.012,1.748E-5
8.0137,1.756E-5
8.0158,1.768E-5
8.0175,1.756E-5
8.02,1.766E-5
8.0225,1.751E-5
8.0249,1.773E-5
8.0269,1.755E-5
8.0287,1.768E-5
8.0307,1.765E-5
8.0328,1.758E-5
8.0344,1.756E-5
8.0365,1.753E-5
8.0382,1.768E-5
8.0402,1.782E-5
8.0419,1.787E-5
8.0439,1.78E-5
8.0457,1.764E-5
8.0477,1.776E-5
8.0497,1.773E-5
8.0514,1.772E-5
8.0539,1.773E-5
8.0557,1.775E-5
8.0577,1.788E-5
8.0593,1.793E-5
8.061,1.787E-5
8.0631,1.787E-5
8.0648,1.784E-5
8.0671,1.784E-5
8.0689,1.799E-5
8.0704,1.794E-5
8.0727,1.79E-5
8.0743,1.801E-5
8.0762,1.805E-5
8.078,1.784E-5
8.0801,1.786E-5
8.0818,1.801E-5
8.0838,1.804E-5
8.0854,1.821E-5
8.0876,1.798E-5
8.0897,1.802E-5
8.0918,1.816E-5
8.0943,1.809E-5
8.0959,1.805E-5
8.0984,1.794E-5
8.0999,1.796E-5
8.1017,1.807E-5
8.1042,1.809E-5
8.1058,1.805E-5
8.1078,1.813E-5
8.1099,1.812E-5
8.1116,1.823E-5
8.114,1.814E-5
8.1161,1.827E-5
8.1178,1.819E-5
8.1202,1.803E-5
8.1219,1.814E-5
8.124,1.819E-5
8.1261,1.827E-5
8.1277,1.831E-5
8.1302,1.828E-5
8.1319,1.83E-5
8.1344,1.827E-5
8.1365,1.823E-5
8.1385,1.836E-5
8.1406,1.854E-5
8.1423,1.847E-5
8.1444,1.84E-5
8.1472,1.848E-5
8.149,1.85E-5
8.1514,1.848E-5
8.1531,1.863E-5
8.1548,1.862E-5
8.1568,1.859E-5
8.1585,1.853E-5
8.1606,1.848E-5
8.1627,1.86E-5
8.1642,1.861E-5
8.1662,1.846E-5
8.1687,1.86E-5
8.1709,1.852E-5
8.1726,1.866E-5
8.1746,1.866E-5
8.1763,1.846E-5
8.1783,1.835E-5
8.1801,1.86E-5
8.1817,1.869E-5
8.1837,1.853E-5
8.1855,1.858E-5
8.1876,1.868E-5
8.1892,1.857E-5
8.1912,1.844E-5
8.1929,1.862E-5
8.195,1.859E-5
8.1966,1.858E-5
8.1982,1.879E-5
8.2005,1.87E-5
8.2025,1.879E-5
8.2045,1.882E-5
8.2062,1.859E-5
8.2083,1.859E-5
8.2103,1.856E-5
8.2124,1.863E-5
8.214,1.87E-5
8.2161,1.883E-5
8.2182,1.872E-5
8.2199,1.866E-5
8.2223,1.892E-5
8.224,1.879E-5
8.2261,1.86E-5
8.2278,1.867E-5
8.2294,1.872E-5
8.2314,1.877E-5
8.2331,1.874E-5
8.2352,1.886E-5
8.2369,1.873E-5
8.2389,1.862E-5
8.2405,1.885E-5
8.2427,1.892E-5
8.2443,1.877E-5
8.2465,1.871E-5
8.2481,1.892E-5
8.2497,1.9E-5
8.2518,1.886E-5
8.2534,1.884E-5
8.256,1.902E-5
8.2577,1.894E-5
8.2601,1.885E-5
8.2618,1.888E-5
8.2638,1.871E-5
8.2656,1.883E-5
8.2677,1.895E-5
8.2693,1.875E-5
8.2713,1.882E-5
8.273,1.876E-5
8.2751,1.87E-5
8.2768,1.888E-5
8.2784,1.881E-5
8.2803,1.882E-5
8.2821,1.869E-5
8.2842,1.863E-5
8.2859,1.888E-5
8.288,1.886E-5
8.2897,1.859E-5
8.2917,1.864E-5
8.2933,1.854E-5
8.2954,1.862E-5
8.2975,1.868E-5
8.2992,1.876E-5
8.3009,1.876E-5
8.3029,1.876E-5
8.3046,1.869E-5
8.3066,1.866E-5
8.3083,1.864E-5
8.3099,1.876E-5
8.312,1.875E-5
8.3136,1.858E-5
8.3158,1.852E-5
8.3174,1.847E-5
8.3196,1.853E-5
8.3211,1.844E-5
8.3233,1.841E-5
8.3249,1.844E-5
8.327,1.846E-5
8.3287,1.832E-5
8.3307,1.838E-5
8.3323,1.841E-5
8.3344,1.841E-5
8.3361,1.842E-5
8.3381,1.839E-5
8.3403,1.846E-5
8.3419,1.836E-5
8.3439,1.817E-5
8.346,1.827E-5
8.3477,1.83E-5
8.3493,1.829E-5
8.3514,1.833E-5
8.353,1.832E-5
8.3551,1.842E-5
8.3569,1.828E-5
8.3594,1.825E-5
8.361,1.822E-5
8.363,1.826E-5
8.3652,1.831E-5
8.3668,1.831E-5
8.3685,1.829E-5
8.3705,1.834E-5
8.3721,1.809E-5
8.3743,1.823E-5
8.376,1.808E-5
8.3779,1.818E-5
8.3797,1.82E-5
8.3817,1.81E-5
8.3834,1.823E-5
8.3854,1.81E-5
8.3879,1.811E-5
8.39,1.81E-5
8.3916,1.791E-5
8.3937,1.802E-5
8.3958,1.801E-5
8.3975,1.809E-5
8.3991,1.808E-5
8.4012,1.792E-5
8.4029,1.788E-5
8.405,1.783E-5
8.4066,1.785E-5
8.4083,1.8E-5
8.4103,1.794E-5
8.412,1.782E-5
8.414,1.769E-5
8.4156,1.788E-5
8.4178,1.788E-5
8.4198,1.788E-5
8.4219,1.787E-5
8.4239,1.782E-5
8.4255,1.777E-5
8.4277,1.764E-5
8.4293,1.768E-5
8.4313,1.768E-5
8.4336,1.762E-5
8.4351,1.771E-5
8.4371,1.772E-5
8.4389,1.762E-5
8.4404,1.761E-5
8.443,1.761E-5
8.4452,1.783E-5
8.4472,1.768E-5
8.4488,1.782E-5
8.4505,1.78E-5
8.4526,1.755E-5
8.4543,1.761E-5
8.4563,1.754E-5
8.458,1.765E-5
8.4601,1.761E-5
8.4618,1.752E-5
8.4638,1.755E-5
8.4654,1.745E-5
8.4675,1.743E-5
8.4691,1.741E-5
8.4712,1.756E-5
8.4729,1.76E-5
8.475,1.758E-5
8.4766,1.751E-5
8.4787,1.746E-5
8.4804,1.757E-5
8.4824,1.754E-5
8.4841,1.754E-5
8.4861,1.742E-5
8.4878,1.749E-5
8.4899,1.769E-5
8.4916,1.762E-5
8.4936,1.757E-5
8.4953,1.768E-5
8.4973,1.761E-5
8.4989,1.756E-5
8.5014,1.765E-5
8.5032,1.755E-5
8.5053,1.736E-5
8.5073,1.742E-5
8.5098,1.746E-5
8.5119,1.745E-5
8.5135,1.745E-5
8.5161,1.75E-5
8.5185,1.757E-5
8.5203,1.749E-5
8.5228,1.741E-5
8.5244,1.76E-5
8.5269,1.741E-5
8.5289,1.748E-5
8.5306,1.774E-5
8.5327,1.763E-5
8.5343,1.753E-5
8.5363,1.752E-5
8.538,1.756E-5
8.5397,1.746E-5
8.5419,1.761E-5
8.5434,1.757E-5
8.5451,1.755E-5
8.5471,1.767E-5
8.5492,1.771E-5
8.5509,1.764E-5
8.5524,1.765E-5
8.5546,1.768E-5
8.5563,1.765E-5
8.5584,1.754E-5
8.56,1.75E-5
8.5617,1.758E-5
8.5642,1.755E-5
8.5659,1.774E-5
8.5676,1.772E-5
8.5696,1.766E-5
8.5713,1.772E-5
8.573,1.775E-5
8.5751,1.781E-5
8.5776,1.774E-5
8.5801,1.768E-5
8.5822,1.781E-5
8.5838,1.782E-5
8.5858,1.794E-5
8.5875,1.793E-5
8.5896,1.781E-5
8.5921,1.781E-5
8.5938,1.787E-5
8.5963,1.788E-5
8.5987,1.791E-5
8.6005,1.801E-5
8.6025,1.806E-5
8.6046,1.819E-5
8.6065,1.815E-5
8.6083,1.8E-5
8.6107,1.797E-5
8.6124,1.796E-5
8.6144,1.813E-5
8.6162,1.806E-5
8.6182,1.802E-5
8.6207,1.806E-5
8.6228,1.801E-5
8.6246,1.82E-5
8.6262,1.81E-5
8.6282,1.825E-5
8.6299,1.826E-5
8.6319,1.807E-5
8.6336,1.832E-5
8.6352,1.837E-5
8.6373,1.83E-5
8.639,1.812E-5
8.6411,1.83E-5
8.6427,1.839E-5
8.6448,1.842E-5
8.6468,1.83E-5
8.6493,1.832E-5
8.651,1.843E-5
8.6531,1.837E-5
8.6548,1.851E-5
8.6568,1.845E-5
8.6584,1.846E-5
8.661,1.841E-5
8.663,1.845E-5
8.6647,1.851E-5
8.6667,1.865E-5
8.6683,1.876E-5
8.6705,1.872E-5
8.6722,1.856E-5
8.6747,1.868E-5
8.6763,1.866E-5
8.6783,1.878E-5
8.68,1.89E-5
8.682,1.881E-5
8.6838,1.875E-5
8.6854,1.886E-5
8.6874,1.874E-5
8.6891,1.881E-5
8.6912,1.873E-5
8.693,1.858E-5
8.695,1.882E-5
8.6965,1.885E-5
8.6982,1.884E-5
8.7003,1.882E-5
8.7021,1.876E-5
8.7041,1.886E-5
8.7057,1.887E-5
8.7079,1.899E-5
8.7095,1.892E-5
8.7115,1.885E-5
8.7132,1.894E-5
8.7153,1.891E-5
8.7169,1.882E-5
8.7194,1.897E-5
8.7211,1.887E-5
8.7235,1.905E-5
8.7251,1.908E-5
8.7272,1.917E-5
8.7289,1.913E-5
8.7305,1.907E-5
8.7326,1.902E-5
8.7343,1.897E-5
8.7363,1.905E-5
8.7381,1.907E-5
8.7401,1.915E-5
8.7422,1.926E-5
8.7438,1.922E-5
8.7459,1.917E-5
8.7476,1.923E-5
8.7497,1.928E-5
8.7513,1.918E-5
8.7529,1.932E-5
8.7549,1.925E-5
8.7566,1.928E-5
8.7596,1.929E-5
8.7613,1.928E-5
8.7633,1.935E-5
8.7649,1.933E-5
8.7671,1.94E-5
8.7687,1.927E-5
8.7707,1.924E-5
8.7724,1.94E-5
8.7745,1.925E-5
8.7763,1.922E-5
8.7778,1.923E-5
8.7804,1.917E-5
8.7828,1.931E-5
8.7849,1.927E-5
8.7864,1.934E-5
8.7887,1.934E-5
8.7903,1.935E-5
8.7923,1.936E-5
8.794,1.93E-5
8.7956,1.93E-5
8.7978,1.937E-5
8.7994,1.931E-5
8.8014,1.937E-5
8.8031,1.932E-5
8.8047,1.922E-5
8.8068,1.936E-5
8.8084,1.935E-5
8.8106,1.946E-5
8.8123,1.942E-5
8.8143,1.929E-5
8.816,1.943E-5
8.8181,1.934E-5
8.8197,1.935E-5
8.8218,1.934E-5
8.8235,1.93E-5
8.8255,1.935E-5
8.8272,1.932E-5
8.8297,1.936E-5
8.8317,1.928E-5
8.8334,1.921E-5
8.835,1.942E-5
8.8372,1.938E-5
8.8388,1.927E-5
8.8408,1.927E-5
8.8425,1.928E-5
8.8447,1.929E-5
8.8463,1.916E-5
8.8483,1.941E-5
8.8499,1.933E-5
8.8525,1.928E-5
8.8546,1.918E-5
8.8563,1.919E-5
8.8582,1.92E-5
8.8599,1.924E-5
8.8624,1.922E-5
8.8646,1.911E-5
8.8663,1.911E-5
8.8683,1.928E-5
8.8699,1.926E-5
8.8722,1.923E-5
8.8741,1.921E-5
8.8763,1.895E-5
8.8788,1.914E-5
8.8804,1.92E-5
8.8824,1.916E-5
8.8841,1.899E-5
8.8862,1.9E-5
8.8879,1.904E-5
8.8899,1.895E-5
8.8915,1.891E-5
8.8936,1.908E-5
8.8953,1.894E-5
8.8978,1.909E-5
8.8999,1.895E-5
8.9016,1.885E-5
8.9036,1.903E-5
8.9053,1.893E-5
8.9074,1.886E-5
8.909,1.891E-5
8.9111,1.892E-5
8.9127,1.882E-5
8.9148,1.886E-5
8.9165,1.887E-5
8.9181,1.885E-5
8.9201,1.869E-5
8.9218,1.865E-5
8.924,1.895E-5
8.9256,1.88E-5
8.9276,1.873E-5
8.9293,1.871E-5
8.9314,1.879E-5
8.9339,1.868E-5
8.936,1.864E-5
8.9381,1.848E-5
8.9401,1.86E-5
8.9422,1.844E-5
8.9439,1.862E-5
8.9459,1.859E-5
8.9475,1.857E-5
8.9497,1.853E-5
8.9517,1.866E-5
8.9533,1.852E-5
8.9555,1.84E-5
8.9571,1.861E-5
8.9591,1.847E-5
8.9608,1.84E-5
8.9633,1.842E-5
8.9649,1.851E-5
8.9671,1.837E-5
8.969,1.832E-5
8.9708,1.833E-5
8.9728,1.819E-5
8.9745,1.818E-5
8.9766,1.828E-5
8.9782,1.843E-5
8.9803,1.83E-5
8.9824,1.814E-5
8.9845,1.816E-5
8.9862,1.816E-5
8.9883,1.81E-5
8.9903,1.825E-5
8.992,1.819E-5
8.994,1.817E-5
8.9957,1.824E-5
8.9978,1.823E-5
8.9995,1.821E-5
9.001,1.826E-5
9.0032,1.809E-5
9.0048,1.795E-5
9.0068,1.806E-5
9.0085,1.81E-5
9.0107,1.797E-5
9.0126,1.796E-5
9.0143,1.808E-5
9.0159,1.816E-5
9.018,1.791E-5
9.0196,1.793E-5
9.0218,1.788E-5
9.0234,1.788E-5
9.0255,1.793E-5
9.028,1.783E-5
9.0297,1.782E-5
9.0317,1.785E-5
9.0333,1.785E-5
9.0355,1.788E-5
9.0371,1.776E-5
9.0388,1.781E-5
9.0408,1.795E-5
9.0424,1.771E-5
9.0446,1.746E-5
9.0463,1.754E-5
9.0483,1.757E-5
9.05,1.765E-5
9.0521,1.763E-5
9.0536,1.761E-5
9.0554,1.761E-5
9.0574,1.766E-5
9.0591,1.762E-5
9.0615,1.776E-5
9.0633,1.771E-5
9.0653,1.769E-5
9.067,1.764E-5
9.069,1.761E-5
9.0711,1.76E-5
9.0728,1.756E-5
9.0749,1.749E-5
9.077,1.761E-5
9.0786,1.767E-5
9.0807,1.767E-5
9.0823,1.754E-5
9.0844,1.75E-5
9.0861,1.755E-5
9.0881,1.746E-5
9.0902,1.756E-5
9.0922,1.745E-5
9.0943,1.741E-5
9.096,1.743E-5
9.098,1.747E-5
9.0998,1.754E-5
9.1015,1.764E-5
9.1035,1.764E-5
9.1051,1.746E-5
9.1072,1.745E-5
9.1097,1.75E-5
9.1114,1.738E-5
9.1139,1.75E-5
9.1159,1.758E-5
9.118,1.749E-5
9.12,1.748E-5
9.1222,1.755E-5
9.1238,1.742E-5
9.1258,1.742E-5
9.128,1.743E-5
9.1297,1.744E-5
9.1313,1.734E-5
9.1333,1.748E-5
9.135,1.755E-5
9.137,1.75E-5
9.1388,1.754E-5
9.1408,1.742E-5
9.1425,1.738E-5
9.1446,1.747E-5
9.1466,1.753E-5
9.1482,1.751E-5
9.1503,1.768E-5
9.1524,1.772E-5
9.154,1.758E-5
9.1562,1.76E-5
9.1583,1.744E-5
9.1599,1.748E-5
9.162,1.745E-5
9.1637,1.75E-5
9.1657,1.75E-5
9.1674,1.755E-5
9.1694,1.762E-5
9.171,1.773E-5
9.1732,1.761E-5
9.1749,1.771E-5
9.1765,1.77E-5
9.1785,1.771E-5
9.1802,1.765E-5
9.1827,1.777E-5
9.1844,1.78E-5
9.1869,1.771E-5
9.189,1.774E-5
9.1906,1.779E-5
9.1923,1.776E-5
9.1945,1.787E-5
9.1961,1.788E-5
9.1981,1.788E-5
9.1998,1.798E-5
9.2019,1.801E-5
9.2035,1.804E-5
9.2056,1.803E-5
9.2073,1.793E-5
9.2098,1.785E-5
9.2118,1.794E-5
9.2139,1.8E-5
9.2159,1.814E-5
9.2175,1.798E-5
9.2192,1.796E-5
9.2212,1.796E-5
9.223,1.81E-5
9.225,1.817E-5
9.2275,1.799E-5
9.2293,1.802E-5
9.2309,1.825E-5
9.2334,1.812E-5
9.235,1.813E-5
9.2371,1.834E-5
9.2388,1.844E-5
9.2408,1.829E-5
9.2425,1.827E-5
9.2446,1.838E-5
9.2463,1.849E-5
9.2484,1.84E-5
9.2499,1.849E-5
9.252,1.849E-5
9.2545,1.854E-5
9.2562,1.851E-5
9.2578,1.859E-5
9.2598,1.847E-5
9.2621,1.835E-5
9.2636,1.85E-5
9.2652,1.865E-5
9.267,1.847E-5
9.2695,1.845E-5
9.2715,1.862E-5
9.2732,1.866E-5
9.2748,1.876E-5
9.277,1.877E-5
9.2786,1.869E-5
9.281,1.887E-5
9.2831,1.891E-5
9.2848,1.901E-5
9.2865,1.905E-5
9.2885,1.907E-5
9.2901,1.892E-5
9.2923,1.883E-5
9.2939,1.89E-5
9.296,1.9E-5
9.2981,1.904E-5
9.2998,1.919E-5
9.3014,1.906E-5
9.3039,1.904E-5
9.3059,1.904E-5
9.3076,1.903E-5
9.3097,1.912E-5
9.3112,1.904E-5
9.3135,1.925E-5
9.315,1.916E-5
9.3172,1.921E-5
9.3193,1.915E-5
9.3217,1.925E-5
9.3234,1.923E-5
9.3249,1.934E-5
9.3272,1.929E-5
9.3292,1.931E-5
9.3313,1.943E-5
9.3333,1.928E-5
9.335,1.949E-5
9.3371,1.959E-5
9.3386,1.95E-5
9.3403,1.941E-5
9.3424,1.941E-5
9.3441,1.95E-5
9.3461,1.948E-5
9.3477,1.953E-5
9.3498,1.957E-5
9.3515,1.951E-5
9.3535,1.946E-5
9.3553,1.954E-5
9.3573,1.964E-5
9.3595,1.957E-5
9.361,1.952E-5
9.3635,1.964E-5
9.3652,1.957E-5
9.3673,1.957E-5
9.3689,1.965E-5
9.371,1.964E-5
9.3726,1.981E-5
9.3748,1.975E-5
9.3764,1.97E-5
9.3789,1.998E-5
9.3805,1.997E-5
9.3825,2.003E-5
9.3843,1.97E-5
9.3864,1.968E-5
9.388,1.976E-5
9.39,1.976E-5
9.3918,1.99E-5
9.3937,1.973E-5
9.3955,1.996E-5
9.3984,1.977E-5
9.4,1.98E-5
9.4025,2E-5
9.4042,2.003E-5
9.4062,2.011E-5
9.408,2.023E-5
9.4099,2.023E-5
9.412,2.005E-5
9.4137,2E-5
9.4158,2.009E-5
9.4174,2.021E-5
9.4191,2.006E-5
9.4212,2.008E-5
9.4228,1.998E-5
9.4249,2.008E-5
9.4265,2.002E-5
9.4283,2E-5
9.4302,2.005E-5
9.432,2.003E-5
9.4341,2.009E-5
9.4361,2.017E-5
9.4385,2.014E-5
9.4406,2.001E-5
9.4423,2.007E-5
9.4447,2.029E-5
9.4465,2.006E-5
9.4481,1.996E-5
9.4502,2.006E-5
9.4519,2.011E-5
9.4539,2.008E-5
9.4564,2.008E-5
9.4581,2.005E-5
9.4598,2.002E-5
9.4618,1.995E-5
9.4634,2.012E-5
9.4663,2.015E-5
9.468,2.021E-5
9.47,2.022E-5
9.4722,2.012E-5
9.4743,2.012E-5
9.4759,2.006E-5
9.4781,2.015E-5
9.4798,2.014E-5
9.4818,2.002E-5
9.4835,2.002E-5
9.4856,2.014E-5
9.4876,2.014E-5
9.4892,2.01E-5
9.4914,2.009E-5
9.4935,2.008E-5
9.496,2.005E-5
9.4975,2.009E-5
9.5,2.004E-5
9.5022,2.009E-5
9.5039,2.016E-5
9.506,2.003E-5
9.5075,2E-5
9.5097,1.997E-5
9.5113,2.001E-5
9.5134,2.023E-5
9.5154,1.997E-5
9.5172,1.985E-5
9.5191,1.997E-5
9.5209,1.995E-5
9.5229,1.989E-5
9.5249,1.983E-5
9.5266,1.982E-5
9.5283,1.976E-5
9.5303,1.984E-5
9.5325,1.978E-5
9.5341,1.981E-5
9.5357,1.983E-5
9.5378,1.995E-5
9.5396,1.969E-5
9.5416,1.973E-5
9.5433,1.992E-5
9.5453,1.978E-5
9.547,1.974E-5
9.5491,1.967E-5
9.5507,1.977E-5
9.5527,1.965E-5
9.5545,1.958E-5
9.5561,1.966E-5
9.5582,1.958E-5
9.5601,1.971E-5
9.5619,1.96E-5
9.5639,1.941E-5
9.5656,1.939E-5
9.5676,1.969E-5
9.5693,1.97E-5
9.5713,1.949E-5
9.5731,1.957E-5
9.5751,1.954E-5
9.5776,1.959E-5
9.5801,1.944E-5
9.5817,1.941E-5
9.5839,1.953E-5
9.5855,1.939E-5
9.5876,1.937E-5
9.5894,1.925E-5
9.5914,1.916E-5
9.5931,1.912E-5
9.595,1.914E-5
9.5967,1.922E-5
9.5988,1.928E-5
9.6005,1.918E-5
9.6026,1.912E-5
9.6046,1.914E-5
9.6066,1.923E-5
9.6084,1.92E-5
9.6105,1.914E-5
9.6122,1.907E-5
9.6146,1.906E-5
9.6163,1.902E-5
9.6179,1.908E-5
9.6199,1.903E-5
9.6216,1.901E-5
9.6238,1.897E-5
9.6255,1.888E-5
9.6274,1.887E-5
9.6291,1.898E-5
9.6311,1.883E-5
9.6331,1.881E-5
9.6357,1.874E-5
9.6373,1.881E-5
9.6394,1.862E-5
9.6411,1.866E-5
9.6431,1.866E-5
9.6449,1.872E-5
9.6468,1.866E-5
9.6486,1.864E-5
9.6506,1.867E-5
9.6524,1.862E-5
9.6542,1.854E-5
9.656,1.854E-5
9.658,1.849E-5
9.6597,1.843E-5
9.6617,1.844E-5
9.6638,1.845E-5
9.6655,1.833E-5
9.6681,1.827E-5
9.6701,1.854E-5
9.6722,1.843E-5
9.6737,1.831E-5
9.6759,1.825E-5
9.6776,1.829E-5
9.6796,1.827E-5
9.6813,1.828E-5
9.6833,1.829E-5
9.6851,1.83E-5
9.6871,1.821E-5
9.6887,1.826E-5
9.6912,1.817E-5
9.6932,1.824E-5
9.6949,1.801E-5
9.697,1.79E-5
9.6992,1.802E-5
9.7008,1.79E-5
9.7029,1.796E-5
9.7046,1.796E-5
9.7066,1.808E-5
9.7081,1.798E-5
9.7103,1.795E-5
9.7124,1.803E-5
9.7141,1.794E-5
9.7161,1.782E-5
9.7181,1.788E-5
9.7198,1.789E-5
9.7216,1.77E-5
9.7236,1.771E-5
9.7261,1.779E-5
9.7278,1.775E-5
9.7294,1.774E-5
9.7314,1.768E-5
9.7335,1.768E-5
9.7352,1.751E-5
9.7378,1.753E-5
9.7402,1.76E-5
9.7418,1.768E-5
9.7439,1.747E-5
9.746,1.759E-5
9.7477,1.768E-5
9.7497,1.757E-5
9.7513,1.753E-5
9.7536,1.766E-5
9.7561,1.774E-5
9.7584,1.753E-5
9.7606,1.75E-5
9.7622,1.743E-5
9.7643,1.739E-5
9.7659,1.748E-5
9.7681,1.744E-5
9.7697,1.739E-5
9.7718,1.749E-5
9.7738,1.758E-5
9.7754,1.751E-5
9.778,1.737E-5
9.7805,1.723E-5
9.7826,1.725E-5
9.7842,1.741E-5
9.7859,1.735E-5
9.788,1.73E-5
9.7897,1.75E-5
9.7913,1.758E-5
9.7934,1.76E-5
9.7951,1.756E-5
9.7971,1.739E-5
9.7988,1.728E-5
9.8009,1.731E-5
9.8026,1.735E-5
9.8046,1.745E-5
9.8063,1.73E-5
9.8083,1.73E-5
9.81,1.735E-5
9.8121,1.733E-5
9.8137,1.732E-5
9.8154,1.723E-5
9.8175,1.723E-5
9.8196,1.736E-5
9.8212,1.731E-5
9.8233,1.711E-5
9.825,1.733E-5
9.827,1.728E-5
9.8287,1.737E-5
9.8311,1.722E-5
9.8333,1.72E-5
9.835,1.733E-5
9.8365,1.727E-5
9.8386,1.727E-5
9.8404,1.734E-5
9.8424,1.734E-5
9.8439,1.737E-5
9.8462,1.743E-5
9.8478,1.75E-5
9.8499,1.749E-5
9.8515,1.726E-5
9.8531,1.731E-5
9.8553,1.747E-5
9.8574,1.738E-5
9.8589,1.728E-5
9.861,1.741E-5
9.8635,1.747E-5
9.8652,1.751E-5
9.8672,1.776E-5
9.8688,1.759E-5
9.8706,1.741E-5
9.8727,1.75E-5
9.8752,1.76E-5
9.8766,1.756E-5
9.8788,1.761E-5
9.881,1.756E-5
9.8831,1.763E-5
9.8846,1.773E-5
9.8867,1.777E-5
9.8884,1.777E-5
9.8905,1.769E-5
9.8922,1.769E-5
9.8941,1.775E-5
9.8962,1.774E-5
9.8979,1.776E-5
9.8996,1.783E-5
9.9017,1.779E-5
9.9033,1.788E-5
9.905,1.78E-5
9.907,1.784E-5
9.9088,1.799E-5
9.9108,1.799E-5
9.9125,1.797E-5
9.9145,1.793E-5
9.9161,1.785E-5
9.9182,1.788E-5
9.92,1.798E-5
9.922,1.78E-5
9.9237,1.794E-5
9.9252,1.808E-5
9.9274,1.807E-5
9.9291,1.806E-5
9.9311,1.804E-5
9.9327,1.801E-5
9.9349,1.804E-5
9.9365,1.817E-5
9.9384,1.827E-5
9.9402,1.828E-5
9.9423,1.818E-5
9.9439,1.82E-5
9.946,1.843E-5
9.9476,1.857E-5
9.9497,1.848E-5
9.9522,1.843E-5
9.9539,1.847E-5
9.9563,1.85E-5
9.958,1.859E-5
9.9601,1.863E-5
9.9617,1.856E-5
9.9638,1.861E-5
9.9654,1.868E-5
9.9675,1.866E-5
9.9692,1.858E-5
9.9713,1.859E-5
9.973,1.875E-5
9.975,1.871E-5
9.977,1.871E-5
9.979,1.872E-5
9.9808,1.887E-5
9.9824,1.89E-5
9.9845,1.885E-5
9.9861,1.882E-5
9.9882,1.879E-5
9.99,1.886E-5
9.992,1.901E-5
9.9936,1.901E-5
9.9956,1.91E-5
9.9974,1.912E-5
9.9992,1.919E-5
10.0004,1.934E-5
