0.0024,1.22153E-4
0.0037,1.22153E-4
0.0049,1.22138E-4
0.0064,1.22153E-4
0.0081,1.22146E-4
0.0098,1.22138E-4
0.0113,1.22094E-4
0.0131,1.22063E-4
0.0149,1.22011E-4
0.0168,1.21855E-4
0.0184,1.22071E-4
0.0203,1.22086E-4
0.0222,1.22086E-4
0.0241,1.21907E-4
0.0258,1.21624E-4
0.0278,1.2146E-4
0.0297,1.2137E-4
0.0318,1.2137E-4
0.0335,1.21318E-4
0.0354,1.21601E-4
0.0374,1.21281E-4
0.0395,1.21244E-4
0.0404,1.21221E-4
0.0423,1.21281E-4
0.0445,1.21199E-4
0.047,1.21162E-4
0.0491,1.21139E-4
0.0508,1.21147E-4
0.0531,1.21169E-4
0.0551,1.21244E-4
0.0573,1.21236E-4
0.059,1.21043E-4
0.061,1.20931E-4
0.0632,1.21028E-4
0.0652,1.21043E-4
0.0669,1.21102E-4
0.0689,1.21288E-4
0.0711,1.21072E-4
0.0731,1.20908E-4
0.0737,1.20894E-4
0.0761,1.21169E-4
0.0784,1.21251E-4
0.0806,1.20894E-4
0.0828,1.20819E-4
0.0845,1.20998E-4
0.0866,1.21154E-4
0.0887,1.20998E-4
0.0909,1.20782E-4
0.0929,1.20797E-4
0.0946,1.20722E-4
0.0967,1.207E-4
0.0988,1.20938E-4
0.1005,1.21043E-4
0.1025,1.20722E-4
0.1045,1.20774E-4
0.1067,1.2073E-4
0.1087,1.20774E-4
0.1103,1.20968E-4
0.1125,1.20655E-4
0.1145,1.20596E-4
0.1166,1.20938E-4
0.1182,1.20707E-4
0.1204,1.20879E-4
0.1223,1.20588E-4
0.1229,1.2061E-4
0.1251,1.20648E-4
0.1274,1.20901E-4
0.1297,1.20648E-4
0.1318,1.20715E-4
0.1341,1.20886E-4
0.1359,1.20998E-4
0.138,1.20767E-4
0.1401,1.2061E-4
0.1423,1.20581E-4
0.144,1.20551E-4
0.146,1.20551E-4
0.1482,1.20573E-4
0.1503,1.20931E-4
0.1519,1.20827E-4
0.154,1.20588E-4
0.156,1.20476E-4
0.1581,1.20439E-4
0.1597,1.20588E-4
0.1618,1.20476E-4
0.1638,1.20461E-4
0.1659,1.20417E-4
0.1675,1.20476E-4
0.1696,1.20476E-4
0.1717,1.20774E-4
0.1738,1.20536E-4
0.1753,1.20797E-4
0.1774,1.20834E-4
0.1795,1.20476E-4
0.1816,1.20774E-4
0.1836,1.20514E-4
0.1853,1.20476E-4
0.1874,1.20752E-4
0.1881,1.20529E-4
0.1896,1.20588E-4
0.1917,1.20804E-4
0.1943,1.20655E-4
0.1966,1.20737E-4
0.1988,1.20551E-4
0.2011,1.20409E-4
0.2028,1.20715E-4
0.2051,1.20469E-4
0.2071,1.20394E-4
0.2094,1.20365E-4
0.211,1.2032E-4
0.2131,1.20342E-4
0.2153,1.20432E-4
0.2173,1.2064E-4
0.2189,1.20402E-4
0.2211,1.20372E-4
0.2232,1.20357E-4
0.2253,1.20461E-4
0.2273,1.20394E-4
0.229,1.20394E-4
0.2311,1.20707E-4
0.2331,1.20581E-4
0.2352,1.2032E-4
0.2373,1.20499E-4
0.2389,1.20514E-4
0.2409,1.20357E-4
0.243,1.20305E-4
0.245,1.20618E-4
0.2467,1.20365E-4
0.2487,1.20506E-4
0.2509,1.20573E-4
0.253,1.20335E-4
0.255,1.20275E-4
0.2566,1.20327E-4
0.2587,1.20327E-4
0.2608,1.20312E-4
0.2629,1.20387E-4
0.2644,1.20342E-4
0.2666,1.20268E-4
0.2687,1.20268E-4
0.2707,1.20521E-4
0.271,1.20283E-4
0.2732,1.20201E-4
0.2756,1.20402E-4
0.278,1.20238E-4
0.2803,1.20186E-4
0.2819,1.20327E-4
0.2842,1.20275E-4
0.2863,1.20335E-4
0.2885,1.2023E-4
0.2905,1.2026E-4
0.2922,1.20514E-4
0.2943,1.20193E-4
0.2964,1.20208E-4
0.2985,1.20171E-4
0.3002,1.2029E-4
0.3008,1.20305E-4
0.3035,1.20566E-4
0.3058,1.20268E-4
0.3081,1.20529E-4
0.3099,1.20633E-4
0.3121,1.20625E-4
0.3142,1.20424E-4
0.3163,1.2023E-4
0.3181,1.20543E-4
0.3202,1.20268E-4
0.3222,1.20134E-4
0.3243,1.20178E-4
0.326,1.20156E-4
0.328,1.20268E-4
0.3301,1.2035E-4
0.3321,1.20283E-4
0.3343,1.20551E-4
0.3359,1.20581E-4
0.338,1.20566E-4
0.3394,1.2023E-4
0.3418,1.2023E-4
0.3435,1.20104E-4
0.3456,1.20134E-4
0.3478,1.20119E-4
0.35,1.20141E-4
0.352,1.20461E-4
0.3537,1.20223E-4
0.3558,1.20484E-4
0.3579,1.2035E-4
0.36,1.20424E-4
0.3616,1.20141E-4
0.3637,1.20461E-4
0.3658,1.20566E-4
0.3677,1.20335E-4
0.3679,1.20141E-4
0.3704,1.20141E-4
0.3729,1.20283E-4
0.3751,1.20104E-4
0.3774,1.20104E-4
0.3792,1.20096E-4
0.3813,1.20096E-4
0.3835,1.20402E-4
0.3856,1.20208E-4
0.3873,1.20447E-4
0.3894,1.20111E-4
0.3916,1.20081E-4
0.3927,1.20141E-4
0.395,1.20506E-4
0.3969,1.20149E-4
0.3991,1.20141E-4
0.4012,1.20067E-4
0.4033,1.2035E-4
0.4051,1.20171E-4
0.4071,1.20037E-4
0.4092,1.20014E-4
0.4113,1.2035E-4
0.413,1.20052E-4
0.4151,1.20156E-4
0.4172,1.20052E-4
0.4192,1.20208E-4
0.4212,1.20111E-4
0.423,1.2035E-4
0.425,1.20402E-4
0.4271,1.20074E-4
0.4292,1.20089E-4
0.4308,1.20067E-4
0.4329,1.20238E-4
0.4349,1.20156E-4
0.4371,1.20119E-4
0.4391,1.20081E-4
0.4408,1.20312E-4
0.4429,1.20022E-4
0.4441,1.20067E-4
0.4462,1.20394E-4
0.4485,1.20111E-4
0.4507,1.20067E-4
0.4529,1.20081E-4
0.455,1.20156E-4
0.4567,1.20178E-4
0.4588,1.19992E-4
0.461,1.20275E-4
0.463,1.20059E-4
0.4647,1.20126E-4
0.4668,1.20022E-4
0.4689,1.20268E-4
0.471,1.20029E-4
0.4727,1.20141E-4
0.4731,1.20156E-4
0.4756,1.20059E-4
0.478,1.2026E-4
0.4804,1.20394E-4
0.4822,1.20141E-4
0.4843,1.20335E-4
0.4864,1.20014E-4
0.4887,1.19977E-4
0.4904,1.19985E-4
0.4925,1.2023E-4
0.4945,1.19985E-4
0.4967,1.19985E-4
0.4988,1.20178E-4
0.5004,1.20007E-4
0.5025,1.20081E-4
0.5046,1.19947E-4
0.5067,1.19925E-4
0.5087,1.19895E-4
0.5104,1.19888E-4
0.5125,1.20007E-4
0.5145,1.19962E-4
0.5165,1.20119E-4
0.5181,1.19962E-4
0.5203,1.19955E-4
0.5224,1.2023E-4
0.5244,1.19955E-4
0.5261,1.20268E-4
0.5281,1.20372E-4
0.5303,1.20387E-4
0.5306,1.20044E-4
0.5332,1.20298E-4
0.5352,1.20357E-4
0.5374,1.19977E-4
0.5397,1.20014E-4
0.542,1.20342E-4
0.5437,1.20379E-4
0.5458,1.20238E-4
0.5479,1.19992E-4
0.5502,1.19992E-4
0.5523,1.2032E-4
0.554,1.19977E-4
0.556,1.20081E-4
0.5581,1.19992E-4
0.5602,1.20029E-4
0.5619,1.19851E-4
0.5639,1.1988E-4
0.5659,1.20208E-4
0.568,1.1988E-4
0.5702,1.20163E-4
0.5718,1.20238E-4
0.5738,1.20216E-4
0.5759,1.19918E-4
0.578,1.19895E-4
0.5796,1.19865E-4
0.5818,1.20163E-4
0.5838,1.20044E-4
0.5859,1.20238E-4
0.588,1.20178E-4
0.5895,1.19977E-4
0.5899,1.19836E-4
0.5926,1.19828E-4
0.595,1.20081E-4
0.5968,1.19851E-4
0.5991,1.19895E-4
0.6013,1.19895E-4
0.6035,1.20096E-4
0.6057,1.20029E-4
0.6075,1.1988E-4
0.6096,1.20141E-4
0.6118,1.20283E-4
0.6138,1.20223E-4
0.6156,1.19925E-4
0.6176,1.20163E-4
0.619,1.20178E-4
0.6214,1.20081E-4
0.6236,1.20111E-4
0.6254,1.20111E-4
0.6274,1.20081E-4
0.6296,1.20208E-4
0.6316,1.19851E-4
0.6333,1.20037E-4
0.6354,1.20067E-4
0.6374,1.19843E-4
0.6396,1.19806E-4
0.6413,1.19776E-4
0.6434,1.19806E-4
0.6454,1.19851E-4
0.647,1.19992E-4
0.6493,1.1988E-4
0.651,1.19858E-4
0.6532,1.19769E-4
0.6552,1.19806E-4
0.6573,1.19821E-4
0.659,1.19843E-4
0.6611,1.20126E-4
0.6631,1.20134E-4
0.6652,1.20081E-4
0.6669,1.19813E-4
0.669,1.20059E-4
0.6711,1.20022E-4
0.6731,1.20193E-4
0.6753,1.19843E-4
0.6769,1.20126E-4
0.6789,1.1991E-4
0.681,1.20201E-4
0.6831,1.19858E-4
0.6847,1.19821E-4
0.6868,1.20037E-4
0.689,1.20037E-4
0.6909,1.1997E-4
0.6931,1.19873E-4
0.6947,1.20111E-4
0.6968,1.19828E-4
0.6982,1.19813E-4
0.7006,1.19754E-4
0.7024,1.20037E-4
0.7046,1.19865E-4
0.7067,1.20081E-4
0.7087,1.19865E-4
0.7105,1.19798E-4
0.7125,1.19865E-4
0.7147,1.20156E-4
0.7166,1.20238E-4
0.7184,1.20059E-4
0.7205,1.19798E-4
0.7225,1.19769E-4
0.7246,1.19903E-4
0.7266,1.19791E-4
0.7283,1.19761E-4
0.7303,1.19843E-4
0.7324,1.19813E-4
0.7346,1.19992E-4
0.7366,1.20149E-4
0.7382,1.19798E-4
0.7404,1.20014E-4
0.7424,1.19821E-4
0.7446,1.19716E-4
0.7463,1.19739E-4
0.7482,1.1991E-4
0.7503,1.20119E-4
0.7524,1.19821E-4
0.7541,1.20052E-4
0.7562,1.20141E-4
0.7582,1.20029E-4
0.7602,1.19754E-4
0.7623,1.19888E-4
0.764,1.19754E-4
0.766,1.19679E-4
0.7681,1.19664E-4
0.7701,1.19701E-4
0.7718,1.19985E-4
0.7739,1.20022E-4
0.776,1.19761E-4
0.778,1.19791E-4
0.7802,1.20081E-4
0.7818,1.19769E-4
0.7839,1.20081E-4
0.786,1.20104E-4
0.788,1.19828E-4
0.7885,1.20074E-4
0.7906,1.19873E-4
0.793,1.19709E-4
0.7954,1.19642E-4
0.7975,1.19694E-4
0.7993,1.19918E-4
0.8015,1.20059E-4
0.8037,1.20126E-4
0.8058,1.20126E-4
0.8079,1.19761E-4
0.8096,1.19731E-4
0.8117,1.19731E-4
0.8138,1.19657E-4
0.816,1.19828E-4
0.8177,1.19731E-4
0.8196,1.19731E-4
0.8217,1.1994E-4
0.8237,1.19724E-4
0.8255,1.19895E-4
0.8277,1.1991E-4
0.8296,1.19709E-4
0.8317,1.19672E-4
0.8338,1.19687E-4
0.8354,1.19672E-4
0.8375,1.19672E-4
0.8395,1.1994E-4
0.8417,1.19851E-4
0.8433,1.19709E-4
0.8454,1.19903E-4
0.8474,1.20059E-4
0.8495,1.19865E-4
0.8516,1.19701E-4
0.8532,1.19634E-4
0.8554,1.19627E-4
0.8574,1.19664E-4
0.8595,1.19761E-4
0.8616,1.19985E-4
0.8632,1.19701E-4
0.8654,1.19955E-4
0.8674,1.19672E-4
0.8694,1.19716E-4
0.871,1.19947E-4
0.8732,1.19724E-4
0.8753,1.19962E-4
0.8773,1.19992E-4
0.879,1.19649E-4
0.881,1.19679E-4
0.8832,1.19649E-4
0.8851,1.20007E-4
0.8873,1.19701E-4
0.889,1.20029E-4
0.8909,1.20022E-4
0.893,1.19679E-4
0.8951,1.19724E-4
0.8969,1.19694E-4
0.8988,1.19694E-4
0.9009,1.19828E-4
0.9029,1.19701E-4
0.9051,1.19649E-4
0.9068,1.19649E-4
0.9088,1.19634E-4
0.9108,1.19873E-4
0.913,1.19776E-4
0.9147,1.20044E-4
0.9167,1.20014E-4
0.9188,1.20007E-4
0.9209,1.19657E-4
0.9231,1.19627E-4
0.9247,1.2E-4
0.9267,1.19687E-4
0.9287,1.19873E-4
0.9309,1.20007E-4
0.9326,1.19992E-4
0.9346,1.1997E-4
0.9367,1.19679E-4
0.9387,1.19888E-4
0.9408,1.19649E-4
0.9425,1.19649E-4
0.9445,1.19605E-4
0.9467,1.19955E-4
0.9487,1.19612E-4
0.9503,1.19664E-4
0.9525,1.19806E-4
0.9546,1.19761E-4
0.9567,1.19627E-4
0.9587,1.19567E-4
0.9603,1.19597E-4
0.9625,1.19605E-4
0.9645,1.19575E-4
0.9666,1.19694E-4
0.9683,1.1959E-4
0.9703,1.1959E-4
0.9724,1.1959E-4
0.9744,1.19873E-4
0.976,1.1956E-4
0.9783,1.19873E-4
0.9803,1.19664E-4
0.9823,1.19538E-4
0.9844,1.19545E-4
0.9861,1.19664E-4
0.9881,1.19962E-4
0.9902,1.19649E-4
0.9923,1.19873E-4
0.994,1.19597E-4
0.996,1.19538E-4
0.9981,1.19761E-4
1.0002,1.19955E-4
1.0024,1.19642E-4
1.004,1.1997E-4
1.006,1.19657E-4
1.0081,1.19545E-4
1.0101,1.19523E-4
1.0118,1.19605E-4
1.0139,1.19709E-4
1.016,1.20014E-4
1.018,1.19947E-4
1.0202,1.19694E-4
1.0218,1.19538E-4
1.0239,1.195E-4
1.026,1.1956E-4
1.0281,1.19865E-4
1.0301,1.19716E-4
1.0317,1.19567E-4
1.0339,1.19523E-4
1.0359,1.1956E-4
1.0381,1.19538E-4
1.0396,1.19545E-4
1.0416,1.19903E-4
1.0438,1.19843E-4
1.0459,1.19545E-4
1.0475,1.19888E-4
1.0496,1.19567E-4
1.0517,1.19478E-4
1.0538,1.19493E-4
1.0559,1.19508E-4
1.0575,1.19612E-4
1.0597,1.1988E-4
1.0616,1.19538E-4
1.0637,1.19523E-4
1.0653,1.19806E-4
1.0675,1.19523E-4
1.0695,1.19515E-4
1.0715,1.19769E-4
1.0736,1.19538E-4
1.0753,1.19545E-4
1.0774,1.19694E-4
1.0794,1.19545E-4
1.0815,1.19538E-4
1.0832,1.19508E-4
1.0852,1.19865E-4
1.0873,1.19545E-4
1.0893,1.19649E-4
1.0911,1.19664E-4
1.0931,1.1988E-4
1.0952,1.19538E-4
1.0973,1.19456E-4
1.099,1.19448E-4
1.101,1.19471E-4
1.103,1.195E-4
1.1052,1.19851E-4
1.1068,1.1953E-4
1.1089,1.19545E-4
1.111,1.19582E-4
1.113,1.19463E-4
1.1152,1.19694E-4
1.1169,1.19932E-4
1.1189,1.19813E-4
1.121,1.19508E-4
1.123,1.19471E-4
1.1246,1.19843E-4
1.1268,1.19605E-4
1.1288,1.19523E-4
1.1308,1.19821E-4
1.1325,1.19582E-4
1.1346,1.19493E-4
1.1368,1.19798E-4
1.1389,1.1962E-4
1.1405,1.19523E-4
1.1425,1.19396E-4
1.1445,1.19456E-4
1.1468,1.19597E-4
1.1484,1.19724E-4
1.1503,1.19456E-4
1.1524,1.19396E-4
1.1546,1.19441E-4
1.1562,1.19508E-4
1.1583,1.1956E-4
1.1603,1.19463E-4
1.1625,1.19538E-4
1.1645,1.1988E-4
1.1661,1.19523E-4
1.1682,1.19627E-4
1.1703,1.19463E-4
1.1723,1.1953E-4
1.1744,1.19687E-4
1.1762,1.19448E-4
1.1782,1.195E-4
1.1803,1.19605E-4
1.1823,1.19508E-4
1.1841,1.19575E-4
1.1861,1.19828E-4
1.1882,1.19508E-4
1.1901,1.19843E-4
1.1919,1.19538E-4
1.1939,1.19731E-4
1.196,1.19508E-4
1.1982,1.19672E-4
1.2002,1.19538E-4
1.2018,1.19478E-4
1.204,1.19426E-4
1.2061,1.19441E-4
1.2081,1.19642E-4
1.2098,1.19552E-4
1.2118,1.19463E-4
1.2139,1.19426E-4
1.2159,1.19657E-4
1.2177,1.19433E-4
1.2198,1.19471E-4
1.2219,1.19724E-4
1.2239,1.19649E-4
1.226,1.19441E-4
1.2278,1.19411E-4
1.2298,1.19731E-4
1.2318,1.19448E-4
1.2339,1.19709E-4
1.2357,1.19552E-4
1.2377,1.19552E-4
1.2397,1.19448E-4
1.2418,1.19411E-4
1.2439,1.19366E-4
1.2456,1.19433E-4
1.2477,1.19389E-4
1.2497,1.19433E-4
1.2519,1.19739E-4
1.2539,1.19828E-4
1.2555,1.19478E-4
1.2578,1.19441E-4
1.2598,1.19634E-4
1.2618,1.19433E-4
1.2635,1.19374E-4
1.2656,1.19336E-4
1.2676,1.19329E-4
1.2697,1.19389E-4
1.2717,1.19739E-4
1.2734,1.19448E-4
1.2755,1.19396E-4
1.2776,1.19746E-4
1.2796,1.19456E-4
1.2814,1.19366E-4
1.2834,1.19336E-4
1.2855,1.19351E-4
1.2876,1.19329E-4
1.2892,1.19381E-4
1.2912,1.19322E-4
1.2934,1.19299E-4
1.2955,1.19374E-4
1.2971,1.19426E-4
1.2991,1.19351E-4
1.3013,1.19612E-4
1.3033,1.19381E-4
1.3053,1.19426E-4
1.3071,1.19336E-4
1.3091,1.19657E-4
1.3113,1.19396E-4
1.3132,1.19552E-4
1.315,1.19754E-4
1.3171,1.19508E-4
1.3191,1.19396E-4
1.3212,1.19463E-4
1.3232,1.19351E-4
1.325,1.19426E-4
1.327,1.19448E-4
1.329,1.19336E-4
1.3311,1.19694E-4
1.3328,1.19359E-4
1.3348,1.19277E-4
1.337,1.19359E-4
1.3391,1.19336E-4
1.3407,1.19634E-4
1.3427,1.19396E-4
1.3449,1.19716E-4
1.347,1.1959E-4
1.349,1.19351E-4
1.3506,1.19597E-4
1.3526,1.19448E-4
1.3549,1.19634E-4
1.3569,1.19299E-4
1.3585,1.19344E-4
1.3607,1.19612E-4
1.3627,1.19739E-4
1.3648,1.19351E-4
1.3664,1.19545E-4
1.3686,1.1953E-4
1.3706,1.19269E-4
1.3727,1.19262E-4
1.3747,1.19456E-4
1.3764,1.19456E-4
1.3785,1.19359E-4
1.3805,1.19254E-4
1.3827,1.19254E-4
1.3842,1.19344E-4
1.3864,1.1953E-4
1.3883,1.19359E-4
1.3905,1.19642E-4
1.3922,1.19448E-4
1.3942,1.1956E-4
1.3964,1.19381E-4
1.3983,1.19694E-4
1.4004,1.19448E-4
1.4021,1.19381E-4
1.4042,1.19322E-4
1.4063,1.19336E-4
1.4083,1.19694E-4
1.4099,1.19687E-4
1.412,1.19493E-4
1.4142,1.19307E-4
1.4162,1.19582E-4
1.4182,1.19277E-4
1.4199,1.19575E-4
1.422,1.19389E-4
1.424,1.19292E-4
1.4262,1.19389E-4
1.4278,1.19389E-4
1.4298,1.19299E-4
1.4319,1.19649E-4
1.434,1.19709E-4
1.4357,1.19389E-4
1.4377,1.19262E-4
1.4398,1.19538E-4
1.4418,1.19284E-4
1.444,1.19597E-4
1.4456,1.19269E-4
1.4477,1.19359E-4
1.4498,1.19389E-4
1.4519,1.19277E-4
1.4539,1.19262E-4
1.4557,1.19634E-4
1.4577,1.19292E-4
1.4597,1.19366E-4
1.4618,1.19374E-4
1.4635,1.19307E-4
1.4656,1.19277E-4
1.4676,1.19471E-4
1.4696,1.19284E-4
1.4714,1.19292E-4
1.4734,1.1959E-4
1.4755,1.19545E-4
1.4775,1.19284E-4
1.4792,1.19299E-4
1.4814,1.19262E-4
1.4833,1.19322E-4
1.4855,1.19634E-4
1.4875,1.19329E-4
1.4892,1.19299E-4
1.4913,1.19612E-4
1.4934,1.19269E-4
1.4954,1.19448E-4
1.4972,1.19247E-4
1.4992,1.19515E-4
1.5013,1.19232E-4
1.5033,1.1924E-4
1.505,1.19418E-4
1.5071,1.19254E-4
1.5091,1.19381E-4
1.5112,1.19277E-4
1.5132,1.19374E-4
1.515,1.19269E-4
1.517,1.19538E-4
1.5191,1.19225E-4
1.5212,1.19195E-4
1.5229,1.19247E-4
1.525,1.19605E-4
1.527,1.19336E-4
1.5291,1.19322E-4
1.5313,1.19597E-4
1.5329,1.19463E-4
1.535,1.19262E-4
1.5371,1.19232E-4
1.5392,1.19247E-4
1.5413,1.19329E-4
1.5429,1.19582E-4
1.545,1.19329E-4
1.5471,1.1924E-4
1.5492,1.19254E-4
1.5508,1.19232E-4
1.5529,1.19508E-4
1.555,1.19247E-4
1.557,1.19381E-4
1.5591,1.19381E-4
1.5608,1.19336E-4
1.5629,1.19344E-4
1.5649,1.19515E-4
1.567,1.1924E-4
1.5686,1.19195E-4
1.5707,1.1953E-4
1.5729,1.19411E-4
1.5749,1.19322E-4
1.5764,1.19202E-4
1.5787,1.19396E-4
1.5807,1.1924E-4
1.5828,1.19485E-4
1.5848,1.19322E-4
1.5865,1.19336E-4
1.5886,1.19508E-4
1.5906,1.19195E-4
1.5927,1.195E-4
1.5944,1.19173E-4
1.5965,1.19165E-4
1.5985,1.19128E-4
1.6006,1.1918E-4
1.6026,1.19262E-4
1.6044,1.19322E-4
1.6064,1.19217E-4
1.6085,1.19195E-4
1.6106,1.19314E-4
1.6122,1.19441E-4
1.6143,1.1962E-4
1.6163,1.19307E-4
1.6185,1.1924E-4
1.6201,1.19113E-4
1.6222,1.1918E-4
1.6242,1.19552E-4
1.6263,1.19441E-4
1.628,1.19538E-4
1.63,1.19366E-4
1.6322,1.1921E-4
1.6343,1.19538E-4
1.6358,1.19187E-4
1.638,1.19098E-4
1.6401,1.19128E-4
1.6421,1.1915E-4
1.6438,1.19195E-4
1.6459,1.19292E-4
1.648,1.19478E-4
1.65,1.19202E-4
1.6517,1.19523E-4
1.6537,1.19351E-4
1.6557,1.19381E-4
1.6579,1.19284E-4
1.6596,1.19299E-4
1.6616,1.19381E-4
1.6637,1.19627E-4
1.6657,1.19396E-4
1.6674,1.19165E-4
1.6694,1.19217E-4
1.6715,1.19508E-4
1.6736,1.19225E-4
1.6753,1.1915E-4
1.6773,1.1915E-4
1.6794,1.19411E-4
1.6815,1.19128E-4
1.6836,1.19195E-4
1.6852,1.19135E-4
1.6872,1.19195E-4
1.6893,1.19403E-4
1.6914,1.19135E-4
1.693,1.1918E-4
1.6951,1.19173E-4
1.6973,1.19105E-4
1.6993,1.19426E-4
1.7014,1.19128E-4
1.7029,1.1912E-4
1.7052,1.19083E-4
1.7072,1.19284E-4
1.7093,1.19366E-4
1.711,1.19202E-4
1.713,1.19128E-4
1.7151,1.1924E-4
1.7171,1.19158E-4
1.7188,1.19433E-4
1.7209,1.19195E-4
1.723,1.19381E-4
1.725,1.19202E-4
1.7267,1.19314E-4
1.7288,1.19247E-4
1.7308,1.19448E-4
1.733,1.19448E-4
1.735,1.19433E-4
1.7366,1.1918E-4
1.7387,1.19411E-4
1.7408,1.19158E-4
1.7429,1.19381E-4
1.7446,1.19336E-4
1.7466,1.19463E-4
1.7487,1.1918E-4
1.7507,1.19076E-4
1.7528,1.19053E-4
1.7544,1.19083E-4
1.7565,1.19165E-4
1.7586,1.1915E-4
1.7606,1.19471E-4
1.7624,1.1918E-4
1.7644,1.19433E-4
1.7665,1.195E-4
1.7686,1.19128E-4
1.7703,1.19053E-4
1.7723,1.19225E-4
1.7744,1.19113E-4
1.7764,1.19396E-4
1.7785,1.19113E-4
1.7802,1.19418E-4
1.7823,1.19344E-4
1.7844,1.19508E-4
1.7865,1.19254E-4
1.7881,1.19158E-4
1.7902,1.19314E-4
1.7923,1.19128E-4
1.7944,1.19076E-4
1.796,1.19098E-4
1.7981,1.19143E-4
1.8002,1.19389E-4
1.8023,1.1915E-4
1.8043,1.19143E-4
1.8059,1.19403E-4
1.8081,1.19165E-4
1.8101,1.19068E-4
1.8122,1.19046E-4
1.8139,1.19105E-4
1.816,1.19396E-4
1.818,1.19173E-4
1.8201,1.19478E-4
1.8217,1.19195E-4
1.8239,1.195E-4
1.8259,1.19143E-4
1.8281,1.19143E-4
1.8298,1.19411E-4
1.8318,1.1918E-4
1.8339,1.19508E-4
1.8359,1.19173E-4
1.838,1.19374E-4
1.8397,1.19277E-4
1.8417,1.19143E-4
1.8439,1.19493E-4
1.8459,1.19456E-4
1.8476,1.19374E-4
1.8496,1.19091E-4
1.8517,1.19083E-4
1.8538,1.19232E-4
1.8559,1.19217E-4
1.8576,1.1912E-4
1.8596,1.19359E-4
1.8617,1.19366E-4
1.8637,1.19091E-4
1.8655,1.19128E-4
1.8675,1.19329E-4
1.8696,1.19061E-4
1.8715,1.19262E-4
1.8733,1.19254E-4
1.8754,1.19076E-4
1.8775,1.19374E-4
1.8796,1.19456E-4
1.8812,1.19098E-4
1.8833,1.19254E-4
1.8853,1.19031E-4
1.8874,1.19068E-4
1.8896,1.19083E-4
1.8912,1.1915E-4
1.8933,1.19195E-4
1.8954,1.19083E-4
1.8975,1.19269E-4
1.899,1.19128E-4
1.9012,1.19053E-4
1.9033,1.19232E-4
1.9052,1.19225E-4
1.9068,1.19053E-4
1.909,1.19076E-4
1.9111,1.19046E-4
1.9132,1.19314E-4
1.9148,1.19083E-4
1.9168,1.19038E-4
1.919,1.19195E-4
1.921,1.19396E-4
1.9231,1.19217E-4
1.9247,1.19023E-4
1.9267,1.18971E-4
1.9289,1.19009E-4
1.9309,1.19344E-4
1.9326,1.1912E-4
1.9347,1.19254E-4
1.9368,1.19038E-4
1.9388,1.19001E-4
1.9409,1.19038E-4
1.9426,1.19001E-4
1.9447,1.19351E-4
1.9468,1.19411E-4
1.9488,1.18994E-4
1.9505,1.19105E-4
1.9526,1.19046E-4
1.9546,1.19374E-4
1.9567,1.19187E-4
1.9587,1.18986E-4
1.9605,1.19336E-4
1.9625,1.19031E-4
1.9646,1.19001E-4
1.9666,1.18986E-4
1.9684,1.19247E-4
1.9704,1.19411E-4
1.9725,1.19091E-4
1.9745,1.19001E-4
1.9762,1.19001E-4
1.9783,1.1912E-4
1.9803,1.19128E-4
1.9825,1.19009E-4
1.9846,1.19202E-4
1.9861,1.19068E-4
1.9882,1.19195E-4
1.9902,1.19165E-4
1.9924,1.19292E-4
1.994,1.19016E-4
1.996,1.19351E-4
1.9982,1.19083E-4
2.0001,1.18971E-4
2.0018,1.19254E-4
2.004,1.1918E-4
2.006,1.19038E-4
2.0081,1.19381E-4
2.0101,1.19284E-4
2.0118,1.19076E-4
2.0139,1.19381E-4
2.016,1.19068E-4
2.018,1.19068E-4
2.0197,1.18986E-4
2.0217,1.19322E-4
2.0239,1.18994E-4
2.0259,1.18994E-4
2.0276,1.1924E-4
2.0297,1.19105E-4
2.0317,1.19061E-4
2.0338,1.19038E-4
2.0359,1.19158E-4
2.0375,1.1918E-4
2.0396,1.19046E-4
2.0417,1.18994E-4
2.0438,1.19232E-4
2.0454,1.18956E-4
2.0476,1.1921E-4
2.0496,1.19038E-4
2.0517,1.19001E-4
2.0533,1.19128E-4
2.0555,1.19046E-4
2.0575,1.18942E-4
2.0596,1.18919E-4
2.0616,1.19277E-4
2.0634,1.18956E-4
2.0654,1.18904E-4
2.0675,1.18971E-4
2.0695,1.19322E-4
2.0712,1.19009E-4
2.0732,1.19038E-4
2.0753,1.19217E-4
2.0774,1.18956E-4
2.0791,1.19009E-4
2.0811,1.19374E-4
2.0832,1.19053E-4
2.0852,1.19359E-4
2.0869,1.19374E-4
2.089,1.19344E-4
2.091,1.18964E-4
2.0931,1.18919E-4
2.0952,1.18971E-4
2.0969,1.18934E-4
2.0989,1.19016E-4
2.101,1.19381E-4
2.1032,1.19254E-4
2.1047,1.19173E-4
2.1069,1.18942E-4
2.1089,1.18904E-4
2.111,1.18994E-4
2.1131,1.19225E-4
2.1147,1.18912E-4
2.1168,1.18934E-4
2.1189,1.19083E-4
2.121,1.19329E-4
2.1226,1.18971E-4
2.1247,1.18897E-4
2.1268,1.1886E-4
2.1289,1.19098E-4
2.1305,1.18934E-4
2.1326,1.19284E-4
2.1347,1.19135E-4
2.1369,1.19336E-4
2.1384,1.19381E-4
2.1405,1.19359E-4
2.1427,1.19336E-4
2.1448,1.18956E-4
2.1463,1.18956E-4
2.1484,1.18979E-4
2.1506,1.19277E-4
2.1527,1.18949E-4
2.1542,1.19195E-4
2.1564,1.18942E-4
2.1583,1.18956E-4
2.1605,1.19225E-4
2.1625,1.18912E-4
2.1642,1.18986E-4
2.1663,1.19061E-4
2.1683,1.18874E-4
2.1704,1.18919E-4
2.172,1.18956E-4
2.1742,1.19329E-4
2.1762,1.19254E-4
2.1783,1.18942E-4
2.1803,1.19009E-4
2.182,1.19098E-4
2.1841,1.18874E-4
2.1861,1.19105E-4
2.1882,1.19165E-4
2.1899,1.18927E-4
2.192,1.19001E-4
2.194,1.18904E-4
2.1961,1.19068E-4
2.1978,1.18852E-4
2.1998,1.18874E-4
2.2019,1.19143E-4
2.204,1.19284E-4
2.2057,1.18964E-4
2.2078,1.18837E-4
2.2098,1.18927E-4
2.2119,1.19195E-4
2.214,1.18927E-4
2.2157,1.18852E-4
2.2177,1.19202E-4
2.2197,1.18994E-4
2.2217,1.19217E-4
2.2235,1.18919E-4
2.2256,1.18912E-4
2.2277,1.18912E-4
2.2297,1.18904E-4
2.2318,1.19165E-4
2.2335,1.19336E-4
2.2355,1.19023E-4
2.2376,1.19262E-4
2.2397,1.19344E-4
2.2413,1.19083E-4
2.2434,1.18889E-4
2.2455,1.1886E-4
2.2476,1.19076E-4
2.2492,1.19225E-4
2.2513,1.18874E-4
2.2534,1.18889E-4
2.2555,1.18815E-4
2.2575,1.19173E-4
2.2591,1.18882E-4
2.2613,1.19105E-4
2.2633,1.18889E-4
2.2654,1.19031E-4
2.2671,1.19187E-4
2.2691,1.18919E-4
2.2713,1.19225E-4
2.2732,1.18994E-4
2.2753,1.18912E-4
2.277,1.19269E-4
2.2791,1.1921E-4
2.2811,1.18942E-4
2.2832,1.18971E-4
2.2849,1.19076E-4
2.287,1.18889E-4
2.289,1.18874E-4
2.291,1.18874E-4
2.2932,1.18949E-4
2.2948,1.1918E-4
2.2969,1.18942E-4
2.299,1.19173E-4
2.301,1.18934E-4
2.3027,1.18934E-4
2.3048,1.18874E-4
2.3068,1.18793E-4
2.3089,1.18807E-4
2.3105,1.18912E-4
2.3127,1.18934E-4
2.3147,1.18994E-4
2.3169,1.19187E-4
2.3189,1.18912E-4
2.3206,1.19195E-4
2.3226,1.1924E-4
2.3247,1.18867E-4
2.3268,1.18807E-4
2.3284,1.18889E-4
2.3305,1.19195E-4
2.3326,1.18874E-4
2.3347,1.19128E-4
2.3363,1.188E-4
2.3384,1.188E-4
2.3405,1.18815E-4
2.3425,1.19195E-4
2.3442,1.18897E-4
2.3463,1.19076E-4
2.3483,1.19128E-4
2.3505,1.18815E-4
2.3525,1.18845E-4
2.3541,1.1883E-4
2.3563,1.18793E-4
2.3583,1.18807E-4
2.3604,1.18964E-4
2.3621,1.19128E-4
2.3642,1.19158E-4
2.3662,1.18919E-4
2.3683,1.1918E-4
2.3699,1.18882E-4
2.372,1.18793E-4
2.3741,1.18785E-4
2.3761,1.18815E-4
2.3782,1.18815E-4
2.3799,1.188E-4
2.382,1.18845E-4
2.384,1.18793E-4
2.3862,1.18919E-4
2.3878,1.18807E-4
2.3898,1.18971E-4
2.3919,1.18815E-4
2.394,1.188E-4
2.3961,1.18778E-4
2.3977,1.18815E-4
2.3998,1.18837E-4
2.4019,1.1877E-4
2.4039,1.19068E-4
2.4056,1.19128E-4
2.4077,1.18822E-4
2.4097,1.19113E-4
2.4118,1.18986E-4
2.4139,1.18837E-4
2.4156,1.18949E-4
2.4176,1.18807E-4
2.4197,1.18807E-4
2.4217,1.19113E-4
2.4235,1.1921E-4
2.4255,1.18874E-4
2.4275,1.18852E-4
2.4297,1.18949E-4
2.4317,1.1886E-4
2.4333,1.18778E-4
2.4355,1.18815E-4
2.4375,1.18815E-4
2.4397,1.1915E-4
2.4413,1.188E-4
2.4433,1.18889E-4
2.4455,1.19001E-4
2.4476,1.19023E-4
2.4492,1.19016E-4
2.4513,1.18882E-4
2.4534,1.1921E-4
2.4555,1.19076E-4
2.4576,1.1883E-4
2.4592,1.18942E-4
2.4613,1.19113E-4
2.4634,1.18867E-4
2.4654,1.18763E-4
2.4671,1.18942E-4
2.4692,1.18942E-4
2.4713,1.19113E-4
2.4733,1.1886E-4
2.4754,1.18964E-4
2.477,1.18822E-4
2.4792,1.18815E-4
2.4812,1.19113E-4
2.4833,1.18845E-4
2.485,1.18964E-4
2.487,1.1886E-4
2.4891,1.19165E-4
2.4912,1.19173E-4
2.4929,1.18889E-4
2.4949,1.18986E-4
2.497,1.18979E-4
2.4991,1.188E-4
2.5011,1.18778E-4
2.5028,1.19023E-4
2.5049,1.18793E-4
2.507,1.1877E-4
2.509,1.18867E-4
2.5107,1.18994E-4
2.5127,1.18956E-4
2.5148,1.1877E-4
2.5168,1.18733E-4
2.519,1.1874E-4
2.5207,1.19001E-4
2.5226,1.19053E-4
2.5248,1.18748E-4
2.5268,1.18748E-4
2.5285,1.18793E-4
2.5305,1.19001E-4
2.5326,1.19165E-4
2.5347,1.18845E-4
2.5364,1.188E-4
2.5384,1.18785E-4
2.5405,1.18763E-4
2.5426,1.18733E-4
2.5447,1.18822E-4
2.5463,1.18755E-4
2.5485,1.18755E-4
2.5505,1.18793E-4
2.5526,1.18785E-4
2.5542,1.188E-4
2.5563,1.19023E-4
2.5584,1.18807E-4
2.5604,1.19076E-4
2.5621,1.18807E-4
2.5642,1.19001E-4
2.5663,1.18785E-4
2.5683,1.18852E-4
2.5704,1.18807E-4
2.5721,1.19031E-4
2.5742,1.18882E-4
2.5762,1.18912E-4
2.5783,1.19061E-4
2.58,1.18733E-4
2.582,1.18912E-4
2.5841,1.18688E-4
2.5861,1.18725E-4
2.5878,1.18711E-4
2.5899,1.19068E-4
2.5919,1.19098E-4
2.5941,1.19128E-4
2.596,1.19105E-4
2.5977,1.19053E-4
2.5998,1.19068E-4
2.6019,1.1877E-4
2.6039,1.18889E-4
2.6057,1.18725E-4
2.6077,1.18748E-4
2.6097,1.19083E-4
2.6118,1.19001E-4
2.6138,1.18748E-4
2.6156,1.19038E-4
2.6176,1.1883E-4
2.6197,1.18942E-4
2.6218,1.19016E-4
2.6234,1.18688E-4
2.6255,1.18688E-4
2.6275,1.18688E-4
2.6297,1.18748E-4
2.6313,1.18942E-4
2.6334,1.18755E-4
2.6354,1.18733E-4
2.6376,1.18748E-4
2.6392,1.18994E-4
2.6413,1.19076E-4
2.6433,1.18956E-4
2.6455,1.18755E-4
2.6471,1.18696E-4
2.6491,1.18934E-4
2.6512,1.18979E-4
2.6534,1.188E-4
2.6554,1.18688E-4
2.6571,1.18651E-4
2.6592,1.18703E-4
2.6612,1.18703E-4
2.6633,1.18927E-4
2.6649,1.18696E-4
2.6669,1.18621E-4
2.6691,1.18658E-4
2.6711,1.18636E-4
2.6732,1.18964E-4
2.6749,1.18688E-4
2.6769,1.18673E-4
2.679,1.18793E-4
2.681,1.19023E-4
2.6827,1.18711E-4
2.6848,1.18673E-4
2.6869,1.18733E-4
2.689,1.18852E-4
2.691,1.18927E-4
2.6927,1.18711E-4
2.6948,1.18711E-4
2.6968,1.18956E-4
2.6989,1.18688E-4
2.7005,1.18696E-4
2.7027,1.18703E-4
2.7047,1.18673E-4
2.7068,1.18681E-4
2.7084,1.18889E-4
2.7105,1.18658E-4
2.7126,1.18673E-4
2.7146,1.188E-4
2.7167,1.18971E-4
2.7184,1.18979E-4
2.7205,1.18651E-4
2.7225,1.18673E-4
2.7246,1.18956E-4
2.7263,1.18688E-4
2.7283,1.18621E-4
2.7303,1.18666E-4
2.7325,1.18651E-4
2.7346,1.18688E-4
2.7362,1.18696E-4
2.7383,1.18912E-4
2.7403,1.1877E-4
2.7425,1.18629E-4
2.7441,1.18614E-4
2.7463,1.18882E-4
2.7483,1.18651E-4
2.7505,1.18874E-4
2.7525,1.18696E-4
2.7541,1.18971E-4
2.7563,1.19001E-4
2.7583,1.18725E-4
2.7604,1.19038E-4
2.7622,1.19053E-4
2.7642,1.18882E-4
2.7662,1.18614E-4
2.7683,1.18629E-4
2.7703,1.18621E-4
2.7721,1.18852E-4
2.7741,1.18897E-4
2.7762,1.18956E-4
2.7783,1.18651E-4
2.7799,1.18778E-4
2.782,1.18711E-4
2.784,1.1877E-4
2.7862,1.18934E-4
2.7882,1.18942E-4
2.7899,1.18651E-4
2.792,1.18599E-4
2.794,1.18621E-4
2.7961,1.18897E-4
2.7981,1.18681E-4
2.7999,1.18971E-4
2.8019,1.18666E-4
2.804,1.188E-4
2.8061,1.18658E-4
2.8077,1.18822E-4
2.8098,1.18733E-4
2.8118,1.18919E-4
2.8139,1.18696E-4
2.8161,1.18658E-4
2.8177,1.19023E-4
2.8197,1.18889E-4
2.8219,1.18644E-4
2.8239,1.18942E-4
2.8255,1.18733E-4
2.8276,1.1874E-4
2.8297,1.18845E-4
2.8319,1.18629E-4
2.8334,1.18711E-4
2.8354,1.18979E-4
2.8377,1.18673E-4
2.8397,1.18711E-4
2.8412,1.18621E-4
2.8435,1.18778E-4
2.8455,1.18621E-4
2.8476,1.18614E-4
2.8496,1.18666E-4
2.8512,1.18621E-4
2.8534,1.18934E-4
2.8554,1.18666E-4
2.8575,1.18815E-4
2.8592,1.18621E-4
2.8612,1.18889E-4
2.8633,1.18934E-4
2.8653,1.18986E-4
2.8671,1.18658E-4
2.8691,1.18956E-4
2.8712,1.18629E-4
2.8732,1.18621E-4
2.8753,1.18621E-4
2.877,1.18822E-4
2.8791,1.18629E-4
2.8811,1.18882E-4
2.8832,1.18837E-4
2.8848,1.18569E-4
2.887,1.18554E-4
2.889,1.18547E-4
2.8911,1.18793E-4
2.8928,1.18606E-4
2.8949,1.18562E-4
2.8969,1.18621E-4
2.899,1.1886E-4
2.9007,1.18874E-4
2.9027,1.18621E-4
2.9048,1.18658E-4
2.9068,1.18591E-4
2.9089,1.18874E-4
2.9106,1.18621E-4
2.9126,1.18748E-4
2.9146,1.18584E-4
2.9167,1.18636E-4
2.9189,1.1883E-4
2.9205,1.18956E-4
2.9224,1.18599E-4
2.9247,1.18562E-4
2.9267,1.18793E-4
2.9283,1.18979E-4
2.9303,1.18897E-4
2.9326,1.18986E-4
2.9346,1.18658E-4
2.9367,1.18569E-4
2.9383,1.18539E-4
2.9403,1.18867E-4
2.9425,1.18562E-4
2.9445,1.18748E-4
2.9461,1.18845E-4
2.9482,1.18658E-4
2.9503,1.18897E-4
2.9524,1.18562E-4
2.9545,1.18807E-4
2.9561,1.18889E-4
2.9582,1.18569E-4
2.9602,1.18793E-4
2.9624,1.18644E-4
2.964,1.18562E-4
2.9661,1.18621E-4
2.9682,1.18979E-4
2.9702,1.18942E-4
2.9723,1.18636E-4
2.974,1.18845E-4
2.9761,1.18897E-4
2.9781,1.18576E-4
2.9802,1.18852E-4
2.9819,1.18562E-4
2.9839,1.18509E-4
2.986,1.18547E-4
2.988,1.18562E-4
2.9897,1.18539E-4
2.9918,1.18614E-4
2.9938,1.18651E-4
2.9959,1.18547E-4
2.9979,1.18815E-4
2.9996,1.18569E-4
3.0018,1.18621E-4
3.0038,1.18576E-4
3.006,1.18569E-4
3.0076,1.18599E-4
3.0096,1.18755E-4
3.0118,1.18576E-4
3.0138,1.18524E-4
3.0159,1.18509E-4
3.0174,1.18793E-4
3.0196,1.18882E-4
3.0216,1.18591E-4
3.0238,1.18666E-4
3.0258,1.18681E-4
3.0275,1.18532E-4
3.0296,1.18509E-4
3.0316,1.18733E-4
3.0337,1.18688E-4
3.0353,1.18584E-4
3.0375,1.18807E-4
3.0395,1.18629E-4
3.0416,1.18591E-4
3.0437,1.18494E-4
3.0454,1.18591E-4
3.0474,1.18494E-4
3.0495,1.188E-4
3.0516,1.18547E-4
3.0532,1.18524E-4
3.0554,1.18524E-4
3.0575,1.18562E-4
3.0596,1.18524E-4
3.0612,1.18472E-4
3.0633,1.18517E-4
3.0654,1.18569E-4
3.0675,1.18867E-4
3.0695,1.18889E-4
3.0712,1.18673E-4
3.0733,1.18897E-4
3.0754,1.18688E-4
3.0771,1.18524E-4
3.0791,1.18457E-4
3.0812,1.18569E-4
3.0832,1.18554E-4
3.0853,1.18524E-4
3.087,1.18524E-4
3.089,1.18621E-4
3.0911,1.18539E-4
3.0931,1.18569E-4
3.0948,1.18837E-4
3.0969,1.18882E-4
3.0989,1.18562E-4
3.1011,1.18524E-4
3.1031,1.18852E-4
3.1048,1.18554E-4
3.1068,1.18442E-4
3.1089,1.18554E-4
3.1109,1.18606E-4
3.1127,1.1883E-4
3.1147,1.18517E-4
3.1168,1.18644E-4
3.1189,1.18845E-4
3.1206,1.18524E-4
3.1226,1.18494E-4
3.1247,1.18472E-4
3.1268,1.18435E-4
3.1284,1.18509E-4
3.1305,1.18487E-4
3.1325,1.18509E-4
3.1347,1.18599E-4
3.1363,1.18539E-4
3.1383,1.18517E-4
3.1404,1.18688E-4
3.1425,1.18822E-4
3.1442,1.18912E-4
3.1462,1.18942E-4
3.1483,1.18711E-4
3.1504,1.18509E-4
3.1525,1.1874E-4
3.1541,1.18874E-4
3.1562,1.18584E-4
3.1582,1.18785E-4
3.1604,1.1883E-4
3.162,1.18539E-4
3.1641,1.18718E-4
3.1662,1.18845E-4
3.1682,1.18897E-4
3.1703,1.18562E-4
3.172,1.188E-4
3.174,1.18703E-4
3.1761,1.18494E-4
3.1781,1.18509E-4
3.1798,1.18599E-4
3.1819,1.18725E-4
3.1839,1.18785E-4
3.186,1.188E-4
3.188,1.1848E-4
3.1898,1.18621E-4
3.1919,1.18442E-4
3.1939,1.18517E-4
3.196,1.18606E-4
3.1977,1.1845E-4
3.1997,1.18405E-4
3.2018,1.18524E-4
3.2039,1.18405E-4
3.2059,1.1842E-4
3.2076,1.1845E-4
3.2097,1.18532E-4
3.2117,1.18472E-4
3.2138,1.188E-4
3.2155,1.18494E-4
3.2176,1.1874E-4
3.2196,1.18457E-4
3.2217,1.18532E-4
3.2238,1.18778E-4
3.2254,1.18778E-4
3.2275,1.18793E-4
3.2295,1.18569E-4
3.2317,1.18465E-4
3.2338,1.18725E-4
3.2354,1.18472E-4
3.2375,1.1848E-4
3.2396,1.188E-4
3.2416,1.18502E-4
3.2432,1.18405E-4
3.2454,1.18465E-4
3.2475,1.188E-4
3.2495,1.18793E-4
3.2515,1.18763E-4
3.2532,1.18494E-4
3.2554,1.18636E-4
3.2573,1.18688E-4
3.2595,1.18494E-4
3.2612,1.18658E-4
3.2632,1.18442E-4
3.2653,1.18733E-4
3.2673,1.18644E-4
3.269,1.18487E-4
3.2711,1.18427E-4
3.2731,1.18435E-4
3.2752,1.18547E-4
3.2773,1.1874E-4
3.2789,1.1842E-4
3.281,1.18405E-4
3.2831,1.18368E-4
3.2852,1.18427E-4
3.2868,1.18681E-4
3.2889,1.18398E-4
3.2909,1.18398E-4
3.293,1.18398E-4
3.2947,1.1839E-4
3.2968,1.18494E-4
3.2989,1.18688E-4
3.3009,1.18755E-4
3.303,1.18562E-4
3.3047,1.18435E-4
3.3068,1.18725E-4
3.3088,1.1842E-4
3.3109,1.1839E-4
3.3126,1.18435E-4
3.3146,1.18733E-4
3.3167,1.18584E-4
3.3187,1.18688E-4
3.3205,1.18435E-4
3.3225,1.18606E-4
3.3246,1.1848E-4
3.3267,1.18629E-4
3.3288,1.18725E-4
3.3304,1.18755E-4
3.3324,1.1842E-4
3.3345,1.18494E-4
3.3367,1.1848E-4
3.3383,1.18763E-4
3.3403,1.18494E-4
3.3424,1.18748E-4
3.3445,1.18733E-4
3.3461,1.18442E-4
3.3483,1.1845E-4
3.3504,1.1877E-4
3.3524,1.18457E-4
3.3545,1.18524E-4
3.3561,1.18487E-4
3.3583,1.18465E-4
3.3604,1.18636E-4
3.3624,1.18427E-4
3.3641,1.18591E-4
3.3661,1.18413E-4
3.3682,1.1842E-4
3.3703,1.18509E-4
3.372,1.1848E-4
3.3741,1.1845E-4
3.3761,1.18517E-4
3.3782,1.18353E-4
3.3803,1.1848E-4
3.382,1.1836E-4
3.384,1.1848E-4
3.3862,1.18576E-4
3.3882,1.1836E-4
3.3899,1.18584E-4
3.3919,1.1839E-4
3.394,1.1836E-4
3.3961,1.18383E-4
3.3977,1.18375E-4
3.3998,1.18562E-4
3.4019,1.18673E-4
3.404,1.18442E-4
3.4059,1.18681E-4
3.4077,1.18509E-4
3.4098,1.18696E-4
3.4118,1.1845E-4
3.4139,1.1842E-4
3.4156,1.18435E-4
3.4176,1.1877E-4
3.4197,1.18651E-4
3.4217,1.18666E-4
3.4235,1.18763E-4
3.4255,1.18576E-4
3.4276,1.18375E-4
3.4296,1.18465E-4
3.4313,1.18651E-4
3.4334,1.18375E-4
3.4354,1.18316E-4
3.4374,1.18442E-4
3.4397,1.1842E-4
3.4413,1.18413E-4
3.4433,1.18763E-4
3.4454,1.18636E-4
3.4475,1.18472E-4
3.4491,1.18629E-4
3.4513,1.18398E-4
3.4532,1.18308E-4
3.4554,1.18517E-4
3.4574,1.18338E-4
3.4591,1.18658E-4
3.4612,1.18368E-4
3.4632,1.18301E-4
3.4653,1.18286E-4
3.4669,1.18338E-4
3.4691,1.18629E-4
3.4711,1.1839E-4
3.4732,1.1836E-4
3.4753,1.18673E-4
3.4769,1.18405E-4
3.479,1.18725E-4
3.4811,1.18733E-4
3.4832,1.18405E-4
3.4848,1.18316E-4
3.4868,1.1842E-4
3.489,1.18629E-4
3.4911,1.1839E-4
3.4932,1.18621E-4
3.4948,1.18353E-4
3.4969,1.1836E-4
3.499,1.18584E-4
3.501,1.18569E-4
3.503,1.1842E-4
3.5047,1.18375E-4
3.5069,1.18688E-4
3.5089,1.18614E-4
3.5109,1.18398E-4
3.5127,1.18554E-4
3.5147,1.18338E-4
3.5168,1.18368E-4
3.5189,1.18316E-4
3.5205,1.18353E-4
3.5225,1.18316E-4
3.5246,1.18562E-4
3.5266,1.18658E-4
3.5283,1.18353E-4
3.5305,1.18562E-4
3.5324,1.18383E-4
3.5345,1.18673E-4
3.5367,1.18517E-4
3.5383,1.18465E-4
3.5403,1.18345E-4
3.5424,1.18308E-4
3.5445,1.18405E-4
3.5461,1.18286E-4
3.5482,1.18338E-4
3.5504,1.18465E-4
3.5524,1.18308E-4
3.5541,1.18532E-4
3.5561,1.18539E-4
3.5582,1.18241E-4
3.5603,1.18271E-4
3.5623,1.18539E-4
3.564,1.18427E-4
3.5661,1.18286E-4
3.5682,1.18368E-4
3.5703,1.18278E-4
3.5718,1.18316E-4
3.574,1.18398E-4
3.576,1.18323E-4
3.5782,1.18621E-4
3.5802,1.18562E-4
3.5818,1.18666E-4
3.5839,1.18666E-4
3.586,1.18472E-4
3.5881,1.1836E-4
3.5897,1.18629E-4
3.5918,1.18696E-4
3.5939,1.18427E-4
3.596,1.18688E-4
3.5981,1.18465E-4
3.5996,1.18308E-4
3.6018,1.18383E-4
3.6038,1.18308E-4
3.6059,1.18405E-4
3.6076,1.18368E-4
3.6097,1.18271E-4
3.6117,1.18562E-4
3.6138,1.18562E-4
3.6155,1.18308E-4
3.6175,1.18293E-4
3.6197,1.18368E-4
3.6216,1.18465E-4
3.6238,1.18316E-4
3.6254,1.18293E-4
3.6275,1.18375E-4
3.6295,1.18584E-4
3.6313,1.18278E-4
3.6333,1.18368E-4
3.6354,1.18368E-4
3.6375,1.18435E-4
3.6391,1.18249E-4
3.6412,1.18189E-4
3.6432,1.18457E-4
3.6453,1.18599E-4
3.6474,1.18398E-4
3.6491,1.18301E-4
3.6512,1.18219E-4
3.6532,1.18256E-4
3.6553,1.1845E-4
3.657,1.18219E-4
3.6591,1.18249E-4
3.6612,1.18345E-4
3.6633,1.18249E-4
3.665,1.18204E-4
3.667,1.18241E-4
3.6691,1.18569E-4
3.6711,1.18338E-4
3.6733,1.18278E-4
3.6749,1.18398E-4
3.677,1.18286E-4
3.6791,1.18264E-4
3.6813,1.18308E-4
3.6828,1.18636E-4
3.6849,1.18681E-4
3.6871,1.18636E-4
3.6891,1.18472E-4
3.6911,1.18256E-4
3.6927,1.18316E-4
3.695,1.18606E-4
3.6969,1.18278E-4
3.6991,1.18331E-4
3.7007,1.18256E-4
3.7028,1.18562E-4
3.7048,1.18331E-4
3.7069,1.18256E-4
3.7089,1.18562E-4
3.7106,1.18278E-4
3.7127,1.18562E-4
3.7148,1.18621E-4
3.7168,1.18338E-4
3.7185,1.18539E-4
3.7206,1.18375E-4
3.7226,1.18241E-4
3.7247,1.18211E-4
3.7268,1.18167E-4
3.7285,1.18256E-4
3.7305,1.18316E-4
3.7326,1.18286E-4
3.7347,1.18547E-4
3.7364,1.18502E-4
3.7384,1.18338E-4
3.7405,1.18509E-4
3.7426,1.18249E-4
3.7442,1.18517E-4
3.7463,1.18256E-4
3.7484,1.18234E-4
3.7505,1.18196E-4
3.7522,1.18278E-4
3.7542,1.18405E-4
3.7563,1.18472E-4
3.7584,1.18234E-4
3.7604,1.18249E-4
3.7621,1.18345E-4
3.7642,1.18413E-4
3.7663,1.18286E-4
3.7684,1.18554E-4
3.7705,1.18629E-4
3.772,1.18614E-4
3.7741,1.18323E-4
3.7761,1.18211E-4
3.7784,1.18398E-4
3.78,1.18494E-4
3.782,1.18226E-4
3.7842,1.18323E-4
3.7862,1.18249E-4
3.7878,1.18532E-4
3.7899,1.18532E-4
3.792,1.18271E-4
3.7941,1.18562E-4
3.7962,1.18308E-4
3.7977,1.18562E-4
3.7999,1.18249E-4
3.8024,1.18219E-4
3.804,1.18182E-4
3.8061,1.18226E-4
3.8082,1.18323E-4
3.8103,1.1839E-4
3.8119,1.18182E-4
3.814,1.18182E-4
3.8161,1.18517E-4
3.8181,1.18211E-4
3.8203,1.18115E-4
3.8218,1.18144E-4
3.824,1.18167E-4
3.826,1.18159E-4
3.8281,1.18159E-4
3.8298,1.18442E-4
3.8318,1.18219E-4
3.8339,1.18353E-4
3.836,1.18383E-4
3.8376,1.18182E-4
3.8397,1.18554E-4
3.8418,1.18241E-4
3.8439,1.1845E-4
3.8459,1.18234E-4
3.8476,1.18517E-4
3.8496,1.18234E-4
3.8517,1.18532E-4
3.8539,1.18249E-4
3.8558,1.18547E-4
3.8574,1.18196E-4
3.8596,1.18472E-4
3.8617,1.18472E-4
3.8637,1.18144E-4
3.8653,1.18174E-4
3.8676,1.18152E-4
3.8696,1.18182E-4
3.8717,1.18427E-4
3.8733,1.18182E-4
3.8754,1.18122E-4
3.8775,1.18159E-4
3.8795,1.18398E-4
3.8811,1.18196E-4
3.8833,1.18219E-4
3.8853,1.18509E-4
3.8874,1.18167E-4
3.889,1.18375E-4
3.8912,1.18383E-4
3.8932,1.18137E-4
3.8953,1.18398E-4
3.8973,1.18271E-4
3.899,1.18115E-4
3.9011,1.18413E-4
3.9031,1.18174E-4
3.9052,1.18167E-4
3.9069,1.18241E-4
3.909,1.18226E-4
3.911,1.18152E-4
3.9132,1.18167E-4
3.9152,1.18494E-4
3.9169,1.18196E-4
3.9189,1.18487E-4
3.921,1.1842E-4
3.9231,1.18159E-4
3.9252,1.18435E-4
3.9268,1.18167E-4
3.9289,1.18144E-4
3.9309,1.18167E-4
3.9331,1.18182E-4
3.9347,1.18085E-4
3.9368,1.18092E-4
3.9388,1.18345E-4
3.9409,1.18472E-4
3.9426,1.18204E-4
3.9446,1.18435E-4
3.9468,1.18368E-4
3.9487,1.18293E-4
3.9504,1.18182E-4
3.9525,1.1842E-4
3.9545,1.18427E-4
3.9566,1.18152E-4
3.9587,1.18286E-4
3.9604,1.18174E-4
3.9623,1.18167E-4
3.9645,1.18375E-4
3.9666,1.18122E-4
3.9682,1.18085E-4
3.9704,1.18405E-4
3.9725,1.18509E-4
3.9746,1.18405E-4
3.9767,1.18167E-4
3.9783,1.1845E-4
3.9804,1.18144E-4
3.9825,1.181E-4
3.9845,1.18055E-4
3.9863,1.18085E-4
3.9883,1.18226E-4
3.9904,1.18308E-4
3.9924,1.18107E-4
3.9945,1.1804E-4
3.9962,1.181E-4
3.9982,1.18353E-4
4.0003,1.18189E-4
4.0024,1.18174E-4
4.0041,1.18122E-4
4.0061,1.18241E-4
4.0082,1.18062E-4
4.0103,1.18182E-4
4.012,1.18115E-4
4.0141,1.18182E-4
4.0162,1.18107E-4
4.0182,1.18353E-4
4.0203,1.18122E-4
4.022,1.181E-4
4.024,1.18427E-4
4.026,1.18107E-4
4.0281,1.1807E-4
4.0298,1.1842E-4
4.0319,1.18472E-4
4.0339,1.18494E-4
4.0361,1.18211E-4
4.0381,1.18345E-4
4.0397,1.18129E-4
4.0418,1.18129E-4
4.0439,1.18368E-4
4.046,1.18137E-4
4.0476,1.18405E-4
4.0497,1.18115E-4
4.0517,1.181E-4
4.0539,1.18345E-4
4.0555,1.18196E-4
4.0576,1.18062E-4
4.0596,1.18256E-4
4.0618,1.18092E-4
4.0639,1.181E-4
4.0655,1.18062E-4
4.0676,1.18062E-4
4.0697,1.18115E-4
4.0718,1.18174E-4
4.0734,1.18115E-4
4.0755,1.181E-4
4.0776,1.18055E-4
4.0797,1.1804E-4
4.0813,1.18144E-4
4.0833,1.18345E-4
4.0855,1.1836E-4
4.0875,1.18345E-4
4.0892,1.18427E-4
4.0912,1.18174E-4
4.0933,1.18465E-4
4.0954,1.18144E-4
4.0975,1.1842E-4
4.0992,1.18174E-4
4.1012,1.18107E-4
4.1034,1.18182E-4
4.1054,1.18055E-4
4.1071,1.18092E-4
4.1091,1.18055E-4
4.1112,1.1804E-4
4.1132,1.18092E-4
4.1154,1.18159E-4
4.117,1.18077E-4
4.1191,1.18003E-4
4.1212,1.18107E-4
4.1232,1.17988E-4
4.1248,1.18055E-4
4.1269,1.18241E-4
4.129,1.18115E-4
4.131,1.18144E-4
4.1327,1.18338E-4
4.1348,1.18308E-4
4.1369,1.18159E-4
4.1385,1.18189E-4
4.1406,1.18055E-4
4.1427,1.18055E-4
4.1447,1.18375E-4
4.1468,1.18308E-4
4.1485,1.18107E-4
4.1505,1.18062E-4
4.1526,1.18025E-4
4.1546,1.18055E-4
4.1564,1.18018E-4
4.1583,1.18003E-4
4.1605,1.17958E-4
4.1626,1.18025E-4
4.1647,1.18323E-4
4.1663,1.18033E-4
4.1684,1.18062E-4
4.1704,1.1804E-4
4.1725,1.18174E-4
4.1742,1.18025E-4
4.1763,1.18368E-4
4.1784,1.18316E-4
4.1805,1.1807E-4
4.1821,1.1807E-4
4.1842,1.18264E-4
4.1862,1.1801E-4
4.1883,1.18189E-4
4.1904,1.17988E-4
4.1921,1.1807E-4
4.194,1.18033E-4
4.1962,1.18323E-4
4.1982,1.1807E-4
4.1999,1.1801E-4
4.202,1.18264E-4
4.204,1.18077E-4
4.2061,1.18331E-4
4.2081,1.18368E-4
4.2098,1.18047E-4
4.2118,1.18293E-4
4.214,1.18003E-4
4.2161,1.18271E-4
4.2177,1.18003E-4
4.2198,1.18301E-4
4.2219,1.18122E-4
4.2239,1.18323E-4
4.226,1.1804E-4
4.2277,1.17988E-4
4.2298,1.17988E-4
4.2318,1.17988E-4
4.2339,1.18055E-4
4.2356,1.17995E-4
4.2376,1.18122E-4
4.2397,1.18405E-4
4.2418,1.18241E-4
4.2435,1.18286E-4
4.2455,1.18144E-4
4.2476,1.18055E-4
4.2496,1.18055E-4
4.2517,1.17995E-4
4.2534,1.17928E-4
4.2554,1.17988E-4
4.2575,1.18345E-4
4.2596,1.18204E-4
4.2613,1.18055E-4
4.2633,1.18368E-4
4.2654,1.1807E-4
4.2675,1.1798E-4
4.2696,1.17936E-4
4.2712,1.1801E-4
4.2733,1.1801E-4
4.2754,1.18256E-4
4.2774,1.18003E-4
4.2791,1.17913E-4
4.2813,1.1798E-4
4.2833,1.18159E-4
4.2855,1.18234E-4
4.2871,1.18033E-4
4.2891,1.18152E-4
4.2913,1.17988E-4
4.2933,1.17913E-4
4.2953,1.17958E-4
4.297,1.17943E-4
4.2991,1.18256E-4
4.3011,1.18085E-4
4.3032,1.18115E-4
4.3049,1.1798E-4
4.307,1.18115E-4
4.3091,1.17988E-4
4.3111,1.18264E-4
4.3128,1.17973E-4
4.3149,1.17928E-4
4.317,1.18107E-4
4.3191,1.17951E-4
4.3211,1.17928E-4
4.3227,1.181E-4
4.3249,1.1798E-4
4.327,1.17966E-4
4.329,1.18107E-4
4.3307,1.18338E-4
4.3328,1.18249E-4
4.3348,1.17943E-4
4.3369,1.18115E-4
4.3386,1.18047E-4
4.3407,1.18092E-4
4.3428,1.18278E-4
4.3448,1.18129E-4
4.3469,1.18301E-4
4.3486,1.18033E-4
4.3506,1.17943E-4
4.3527,1.18018E-4
4.3547,1.18018E-4
4.3564,1.18301E-4
4.3585,1.18241E-4
4.3605,1.18353E-4
4.3625,1.17995E-4
4.3646,1.18278E-4
4.3663,1.17958E-4
4.3684,1.17861E-4
4.3705,1.17906E-4
4.3725,1.17891E-4
4.3742,1.1804E-4
4.3763,1.18025E-4
4.3783,1.18159E-4
4.3804,1.17958E-4
4.3821,1.18331E-4
4.3842,1.18159E-4
4.3862,1.1798E-4
4.3883,1.18286E-4
4.3903,1.17988E-4
4.3921,1.18226E-4
4.3941,1.18241E-4
4.3962,1.18003E-4
4.3983,1.18055E-4
4.4,1.18107E-4
4.402,1.18018E-4
4.4041,1.17936E-4
4.406,1.1807E-4
4.4079,1.17966E-4
4.4099,1.18003E-4
4.412,1.1798E-4
4.4141,1.1798E-4
4.4162,1.18256E-4
4.4178,1.17928E-4
4.4198,1.17861E-4
4.4219,1.17928E-4
4.4241,1.17995E-4
4.4257,1.18286E-4
4.4276,1.18249E-4
4.4297,1.17906E-4
4.4319,1.18122E-4
4.434,1.17966E-4
4.4357,1.17928E-4
4.4377,1.18003E-4
4.4398,1.17861E-4
4.4418,1.17921E-4
4.4435,1.17869E-4
4.4456,1.17869E-4
4.4476,1.17973E-4
4.4496,1.18249E-4
4.4517,1.18129E-4
4.4534,1.18047E-4
4.4555,1.18025E-4
4.4576,1.17913E-4
4.4597,1.18204E-4
4.4613,1.17884E-4
4.4633,1.18189E-4
4.4654,1.17921E-4
4.4675,1.18174E-4
4.4695,1.1798E-4
4.4712,1.17816E-4
4.4732,1.17891E-4
4.4753,1.18241E-4
4.4774,1.17928E-4
4.4791,1.18085E-4
4.4813,1.17966E-4
4.4832,1.18264E-4
4.4854,1.18062E-4
4.4871,1.17973E-4
4.4891,1.18249E-4
4.4912,1.17973E-4
4.4932,1.18122E-4
4.4953,1.18264E-4
4.4969,1.17928E-4
4.499,1.17921E-4
4.5011,1.17816E-4
4.5032,1.17936E-4
4.5048,1.18182E-4
4.5069,1.17861E-4
4.5089,1.17846E-4
4.511,1.17839E-4
4.5127,1.18018E-4
4.5147,1.18122E-4
4.5168,1.17936E-4
4.519,1.17831E-4
4.521,1.17906E-4
4.5226,1.17861E-4
4.5248,1.17913E-4
4.5269,1.17951E-4
4.5289,1.18085E-4
4.5305,1.18211E-4
4.5326,1.17884E-4
4.5347,1.17966E-4
4.5368,1.17906E-4
4.5384,1.18182E-4
4.5406,1.17861E-4
4.5426,1.18129E-4
4.5447,1.18025E-4
4.5466,1.18204E-4
4.5483,1.17876E-4
4.5504,1.17906E-4
4.5525,1.17936E-4
4.5545,1.17891E-4
4.5562,1.17943E-4
4.5583,1.18033E-4
4.5604,1.17816E-4
4.5624,1.17906E-4
4.5646,1.18033E-4
4.5662,1.18241E-4
4.5682,1.17891E-4
4.5704,1.17854E-4
4.5724,1.17839E-4
4.5741,1.17861E-4
4.5763,1.17861E-4
4.5782,1.1804E-4
4.5803,1.18167E-4
4.582,1.17846E-4
4.5841,1.17802E-4
4.5862,1.17831E-4
4.5882,1.17839E-4
4.5904,1.17884E-4
4.592,1.18152E-4
4.5941,1.17869E-4
4.5961,1.17846E-4
4.5982,1.17854E-4
4.5999,1.18219E-4
4.602,1.18286E-4
4.604,1.18092E-4
4.6062,1.17876E-4
4.6078,1.18144E-4
4.6099,1.18115E-4
4.6119,1.18018E-4
4.614,1.17876E-4
4.6157,1.18167E-4
4.6177,1.17861E-4
4.6198,1.17951E-4
4.6219,1.18047E-4
4.6236,1.17906E-4
4.6256,1.18144E-4
4.6277,1.17824E-4
4.6297,1.17816E-4
4.6318,1.18159E-4
4.6334,1.17846E-4
4.6355,1.17854E-4
4.6376,1.18062E-4
4.6392,1.18077E-4
4.6413,1.17891E-4
4.6434,1.17928E-4
4.6456,1.18129E-4
4.6476,1.18211E-4
4.6493,1.17951E-4
4.6514,1.17839E-4
4.6534,1.17809E-4
4.6556,1.18137E-4
4.6572,1.17854E-4
4.6592,1.18137E-4
4.6614,1.18182E-4
4.6634,1.17876E-4
4.665,1.17802E-4
4.6671,1.18092E-4
4.6692,1.18137E-4
4.6712,1.18033E-4
4.6733,1.18047E-4
4.6749,1.17764E-4
4.677,1.17794E-4
4.6791,1.18167E-4
4.6812,1.1798E-4
4.6833,1.17913E-4
4.6849,1.18137E-4
4.687,1.18144E-4
4.6891,1.18137E-4
4.6912,1.17802E-4
4.6928,1.17772E-4
4.6949,1.17839E-4
4.6969,1.17928E-4
4.699,1.17809E-4
4.7011,1.17824E-4
4.7028,1.18085E-4
4.7049,1.17846E-4
4.7069,1.18144E-4
4.709,1.18055E-4
4.7107,1.17764E-4
4.7128,1.17802E-4
4.7147,1.18107E-4
4.7168,1.17861E-4
4.7189,1.18174E-4
4.7206,1.17876E-4
4.7226,1.17891E-4
4.7247,1.18167E-4
4.7268,1.18055E-4
4.7284,1.17787E-4
4.7306,1.17921E-4
4.7326,1.1798E-4
4.7348,1.17839E-4
4.7364,1.17854E-4
4.7384,1.17824E-4
4.7406,1.17787E-4
4.7425,1.18085E-4
4.7442,1.17802E-4
4.7463,1.17928E-4
4.7483,1.17749E-4
4.7505,1.17839E-4
4.7525,1.17764E-4
4.7542,1.17951E-4
4.7562,1.17936E-4
4.7583,1.17757E-4
4.7604,1.17727E-4
4.7621,1.18003E-4
4.764,1.17735E-4
4.7662,1.17966E-4
4.7683,1.17802E-4
4.7703,1.17735E-4
4.772,1.17802E-4
4.774,1.18107E-4
4.7762,1.17809E-4
4.7783,1.18077E-4
4.7799,1.17772E-4
4.782,1.18062E-4
4.7841,1.17735E-4
4.7861,1.17794E-4
4.7882,1.17749E-4
4.7899,1.17705E-4
4.7919,1.17861E-4
4.794,1.17735E-4
4.7961,1.17988E-4
4.7976,1.17787E-4
4.7998,1.17787E-4
4.8019,1.18018E-4
4.8039,1.17854E-4
4.8059,1.17809E-4
4.8076,1.17697E-4
4.8097,1.17787E-4
4.8117,1.17705E-4
4.8139,1.17884E-4
4.8156,1.17712E-4
4.8176,1.17735E-4
4.8196,1.17831E-4
4.8217,1.17735E-4
4.8234,1.18025E-4
4.8255,1.17735E-4
4.8275,1.17735E-4
4.8296,1.17861E-4
4.8317,1.17727E-4
4.8333,1.17988E-4
4.8354,1.17973E-4
4.8375,1.17988E-4
4.8395,1.17779E-4
4.8411,1.1769E-4
4.8433,1.17675E-4
4.8454,1.17645E-4
4.8474,1.1769E-4
4.8495,1.17712E-4
4.8512,1.17675E-4
4.8533,1.17682E-4
4.8554,1.17682E-4
4.8574,1.17921E-4
4.859,1.17727E-4
4.8611,1.17757E-4
4.8632,1.17802E-4
4.8653,1.1801E-4
4.8675,1.17906E-4
4.869,1.17712E-4
4.871,1.17682E-4
4.8733,1.17928E-4
4.8753,1.17697E-4
4.8769,1.17846E-4
4.8791,1.17854E-4
4.8811,1.17869E-4
4.8833,1.18055E-4
4.8848,1.17712E-4
4.8868,1.17869E-4
4.889,1.18003E-4
4.8911,1.17727E-4
4.8933,1.17928E-4
4.895,1.17973E-4
4.897,1.17712E-4
4.899,1.17742E-4
4.9011,1.1766E-4
4.9028,1.17675E-4
4.9049,1.17735E-4
4.9069,1.17645E-4
4.909,1.17749E-4
4.911,1.17645E-4
4.9128,1.17816E-4
4.9148,1.17802E-4
4.9169,1.17966E-4
4.9189,1.17645E-4
4.9206,1.17705E-4
4.9227,1.1801E-4
4.9248,1.17727E-4
4.9269,1.17682E-4
4.9289,1.17891E-4
4.9305,1.17675E-4
4.9327,1.17749E-4
4.9348,1.17958E-4
4.9367,1.17802E-4
4.9384,1.1798E-4
4.9406,1.17675E-4
4.9426,1.17675E-4
4.9448,1.17988E-4
4.9467,1.17973E-4
4.9484,1.17675E-4
4.9505,1.17697E-4
4.9526,1.17675E-4
4.9547,1.17913E-4
4.9567,1.17727E-4
4.9584,1.1763E-4
4.9604,1.17615E-4
4.9627,1.17898E-4
4.9647,1.17675E-4
4.9663,1.17928E-4
4.9683,1.17958E-4
4.9704,1.17884E-4
4.9725,1.1772E-4
4.9746,1.18033E-4
4.9763,1.1801E-4
4.9783,1.17675E-4
4.9804,1.176E-4
4.9825,1.17913E-4
4.9842,1.17884E-4
4.9862,1.17623E-4
4.9883,1.17735E-4
4.9903,1.17913E-4
4.992,1.17846E-4
4.9942,1.17839E-4
4.9962,1.17846E-4
4.9982,1.1766E-4
5.0003,1.17682E-4
5.002,1.17653E-4
5.004,1.17898E-4
5.0061,1.17645E-4
5.0081,1.17988E-4
5.0098,1.17988E-4
5.0119,1.17675E-4
5.014,1.17571E-4
5.0161,1.17861E-4
5.0178,1.17742E-4
5.0198,1.17884E-4
5.0219,1.17898E-4
5.024,1.17675E-4
5.026,1.17794E-4
5.0277,1.17623E-4
5.0297,1.17764E-4
5.0319,1.18003E-4
5.0338,1.17861E-4
5.0355,1.17906E-4
5.0377,1.17727E-4
5.0397,1.17869E-4
5.0418,1.176E-4
5.0438,1.17586E-4
5.0455,1.17593E-4
5.0476,1.17928E-4
5.0496,1.17675E-4
5.0516,1.17571E-4
5.0533,1.17831E-4
5.0555,1.1766E-4
5.0574,1.17988E-4
5.0595,1.17995E-4
5.0616,1.17675E-4
5.0633,1.1798E-4
5.0655,1.17705E-4
5.0674,1.1763E-4
5.0696,1.17973E-4
5.0711,1.17988E-4
5.0733,1.17638E-4
5.0753,1.17548E-4
5.0774,1.17608E-4
5.079,1.17735E-4
5.0811,1.176E-4
5.0832,1.17578E-4
5.0853,1.17586E-4
5.0869,1.17578E-4
5.0891,1.17831E-4
5.0911,1.17675E-4
5.0932,1.17891E-4
5.0948,1.1763E-4
5.0969,1.1763E-4
5.099,1.17898E-4
5.101,1.17653E-4
5.1031,1.17921E-4
5.1048,1.17861E-4
5.1069,1.17608E-4
5.1089,1.1769E-4
5.1109,1.1769E-4
5.1126,1.17623E-4
5.1147,1.17638E-4
5.1168,1.17735E-4
5.1188,1.17757E-4
5.1205,1.17608E-4
5.1227,1.176E-4
5.1246,1.17928E-4
5.1268,1.17749E-4
5.1285,1.17608E-4
5.1305,1.17787E-4
5.1326,1.17593E-4
5.1347,1.176E-4
5.1363,1.17548E-4
5.1383,1.17533E-4
5.1405,1.17548E-4
5.1425,1.17586E-4
5.1446,1.17563E-4
5.1464,1.17764E-4
5.1483,1.17928E-4
5.1504,1.17951E-4
5.1525,1.176E-4
5.1541,1.17608E-4
5.1562,1.17608E-4
5.1583,1.17675E-4
5.1603,1.17936E-4
5.1625,1.1763E-4
5.1641,1.17802E-4
5.1662,1.17794E-4
5.1682,1.17593E-4
5.1704,1.17869E-4
5.172,1.17615E-4
5.174,1.17608E-4
5.1761,1.17518E-4
5.1782,1.17608E-4
5.1799,1.17608E-4
5.182,1.17533E-4
5.1839,1.1766E-4
5.1861,1.17653E-4
5.1883,1.17861E-4
5.1898,1.17667E-4
5.192,1.176E-4
5.194,1.17526E-4
5.1962,1.17921E-4
5.1979,1.17653E-4
5.1999,1.17608E-4
5.2019,1.17951E-4
5.204,1.17943E-4
5.2057,1.17578E-4
5.2078,1.17593E-4
5.2099,1.17928E-4
5.2119,1.17876E-4
5.214,1.17928E-4
5.2156,1.17526E-4
5.2178,1.17556E-4
5.2197,1.17578E-4
5.2219,1.17593E-4
5.2235,1.17548E-4
5.2256,1.17876E-4
5.2278,1.17563E-4
5.2298,1.1763E-4
5.2314,1.17489E-4
5.2335,1.17548E-4
5.2356,1.17861E-4
5.2378,1.17623E-4
5.2398,1.17943E-4
5.2414,1.17638E-4
5.2435,1.17928E-4
5.2456,1.176E-4
5.2477,1.17548E-4
5.2494,1.17653E-4
5.2514,1.17757E-4
5.2535,1.17608E-4
5.2555,1.17608E-4
5.2576,1.17645E-4
5.2592,1.17563E-4
5.2614,1.17735E-4
5.2634,1.17466E-4
5.2655,1.17474E-4
5.2672,1.17481E-4
5.2693,1.17444E-4
5.2713,1.17533E-4
5.2733,1.17526E-4
5.2755,1.17861E-4
5.2771,1.17548E-4
5.2792,1.17854E-4
5.2813,1.17556E-4
5.2833,1.17884E-4
5.2849,1.17675E-4
5.287,1.17824E-4
5.2892,1.17489E-4
5.2912,1.17608E-4
5.2928,1.17489E-4
5.2949,1.17615E-4
5.2971,1.17526E-4
5.2991,1.1763E-4
5.3011,1.17504E-4
5.3028,1.17794E-4
5.3049,1.17578E-4
5.3069,1.17556E-4
5.3091,1.17437E-4
5.3108,1.17466E-4
5.3127,1.17474E-4
5.3148,1.17533E-4
5.3169,1.17772E-4
5.319,1.17608E-4
5.3206,1.17481E-4
5.3227,1.17735E-4
5.3248,1.17846E-4
5.3269,1.17884E-4
5.3285,1.17675E-4
5.3306,1.17466E-4
5.3327,1.17578E-4
5.3348,1.17749E-4
5.3364,1.17474E-4
5.3385,1.17466E-4
5.3406,1.17794E-4
5.3427,1.17496E-4
5.3443,1.176E-4
5.3464,1.17705E-4
5.3485,1.17481E-4
5.3506,1.17772E-4
5.3526,1.17496E-4
5.3542,1.17608E-4
5.3564,1.17831E-4
5.3584,1.17764E-4
5.3605,1.17481E-4
5.3621,1.17511E-4
5.3641,1.176E-4
5.3663,1.17437E-4
5.3684,1.17608E-4
5.3699,1.17451E-4
5.3721,1.17861E-4
5.3741,1.17846E-4
5.3762,1.17846E-4
5.3782,1.17563E-4
5.3799,1.17735E-4
5.3821,1.17489E-4
5.3841,1.17608E-4
5.3861,1.17474E-4
5.3878,1.17794E-4
5.3899,1.17705E-4
5.3921,1.17861E-4
5.394,1.17571E-4
5.3961,1.17854E-4
5.3978,1.17533E-4
5.3999,1.17504E-4
5.402,1.17653E-4
5.404,1.17474E-4
5.406,1.17578E-4
5.4078,1.17407E-4
5.4098,1.17422E-4
5.4119,1.17422E-4
5.4139,1.17481E-4
5.4157,1.17645E-4
5.4177,1.17444E-4
5.4198,1.17444E-4
5.4219,1.17422E-4
5.4236,1.17422E-4
5.4256,1.17757E-4
5.4277,1.17451E-4
5.4298,1.17407E-4
5.4319,1.17481E-4
5.4335,1.17586E-4
5.4356,1.17414E-4
5.4377,1.17481E-4
5.4398,1.17422E-4
5.4414,1.1734E-4
5.4434,1.17414E-4
5.4454,1.17578E-4
5.4476,1.17593E-4
5.4493,1.17772E-4
5.4514,1.17593E-4
5.4535,1.17824E-4
5.4555,1.17526E-4
5.4576,1.17831E-4
5.4592,1.17816E-4
5.4613,1.17481E-4
5.4634,1.17414E-4
5.4654,1.17451E-4
5.4671,1.17548E-4
5.4691,1.17794E-4
5.4713,1.17727E-4
5.4734,1.17384E-4
5.475,1.17399E-4
5.4771,1.17735E-4
5.4792,1.17429E-4
5.4814,1.17377E-4
5.4834,1.17377E-4
5.4849,1.17407E-4
5.487,1.17347E-4
5.4892,1.17362E-4
5.4912,1.17392E-4
5.4933,1.17414E-4
5.495,1.1766E-4
5.4971,1.17526E-4
5.4992,1.17511E-4
5.5013,1.17571E-4
5.5029,1.17399E-4
5.505,1.17355E-4
5.507,1.17541E-4
5.5092,1.1769E-4
5.5112,1.17422E-4
5.513,1.17414E-4
5.515,1.17399E-4
5.517,1.17705E-4
5.5192,1.17466E-4
5.5209,1.17377E-4
5.5229,1.1772E-4
5.525,1.17548E-4
5.5269,1.17429E-4
5.5291,1.17489E-4
5.5308,1.17608E-4
5.5329,1.17437E-4
5.535,1.17444E-4
5.537,1.17407E-4
5.5386,1.1769E-4
5.5408,1.17429E-4
5.5429,1.1734E-4
5.5449,1.17325E-4
5.547,1.17608E-4
5.5486,1.17369E-4
5.5508,1.17384E-4
5.5529,1.17705E-4
5.5549,1.17414E-4
5.5565,1.1734E-4
5.5586,1.176E-4
5.5608,1.17332E-4
5.5628,1.17362E-4
5.5648,1.17705E-4
5.5665,1.17608E-4
5.5685,1.17414E-4
5.5707,1.17682E-4
5.5727,1.17355E-4
5.5743,1.17347E-4
5.5765,1.17518E-4
5.5785,1.17437E-4
5.5807,1.17355E-4
5.5827,1.17414E-4
5.5843,1.17735E-4
5.5865,1.17727E-4
5.5885,1.17667E-4
5.5906,1.17392E-4
5.5922,1.17362E-4
5.5944,1.17362E-4
5.5964,1.17571E-4
5.5985,1.17541E-4
5.6005,1.17355E-4
5.6022,1.17414E-4
5.6043,1.17735E-4
5.6063,1.17407E-4
5.6084,1.17355E-4
5.6101,1.17355E-4
5.6122,1.17407E-4
5.6142,1.17526E-4
5.6162,1.17332E-4
5.6184,1.17422E-4
5.6201,1.17355E-4
5.6221,1.17608E-4
5.6241,1.1766E-4
5.6262,1.17675E-4
5.6279,1.17377E-4
5.63,1.1728E-4
5.6321,1.17273E-4
5.6338,1.17332E-4
5.6358,1.17273E-4
5.6378,1.17295E-4
5.6399,1.17302E-4
5.6416,1.1731E-4
5.6437,1.17638E-4
5.6459,1.17742E-4
5.6479,1.17563E-4
5.6495,1.17735E-4
5.6515,1.17608E-4
5.6537,1.17384E-4
5.6557,1.17355E-4
5.6578,1.17586E-4
5.6595,1.17399E-4
5.6615,1.17295E-4
5.6636,1.17466E-4
5.6657,1.17332E-4
5.6674,1.17265E-4
5.6695,1.17355E-4
5.6715,1.17504E-4
5.6736,1.1731E-4
5.6757,1.17608E-4
5.6773,1.176E-4
5.6794,1.17541E-4
5.6815,1.17586E-4
5.6836,1.17325E-4
5.6852,1.17481E-4
5.6873,1.1763E-4
5.6892,1.17295E-4
5.6914,1.17422E-4
5.6931,1.17295E-4
5.6951,1.17623E-4
5.6971,1.1731E-4
5.6992,1.17273E-4
5.7014,1.17466E-4
5.7031,1.17407E-4
5.7052,1.17608E-4
5.7071,1.17288E-4
5.7093,1.17235E-4
5.711,1.17235E-4
5.713,1.17586E-4
5.7152,1.17302E-4
5.7172,1.17608E-4
5.7189,1.17481E-4
5.7209,1.17362E-4
5.723,1.17392E-4
5.725,1.17295E-4
5.7271,1.17481E-4
5.7289,1.1725E-4
5.7308,1.17228E-4
5.7329,1.17474E-4
5.735,1.17295E-4
5.7367,1.17586E-4
5.7387,1.1731E-4
5.7409,1.17563E-4
5.7429,1.17302E-4
5.745,1.17623E-4
5.7466,1.17243E-4
5.7487,1.17273E-4
5.7509,1.17444E-4
5.7529,1.1731E-4
5.7545,1.17466E-4
5.7566,1.17325E-4
5.7587,1.17332E-4
5.7608,1.17258E-4
5.7624,1.17541E-4
5.7645,1.17288E-4
5.7666,1.17511E-4
5.7687,1.17295E-4
5.7707,1.17556E-4
5.7724,1.17295E-4
5.7744,1.17504E-4
5.7765,1.17295E-4
5.7786,1.17258E-4
5.7807,1.17608E-4
5.7823,1.17593E-4
5.7844,1.17302E-4
5.7865,1.17586E-4
5.7887,1.17243E-4
5.7903,1.17213E-4
5.7923,1.17228E-4
5.7945,1.17489E-4
5.7965,1.17317E-4
5.7982,1.17556E-4
5.8002,1.17362E-4
5.8023,1.17563E-4
5.8045,1.17474E-4
5.806,1.1725E-4
5.8082,1.1722E-4
5.8102,1.17235E-4
5.8123,1.17355E-4
5.8144,1.17541E-4
5.816,1.17228E-4
5.8183,1.17198E-4
5.8202,1.17168E-4
5.8223,1.17176E-4
5.824,1.17474E-4
5.826,1.17332E-4
5.8281,1.17563E-4
5.8303,1.17288E-4
5.8319,1.17474E-4
5.8339,1.17235E-4
5.836,1.17347E-4
5.8381,1.17191E-4
5.8402,1.17198E-4
5.8417,1.17161E-4
5.8439,1.17183E-4
5.846,1.17183E-4
5.8481,1.17384E-4
5.8497,1.17451E-4
5.8517,1.17228E-4
5.8539,1.17384E-4
5.856,1.1722E-4
5.8576,1.17355E-4
5.8597,1.17153E-4
5.8617,1.17422E-4
5.8638,1.17168E-4
5.8659,1.17459E-4
5.8676,1.17235E-4
5.8697,1.17541E-4
5.8717,1.17235E-4
5.8738,1.17153E-4
5.8755,1.17332E-4
5.8776,1.17548E-4
5.8796,1.17511E-4
5.8816,1.17511E-4
5.8833,1.17168E-4
5.8854,1.17176E-4
5.8875,1.17094E-4
5.8895,1.17131E-4
5.8915,1.17355E-4
5.8932,1.17399E-4
5.8953,1.17563E-4
5.8974,1.17228E-4
5.8995,1.17124E-4
5.9011,1.17451E-4
5.9032,1.17384E-4
5.9052,1.17176E-4
5.9073,1.17369E-4
5.909,1.1722E-4
5.9111,1.17288E-4
5.9132,1.17228E-4
5.9153,1.17168E-4
5.9173,1.17109E-4
5.9189,1.17138E-4
5.921,1.17265E-4
5.9231,1.17183E-4
5.9252,1.17377E-4
5.9268,1.17407E-4
5.9289,1.17258E-4
5.9309,1.17109E-4
5.933,1.17079E-4
5.9347,1.17265E-4
5.9368,1.17086E-4
5.9389,1.17101E-4
5.9409,1.17086E-4
5.9431,1.17332E-4
5.9447,1.17228E-4
5.9467,1.17168E-4
5.9488,1.17153E-4
5.951,1.17191E-4
5.9525,1.17377E-4
5.9547,1.17422E-4
5.9567,1.17161E-4
5.9589,1.1725E-4
5.961,1.17153E-4
5.9625,1.17131E-4
5.9646,1.17377E-4
5.9667,1.17355E-4
5.9688,1.17273E-4
5.9704,1.17243E-4
5.9724,1.17533E-4
5.9746,1.17332E-4
5.9766,1.17198E-4
5.9787,1.1722E-4
5.9803,1.17131E-4
5.9824,1.17369E-4
5.9845,1.17347E-4
5.9865,1.17146E-4
5.9884,1.17109E-4
5.9903,1.17146E-4
5.9924,1.17138E-4
5.9944,1.1734E-4
5.9962,1.17422E-4
5.9982,1.17481E-4
6.0003,1.17273E-4
6.0023,1.17429E-4
6.004,1.17258E-4
6.006,1.17101E-4
6.0082,1.17138E-4
6.0102,1.17437E-4
6.0124,1.17146E-4
6.014,1.17116E-4
6.0161,1.17369E-4
6.0182,1.17183E-4
6.0202,1.17355E-4
6.0223,1.17228E-4
6.024,1.17146E-4
6.0261,1.17332E-4
6.0282,1.17131E-4
6.0302,1.17116E-4
6.0319,1.17071E-4
6.034,1.17071E-4
6.036,1.17027E-4
6.0381,1.17079E-4
6.0398,1.17414E-4
6.0418,1.17116E-4
6.0439,1.17057E-4
6.0459,1.17086E-4
6.048,1.17161E-4
6.0498,1.17399E-4
6.0517,1.17116E-4
6.0539,1.17325E-4
6.0558,1.17235E-4
6.0576,1.17273E-4
6.0596,1.17138E-4
6.0617,1.17094E-4
6.0643,1.17042E-4
6.0667,1.17079E-4
6.0688,1.17042E-4
6.0713,1.17071E-4
6.0729,1.17407E-4
6.0755,1.17228E-4
6.078,1.17288E-4
6.0805,1.17042E-4
6.083,1.17071E-4
6.085,1.17369E-4
6.0875,1.17079E-4
6.0897,1.17124E-4
6.0917,1.17057E-4
6.0936,1.17057E-4
6.0966,1.17057E-4
6.0991,1.17176E-4
6.1011,1.1731E-4
6.1032,1.17079E-4
6.1058,1.17101E-4
6.1083,1.17191E-4
6.1111,1.17206E-4
6.1133,1.17004E-4
6.1154,1.17161E-4
6.1179,1.17124E-4
6.1204,1.17109E-4
6.1229,1.17258E-4
6.1249,1.1728E-4
6.1266,1.17004E-4
6.1287,1.1722E-4
6.1308,1.17295E-4
6.1333,1.17176E-4
6.1358,1.17042E-4
6.1378,1.16997E-4
6.1399,1.16967E-4
6.1424,1.17034E-4
6.1448,1.1734E-4
6.1473,1.17228E-4
6.1498,1.17034E-4
6.1528,1.17071E-4
6.1552,1.17235E-4
6.1577,1.17213E-4
6.1602,1.17131E-4
6.1624,1.17228E-4
6.1644,1.16989E-4
6.1668,1.17004E-4
6.1689,1.16952E-4
6.1714,1.16997E-4
6.1739,1.17071E-4
6.1763,1.17027E-4
6.1788,1.17086E-4
6.181,1.16982E-4
6.183,1.17042E-4
6.185,1.17124E-4
6.1872,1.17265E-4
6.1893,1.1728E-4
6.1918,1.17288E-4
6.1938,1.17101E-4
6.1959,1.16915E-4
6.1984,1.16982E-4
6.2009,1.17004E-4
6.2038,1.17168E-4
6.2063,1.17004E-4
6.2088,1.16915E-4
6.2103,1.16989E-4
6.2128,1.16975E-4
6.2153,1.17027E-4
6.2179,1.1696E-4
6.2199,1.16945E-4
6.222,1.17265E-4
6.2245,1.17392E-4
6.2271,1.17079E-4
6.2296,1.16989E-4
6.2323,1.17049E-4
6.234,1.16915E-4
6.2361,1.16975E-4
6.2382,1.17027E-4
6.2402,1.17228E-4
6.2423,1.17228E-4
6.2449,1.1725E-4
6.2469,1.1693E-4
6.2494,1.17146E-4
6.2519,1.17027E-4
6.2544,1.17183E-4
6.2569,1.17019E-4
6.2593,1.1693E-4
6.2626,1.16952E-4
6.2644,1.17042E-4
6.2672,1.17213E-4
6.2697,1.1722E-4
6.2722,1.17131E-4
6.2747,1.17109E-4
6.2772,1.1687E-4
6.2791,1.16967E-4
6.2813,1.16989E-4
6.2834,1.17012E-4
6.2859,1.16945E-4
6.2883,1.16975E-4
6.2909,1.16915E-4
6.2934,1.17131E-4
6.2958,1.16922E-4
6.2987,1.16915E-4
6.3012,1.16975E-4
6.3036,1.16975E-4
6.3061,1.16915E-4
6.3083,1.17191E-4
6.3103,1.17138E-4
6.3124,1.17012E-4
6.3145,1.17042E-4
6.3173,1.17168E-4
6.3198,1.17138E-4
6.3223,1.16975E-4
6.3248,1.16945E-4
6.3273,1.17071E-4
6.3294,1.17131E-4
6.3314,1.17094E-4
6.3344,1.17086E-4
6.3364,1.16945E-4
6.3385,1.16975E-4
6.341,1.16885E-4
6.3435,1.17086E-4
6.3459,1.17168E-4
6.3488,1.17198E-4
6.3505,1.1693E-4
6.353,1.16989E-4
6.3555,1.16945E-4
6.3575,1.16967E-4
6.3596,1.16922E-4
6.3621,1.16855E-4
6.3646,1.16848E-4
6.3672,1.16908E-4
6.3692,1.16915E-4
6.3716,1.17191E-4
6.3733,1.17109E-4
6.3758,1.169E-4
6.3783,1.16922E-4
6.3808,1.16915E-4
6.3833,1.17138E-4
6.3858,1.17288E-4
6.3883,1.17042E-4
6.3911,1.17042E-4
6.3932,1.16915E-4
6.3961,1.17124E-4
6.3981,1.16997E-4
6.4003,1.16952E-4
6.4028,1.16945E-4
6.4051,1.16885E-4
6.4073,1.16915E-4
6.4098,1.16833E-4
6.4123,1.1693E-4
6.4148,1.17138E-4
6.4173,1.17049E-4
6.4199,1.16975E-4
6.4224,1.16922E-4
6.4248,1.16833E-4
6.4273,1.16908E-4
6.4293,1.17057E-4
6.4318,1.17027E-4
6.4344,1.16982E-4
6.4368,1.16937E-4
6.4393,1.16908E-4
6.4418,1.17079E-4
6.4438,1.16982E-4
6.4464,1.16997E-4
6.4485,1.16826E-4
6.4505,1.16848E-4
6.4531,1.1684E-4
6.4555,1.16788E-4
6.458,1.1693E-4
6.4605,1.17109E-4
6.4629,1.17027E-4
6.4654,1.16982E-4
6.4679,1.17064E-4
6.47,1.16975E-4
6.4725,1.16922E-4
6.4746,1.16826E-4
6.4766,1.16967E-4
6.4787,1.17049E-4
6.4808,1.16989E-4
6.4829,1.17086E-4
6.485,1.17034E-4
6.4874,1.16833E-4
6.4899,1.1693E-4
6.4924,1.16885E-4
6.4952,1.16781E-4
6.497,1.1693E-4
6.4995,1.16781E-4
6.502,1.16751E-4
6.504,1.16796E-4
6.5061,1.16848E-4
6.5086,1.16855E-4
6.5111,1.16908E-4
6.5139,1.16788E-4
6.5164,1.16706E-4
6.5189,1.16848E-4
6.5211,1.16878E-4
6.5231,1.16826E-4
6.5251,1.16803E-4
6.5276,1.16878E-4
6.5297,1.1693E-4
6.5326,1.16818E-4
6.5351,1.16788E-4
6.5375,1.17124E-4
6.5401,1.16952E-4
6.5422,1.16796E-4
6.5442,1.16736E-4
6.5467,1.16818E-4
6.5488,1.16744E-4
6.551,1.16788E-4
6.5529,1.16915E-4
6.555,1.16915E-4
6.5572,1.16796E-4
6.5597,1.16908E-4
6.5621,1.17034E-4
6.5647,1.16826E-4
6.5674,1.17086E-4
6.5696,1.16818E-4
6.5717,1.16878E-4
6.5741,1.16975E-4
6.5762,1.1693E-4
6.5778,1.16915E-4
6.58,1.16766E-4
6.5824,1.16982E-4
6.5844,1.16811E-4
6.5866,1.16714E-4
6.589,1.16878E-4
6.5911,1.16915E-4
6.5932,1.16803E-4
6.5961,1.16736E-4
6.5986,1.16714E-4
6.6011,1.16766E-4
6.6036,1.17027E-4
6.6061,1.16744E-4
6.6085,1.16773E-4
6.6106,1.16714E-4
6.6131,1.16759E-4
6.6156,1.16811E-4
6.6181,1.16788E-4
6.6206,1.16736E-4
6.6231,1.16714E-4
6.6251,1.16759E-4
6.6275,1.16811E-4
6.63,1.16796E-4
6.6317,1.16893E-4
6.6342,1.16788E-4
6.6362,1.17004E-4
6.638,1.16744E-4
6.64,1.16736E-4
6.6424,1.17064E-4
6.6454,1.16878E-4
6.6474,1.16736E-4
6.6504,1.16714E-4
6.6529,1.16796E-4
6.6546,1.16893E-4
6.6566,1.16744E-4
6.6586,1.16893E-4
6.6611,1.16714E-4
6.6636,1.16744E-4
6.6662,1.16729E-4
6.6687,1.16699E-4
6.6715,1.17042E-4
6.674,1.16766E-4
6.6756,1.16788E-4
6.6781,1.16982E-4
6.6806,1.16997E-4
6.6826,1.16721E-4
6.6848,1.16811E-4
6.6869,1.16975E-4
6.6889,1.16699E-4
6.6914,1.16781E-4
6.6944,1.16691E-4
6.6968,1.16699E-4
6.6993,1.16684E-4
6.7017,1.16885E-4
6.7043,1.16975E-4
6.7064,1.17042E-4
6.7089,1.16922E-4
6.7114,1.16744E-4
6.7138,1.16773E-4
6.7163,1.16863E-4
6.7188,1.16975E-4
6.7213,1.16863E-4
6.7238,1.16885E-4
6.7263,1.16848E-4
6.7285,1.16818E-4
6.7306,1.16781E-4
6.7327,1.1687E-4
6.7352,1.16848E-4
6.7373,1.16915E-4
6.7393,1.16706E-4
6.7423,1.17012E-4
6.7443,1.16766E-4
6.7464,1.16773E-4
6.7489,1.16662E-4
6.751,1.16759E-4
6.753,1.16662E-4
6.7554,1.16669E-4
6.7579,1.1696E-4
6.7609,1.1684E-4
6.7634,1.16989E-4
6.7659,1.16803E-4
6.7675,1.1684E-4
6.77,1.16744E-4
6.7721,1.16662E-4
6.7741,1.16639E-4
6.7766,1.16595E-4
6.7792,1.16721E-4
6.7817,1.16885E-4
6.7845,1.16639E-4
6.787,1.16803E-4
6.7895,1.1661E-4
6.792,1.16781E-4
6.7944,1.16535E-4
6.797,1.16595E-4
6.7995,1.16632E-4
6.8019,1.16595E-4
6.8044,1.1655E-4
6.8065,1.16602E-4
6.809,1.16565E-4
6.8115,1.1658E-4
6.814,1.16617E-4
6.8164,1.16677E-4
6.8189,1.16736E-4
6.8219,1.16572E-4
6.8244,1.1655E-4
6.826,1.1661E-4
6.8285,1.16826E-4
6.831,1.16669E-4
6.8334,1.16729E-4
6.8359,1.16818E-4
6.8385,1.16535E-4
6.841,1.16639E-4
6.8438,1.16662E-4
6.8463,1.1655E-4
6.8488,1.1658E-4
6.8514,1.1646E-4
6.8538,1.16557E-4
6.8559,1.16535E-4
6.8579,1.16468E-4
6.86,1.16595E-4
6.8626,1.16706E-4
6.8646,1.16691E-4
6.8667,1.16654E-4
6.8692,1.16662E-4
6.8712,1.16498E-4
6.8733,1.16595E-4
6.8758,1.16788E-4
6.8783,1.1684E-4
6.8808,1.1655E-4
6.8832,1.16557E-4
6.8861,1.16595E-4
6.8886,1.16528E-4
6.8911,1.16572E-4
6.8936,1.16721E-4
6.8956,1.16617E-4
6.8973,1.16535E-4
6.8993,1.16542E-4
6.9018,1.16505E-4
6.9043,1.16572E-4
6.9063,1.16744E-4
6.9088,1.16431E-4
6.9114,1.16446E-4
6.9134,1.16528E-4
6.9154,1.16565E-4
6.9179,1.16811E-4
6.9204,1.16572E-4
6.9234,1.16535E-4
6.9259,1.16751E-4
6.9284,1.16714E-4
6.9304,1.16475E-4
6.9325,1.1649E-4
6.935,1.16572E-4
6.9375,1.16408E-4
6.94,1.16498E-4
6.9428,1.16535E-4
6.9446,1.16572E-4
6.9471,1.16624E-4
6.9496,1.16677E-4
6.952,1.16773E-4
6.9542,1.16773E-4
6.9562,1.16639E-4
6.9583,1.16468E-4
6.9608,1.1661E-4
6.9628,1.16669E-4
6.9649,1.16505E-4
6.9675,1.16535E-4
6.9699,1.16528E-4
6.9724,1.16669E-4
6.9749,1.16572E-4
6.9774,1.16744E-4
6.9794,1.16595E-4
6.9819,1.16662E-4
6.9843,1.16654E-4
6.9869,1.16483E-4
6.9894,1.16498E-4
6.9915,1.16468E-4
6.994,1.16535E-4
6.9955,1.16654E-4
6.9981,1.16803E-4
7.0007,1.16721E-4
7.0031,1.16587E-4
7.0047,1.16684E-4
7.0073,1.16796E-4
7.0093,1.16587E-4
7.0118,1.16691E-4
7.0139,1.16699E-4
7.0168,1.16535E-4
7.0194,1.16475E-4
7.0217,1.16408E-4
7.0242,1.1661E-4
7.0268,1.16617E-4
7.0293,1.16513E-4
7.0318,1.16654E-4
7.0342,1.16647E-4
7.0371,1.16535E-4
7.0389,1.16624E-4
7.0413,1.16647E-4
7.0434,1.16513E-4
7.0455,1.1652E-4
7.0479,1.16513E-4
7.0505,1.16729E-4
7.0529,1.1655E-4
7.0555,1.16781E-4
7.0584,1.16528E-4
7.0607,1.16602E-4
7.0625,1.16721E-4
7.0646,1.16617E-4
7.0666,1.16513E-4
7.0691,1.16595E-4
7.0716,1.16602E-4
7.0741,1.16691E-4
7.0765,1.16781E-4
7.079,1.16639E-4
7.0812,1.1649E-4
7.0832,1.1655E-4
7.0854,1.1649E-4
7.0879,1.1655E-4
7.0903,1.16431E-4
7.0928,1.16446E-4
7.0948,1.16721E-4
7.0973,1.16408E-4
7.0998,1.16468E-4
7.1015,1.16535E-4
7.104,1.16617E-4
7.1064,1.16744E-4
7.1085,1.16446E-4
7.1106,1.16453E-4
7.1131,1.16647E-4
7.1156,1.16684E-4
7.1181,1.16632E-4
7.121,1.16483E-4
7.1235,1.16647E-4
7.1258,1.16565E-4
7.1284,1.16662E-4
7.1305,1.16319E-4
7.1325,1.16535E-4
7.1349,1.16587E-4
7.138,1.16528E-4
7.1405,1.16408E-4
7.1425,1.16535E-4
7.1446,1.16595E-4
7.1471,1.16587E-4
7.1496,1.1649E-4
7.152,1.16408E-4
7.1545,1.16587E-4
7.1571,1.16379E-4
7.16,1.16408E-4
7.1624,1.16408E-4
7.1649,1.16401E-4
7.1674,1.16535E-4
7.1703,1.16371E-4
7.1728,1.16304E-4
7.1753,1.16393E-4
7.1778,1.16535E-4
7.1795,1.16431E-4
7.1819,1.16379E-4
7.1844,1.16319E-4
7.1865,1.16334E-4
7.1884,1.16542E-4
7.1906,1.16535E-4
7.1931,1.16311E-4
7.1956,1.16319E-4
7.1972,1.16364E-4
7.1998,1.16557E-4
7.2022,1.16252E-4
7.2046,1.16438E-4
7.2072,1.16341E-4
7.2097,1.16215E-4
7.2117,1.16289E-4
7.2138,1.1649E-4
7.2161,1.16468E-4
7.2183,1.16386E-4
7.2208,1.16423E-4
7.2234,1.16557E-4
7.2259,1.16311E-4
7.2283,1.16408E-4
7.2308,1.16349E-4
7.233,1.16498E-4
7.2354,1.1655E-4
7.2379,1.16542E-4
7.2404,1.16535E-4
7.243,1.16505E-4
7.245,1.16602E-4
7.247,1.16371E-4
7.2491,1.16446E-4
7.2516,1.16393E-4
7.2536,1.16341E-4
7.2565,1.16386E-4
7.2592,1.16282E-4
7.2607,1.16535E-4
7.2633,1.16326E-4
7.2658,1.16393E-4
7.2678,1.16222E-4
7.2699,1.16267E-4
7.2715,1.16185E-4
7.2743,1.16252E-4
7.2765,1.16304E-4
7.2787,1.16244E-4
7.281,1.162E-4
7.2835,1.1623E-4
7.286,1.16319E-4
7.2886,1.16446E-4
7.2909,1.16453E-4
7.2931,1.1652E-4
7.2956,1.16513E-4
7.2976,1.16401E-4
7.3004,1.1649E-4
7.303,1.16453E-4
7.3056,1.16341E-4
7.3075,1.16282E-4
7.31,1.16498E-4
7.3126,1.16207E-4
7.3142,1.16155E-4
7.3167,1.162E-4
7.3188,1.16155E-4
7.3208,1.1623E-4
7.3233,1.16215E-4
7.3254,1.1617E-4
7.3279,1.16207E-4
7.3299,1.16326E-4
7.3325,1.1646E-4
7.3354,1.16341E-4
7.338,1.16274E-4
7.3404,1.16155E-4
7.3422,1.16185E-4
7.3446,1.16408E-4
7.347,1.1646E-4
7.3491,1.16155E-4
7.3513,1.16162E-4
7.3533,1.16133E-4
7.3558,1.16185E-4
7.3574,1.162E-4
7.3599,1.16177E-4
7.3624,1.16513E-4
7.365,1.16468E-4
7.3674,1.16423E-4
7.3702,1.16222E-4
7.3728,1.16423E-4
7.3753,1.16475E-4
7.3779,1.1655E-4
7.3802,1.16528E-4
7.3828,1.16401E-4
7.3857,1.16252E-4
7.3882,1.16289E-4
7.3906,1.16289E-4
7.3931,1.16408E-4
7.3957,1.16401E-4
7.3977,1.16423E-4
7.3997,1.16311E-4
7.4022,1.16364E-4
7.4048,1.16408E-4
7.4076,1.16222E-4
7.4101,1.16304E-4
7.4121,1.1623E-4
7.4139,1.16468E-4
7.4167,1.16401E-4
7.4192,1.16326E-4
7.4214,1.16364E-4
7.4234,1.16207E-4
7.4263,1.16311E-4
7.4288,1.16118E-4
7.4313,1.162E-4
7.4339,1.16155E-4
7.4362,1.16148E-4
7.4383,1.16393E-4
7.4405,1.16408E-4
7.4433,1.16453E-4
7.445,1.16498E-4
7.4475,1.16423E-4
7.4499,1.16334E-4
7.4524,1.162E-4
7.4549,1.16282E-4
7.4574,1.16505E-4
7.4599,1.16431E-4
7.4623,1.1646E-4
7.4645,1.16468E-4
7.4671,1.16364E-4
7.4694,1.16222E-4
7.4715,1.16259E-4
7.4737,1.16222E-4
7.476,1.16155E-4
7.4782,1.16431E-4
7.4806,1.16408E-4
7.4826,1.16148E-4
7.4851,1.16155E-4
7.4881,1.16155E-4
7.4907,1.16431E-4
7.4926,1.162E-4
7.4947,1.16304E-4
7.4964,1.16326E-4
7.4984,1.16185E-4
7.501,1.1617E-4
7.5031,1.1623E-4
7.5059,1.16393E-4
7.5084,1.16207E-4
7.5101,1.16155E-4
7.5124,1.16408E-4
7.515,1.16304E-4
7.5175,1.16319E-4
7.5196,1.16364E-4
7.522,1.16185E-4
7.5237,1.16133E-4
7.5258,1.1614E-4
7.5278,1.16207E-4
7.5304,1.16386E-4
7.533,1.162E-4
7.5349,1.16095E-4
7.537,1.16103E-4
7.5396,1.16118E-4
7.5419,1.16133E-4
7.5448,1.16133E-4
7.5474,1.16125E-4
7.5499,1.16177E-4
7.5514,1.16133E-4
7.554,1.1617E-4
7.5565,1.1617E-4
7.5593,1.16386E-4
7.561,1.16356E-4
7.5636,1.16073E-4
7.5651,1.16013E-4
7.5676,1.16006E-4
7.5702,1.16073E-4
7.5717,1.16215E-4
7.5742,1.16066E-4
7.5768,1.16013E-4
7.5789,1.16095E-4
7.5813,1.16066E-4
7.5838,1.16222E-4
7.5863,1.16103E-4
7.5888,1.16155E-4
7.5908,1.16311E-4
7.5929,1.16237E-4
7.5954,1.16073E-4
7.5978,1.16081E-4
7.6003,1.16036E-4
7.6024,1.16282E-4
7.6049,1.15954E-4
7.607,1.15999E-4
7.6092,1.15991E-4
7.6116,1.16036E-4
7.6141,1.15939E-4
7.6167,1.16006E-4
7.6191,1.15909E-4
7.6211,1.16334E-4
7.6236,1.16125E-4
7.6261,1.16028E-4
7.6286,1.1614E-4
7.6311,1.16088E-4
7.634,1.15954E-4
7.6365,1.15999E-4
7.639,1.15931E-4
7.6414,1.15917E-4
7.644,1.15939E-4
7.6461,1.16088E-4
7.6482,1.16058E-4
7.6507,1.15939E-4
7.6527,1.15909E-4
7.6547,1.15917E-4
7.6573,1.16036E-4
7.6602,1.16222E-4
7.6627,1.16118E-4
7.6652,1.15857E-4
7.6676,1.15999E-4
7.6697,1.15902E-4
7.6722,1.16073E-4
7.6743,1.16103E-4
7.6768,1.16021E-4
7.6797,1.15902E-4
7.6818,1.15835E-4
7.6839,1.15969E-4
7.6864,1.15782E-4
7.6889,1.15782E-4
7.6914,1.15857E-4
7.6938,1.15842E-4
7.6963,1.15946E-4
7.6993,1.15864E-4
7.7018,1.15872E-4
7.7038,1.15879E-4
7.7059,1.15976E-4
7.7088,1.15902E-4
7.7109,1.15835E-4
7.7129,1.15879E-4
7.7153,1.15805E-4
7.7178,1.15827E-4
7.7203,1.15969E-4
7.7229,1.15835E-4
7.725,1.15797E-4
7.7275,1.15835E-4
7.73,1.15842E-4
7.7315,1.16006E-4
7.734,1.16028E-4
7.7366,1.1582E-4
7.7391,1.15961E-4
7.7415,1.16058E-4
7.7439,1.15775E-4
7.7465,1.15797E-4
7.7494,1.1585E-4
7.7518,1.15835E-4
7.7544,1.15879E-4
7.7569,1.15902E-4
7.7585,1.15999E-4
7.761,1.15939E-4
7.7635,1.15782E-4
7.7656,1.15857E-4
7.7681,1.15775E-4
7.7707,1.15738E-4
7.7731,1.15753E-4
7.7755,1.15827E-4
7.778,1.15917E-4
7.7805,1.16028E-4
7.7829,1.15924E-4
7.7852,1.16036E-4
7.7875,1.15931E-4
7.79,1.15991E-4
7.7926,1.15924E-4
7.7949,1.15939E-4
7.7975,1.1582E-4
7.7995,1.15827E-4
7.802,1.15835E-4
7.8042,1.15879E-4
7.807,1.15924E-4
7.8095,1.15887E-4
7.8119,1.15805E-4
7.8145,1.16028E-4
7.8169,1.16028E-4
7.8195,1.15909E-4
7.8224,1.15842E-4
7.8245,1.16133E-4
7.8265,1.16043E-4
7.829,1.15946E-4
7.8314,1.15782E-4
7.8341,1.15842E-4
7.8364,1.15909E-4
7.839,1.16051E-4
7.8414,1.15864E-4
7.8444,1.15931E-4
7.8468,1.15939E-4
7.8493,1.15857E-4
7.8518,1.15954E-4
7.8543,1.15976E-4
7.8567,1.16013E-4
7.8592,1.15931E-4
7.8623,1.15842E-4
7.8648,1.15917E-4
7.8671,1.15946E-4
7.8697,1.16028E-4
7.8717,1.15984E-4
7.8736,1.15827E-4
7.8759,1.16006E-4
7.8783,1.15991E-4
7.8808,1.15931E-4
7.8833,1.15805E-4
7.8858,1.15917E-4
7.8883,1.1585E-4
7.8908,1.15999E-4
7.8932,1.16088E-4
7.8953,1.16036E-4
7.8974,1.15887E-4
7.9002,1.15857E-4
7.9027,1.15917E-4
7.9052,1.16058E-4
7.9077,1.15835E-4
7.9099,1.16036E-4
7.9124,1.15842E-4
7.9149,1.15894E-4
7.9169,1.15857E-4
7.9186,1.15917E-4
7.9208,1.1611E-4
7.9227,1.15872E-4
7.9249,1.15835E-4
7.9274,1.15768E-4
7.9299,1.15857E-4
7.9319,1.15902E-4
7.9343,1.15782E-4
7.9368,1.16021E-4
7.9393,1.15887E-4
7.9419,1.15902E-4
7.944,1.15835E-4
7.9459,1.15864E-4
7.9485,1.15835E-4
7.951,1.15812E-4
7.9536,1.15835E-4
7.9557,1.15805E-4
7.958,1.16006E-4
7.9605,1.1582E-4
7.963,1.15917E-4
7.9655,1.15835E-4
7.9676,1.1573E-4
7.9701,1.15775E-4
7.9727,1.15835E-4
7.9751,1.15835E-4
7.9776,1.15984E-4
7.9801,1.15902E-4
7.9829,1.15931E-4
7.9851,1.15991E-4
7.9871,1.15738E-4
7.9892,1.15812E-4
7.9921,1.15894E-4
7.9937,1.15961E-4
7.9959,1.15835E-4
7.9979,1.16088E-4
8.0004,1.1573E-4
8.0025,1.15782E-4
8.0051,1.16073E-4
8.007,1.1585E-4
8.0095,1.15857E-4
8.0125,1.15879E-4
8.015,1.15701E-4
8.0175,1.15782E-4
8.019,1.15857E-4
8.0211,1.15961E-4
8.0235,1.15961E-4
8.0256,1.15671E-4
8.0286,1.15723E-4
8.0311,1.15984E-4
8.0335,1.1576E-4
8.0352,1.15782E-4
8.0374,1.15686E-4
8.0393,1.15738E-4
8.0418,1.15753E-4
8.0439,1.15693E-4
8.0464,1.15619E-4
8.0485,1.15678E-4
8.0513,1.15805E-4
8.0539,1.15708E-4
8.0563,1.15686E-4
8.0588,1.15723E-4
8.0613,1.15857E-4
8.0635,1.15961E-4
8.0654,1.15872E-4
8.0684,1.15812E-4
8.071,1.15939E-4
8.0735,1.15864E-4
8.0755,1.15917E-4
8.0776,1.1585E-4
8.0804,1.15902E-4
8.0829,1.15939E-4
8.085,1.15835E-4
8.0871,1.15566E-4
8.0892,1.15581E-4
8.0912,1.15641E-4
8.0938,1.15604E-4
8.0959,1.15544E-4
8.0978,1.15611E-4
8.1004,1.15902E-4
8.1033,1.15566E-4
8.1058,1.15566E-4
8.1077,1.15529E-4
8.1103,1.15708E-4
8.1124,1.15775E-4
8.1144,1.15522E-4
8.1169,1.15566E-4
8.1194,1.15738E-4
8.1219,1.15552E-4
8.1244,1.15522E-4
8.1263,1.15782E-4
8.1285,1.15619E-4
8.1313,1.15559E-4
8.1339,1.15537E-4
8.1363,1.15537E-4
8.1388,1.15581E-4
8.1413,1.15663E-4
8.1438,1.1547E-4
8.1463,1.15499E-4
8.1485,1.15507E-4
8.1509,1.15529E-4
8.153,1.15447E-4
8.1559,1.15455E-4
8.1578,1.15462E-4
8.1601,1.15388E-4
8.1621,1.15499E-4
8.1642,1.15581E-4
8.1668,1.15611E-4
8.1691,1.15552E-4
8.1717,1.15686E-4
8.1742,1.15425E-4
8.177,1.15455E-4
8.1795,1.1544E-4
8.182,1.15447E-4
8.1841,1.15492E-4
8.1861,1.15581E-4
8.1883,1.15656E-4
8.1903,1.1547E-4
8.1932,1.15417E-4
8.1958,1.15365E-4
8.1978,1.15522E-4
8.2007,1.15492E-4
8.2033,1.15328E-4
8.2057,1.15373E-4
8.2078,1.15552E-4
8.2102,1.15373E-4
8.2122,1.15484E-4
8.2152,1.15358E-4
8.2177,1.15403E-4
8.2202,1.1535E-4
8.2227,1.15395E-4
8.2251,1.15581E-4
8.2272,1.15499E-4
8.2296,1.15365E-4
8.2314,1.15328E-4
8.2339,1.15365E-4
8.2363,1.15328E-4
8.2385,1.15268E-4
8.2413,1.1538E-4
8.2438,1.15656E-4
8.2463,1.15395E-4
8.2487,1.15559E-4
8.2512,1.1535E-4
8.2538,1.15388E-4
8.2559,1.15306E-4
8.2584,1.15306E-4
8.2604,1.1538E-4
8.2626,1.15328E-4
8.2646,1.15365E-4
8.2668,1.15395E-4
8.2696,1.15403E-4
8.2721,1.15432E-4
8.2742,1.15313E-4
8.2762,1.15283E-4
8.2787,1.1535E-4
8.2809,1.15388E-4
8.2829,1.15388E-4
8.286,1.15283E-4
8.288,1.15403E-4
8.2905,1.15432E-4
8.2935,1.15604E-4
8.2957,1.15581E-4
8.2977,1.15462E-4
8.3002,1.15298E-4
8.3027,1.15298E-4
8.3049,1.15373E-4
8.3074,1.15648E-4
8.3099,1.15343E-4
8.3124,1.1544E-4
8.3144,1.15432E-4
8.3161,1.15298E-4
8.319,1.15365E-4
8.321,1.15484E-4
8.3233,1.15358E-4
8.3257,1.15321E-4
8.3278,1.15507E-4
8.3299,1.15507E-4
8.3319,1.15626E-4
8.3344,1.1547E-4
8.3373,1.15358E-4
8.3393,1.1535E-4
8.3418,1.15544E-4
8.3444,1.15484E-4
8.3473,1.15507E-4
8.3498,1.1538E-4
8.3523,1.15328E-4
8.3548,1.15425E-4
8.3573,1.15455E-4
8.3598,1.15328E-4
8.3626,1.15395E-4
8.3643,1.15477E-4
8.3664,1.15328E-4
8.3692,1.15514E-4
8.3709,1.15715E-4
8.3734,1.15581E-4
8.3755,1.15358E-4
8.3775,1.15455E-4
8.3804,1.15395E-4
8.3828,1.15477E-4
8.385,1.15492E-4
8.3879,1.1535E-4
8.3904,1.15477E-4
8.3925,1.1547E-4
8.3945,1.15522E-4
8.397,1.15395E-4
8.3995,1.15432E-4
8.4019,1.15477E-4
8.405,1.15306E-4
8.4075,1.15373E-4
8.4099,1.15358E-4
8.4124,1.15462E-4
8.4148,1.15425E-4
8.4173,1.15537E-4
8.4199,1.15484E-4
8.4222,1.15455E-4
8.4243,1.15537E-4
8.4268,1.15403E-4
8.4293,1.15417E-4
8.4318,1.1538E-4
8.4343,1.15395E-4
8.4368,1.1541E-4
8.4393,1.15522E-4
8.4414,1.15648E-4
8.4439,1.15708E-4
8.4464,1.1573E-4
8.449,1.15701E-4
8.4514,1.15611E-4
8.4534,1.15701E-4
8.4556,1.15589E-4
8.4576,1.15671E-4
8.4597,1.1541E-4
8.4617,1.15432E-4
8.4642,1.15395E-4
8.4667,1.15395E-4
8.4692,1.15395E-4
8.4712,1.15559E-4
8.4733,1.15432E-4
8.4761,1.15388E-4
8.4787,1.15395E-4
8.4808,1.15455E-4
8.4828,1.15633E-4
8.4853,1.15335E-4
8.4875,1.15388E-4
8.4895,1.1541E-4
8.4916,1.15395E-4
8.4941,1.15522E-4
8.496,1.15425E-4
8.4982,1.15723E-4
8.5007,1.15484E-4
8.5032,1.15321E-4
8.5057,1.15455E-4
8.5082,1.15432E-4
8.5107,1.15566E-4
8.5132,1.15581E-4
8.5157,1.1538E-4
8.5182,1.15395E-4
8.5202,1.15507E-4
8.5228,1.15388E-4
8.5252,1.15514E-4
8.5276,1.15552E-4
8.5296,1.15373E-4
8.5323,1.15291E-4
8.5348,1.15395E-4
8.5373,1.15499E-4
8.5398,1.15499E-4
8.5424,1.15678E-4
8.5447,1.1547E-4
8.5467,1.15499E-4
8.5493,1.15492E-4
8.5512,1.15388E-4
8.5538,1.15291E-4
8.5568,1.15328E-4
8.5584,1.15231E-4
8.561,1.15298E-4
8.5635,1.15313E-4
8.566,1.15403E-4
8.5685,1.15343E-4
8.5709,1.15268E-4
8.5738,1.15224E-4
8.576,1.15231E-4
8.578,1.15291E-4
8.5801,1.15343E-4
8.5821,1.15306E-4
8.5846,1.15313E-4
8.5871,1.15298E-4
8.5901,1.15298E-4
8.5921,1.15201E-4
8.5942,1.15268E-4
8.5958,1.15328E-4
8.5984,1.15283E-4
8.6008,1.15268E-4
8.6034,1.15172E-4
8.6059,1.15172E-4
8.6084,1.1547E-4
8.6112,1.15306E-4
8.6137,1.15388E-4
8.6162,1.15313E-4
8.6186,1.1544E-4
8.6211,1.15417E-4
8.6236,1.15328E-4
8.6267,1.15157E-4
8.6287,1.15075E-4
8.6306,1.15313E-4
8.6328,1.15313E-4
8.6347,1.15216E-4
8.6373,1.15224E-4
8.6398,1.15097E-4
8.6422,1.15201E-4
8.6447,1.15432E-4
8.6473,1.15395E-4
8.6502,1.15082E-4
8.6527,1.15291E-4
8.6551,1.15283E-4
8.6576,1.15328E-4
8.6602,1.15261E-4
8.6621,1.15157E-4
8.6646,1.14985E-4
8.6668,1.15052E-4
8.6688,1.15015E-4
8.6712,1.14963E-4
8.6737,1.15023E-4
8.6763,1.15015E-4
8.6788,1.14911E-4
8.6817,1.14948E-4
8.6837,1.15023E-4
8.6859,1.15075E-4
8.688,1.14948E-4
8.69,1.1503E-4
8.6924,1.15209E-4
8.695,1.15201E-4
8.6974,1.14918E-4
8.6999,1.14851E-4
8.7019,1.14888E-4
8.7044,1.15127E-4
8.7069,1.15037E-4
8.7085,1.15097E-4
8.7111,1.15045E-4
8.7132,1.14888E-4
8.7153,1.15142E-4
8.7168,1.15112E-4
8.7194,1.15008E-4
8.7222,1.15157E-4
8.7243,1.15045E-4
8.7268,1.14941E-4
8.7297,1.1509E-4
8.7322,1.14903E-4
8.7347,1.14903E-4
8.7368,1.14888E-4
8.7389,1.14993E-4
8.7409,1.15037E-4
8.7425,1.14911E-4
8.7446,1.14844E-4
8.7468,1.14844E-4
8.7488,1.15149E-4
8.7509,1.14888E-4
8.7533,1.15075E-4
8.7558,1.14851E-4
8.758,1.15045E-4
8.76,1.14806E-4
8.763,1.14851E-4
8.7655,1.15015E-4
8.768,1.14777E-4
8.7699,1.14926E-4
8.7719,1.14784E-4
8.7741,1.15015E-4
8.7762,1.14918E-4
8.7787,1.14792E-4
8.781,1.14747E-4
8.7841,1.14792E-4
8.7866,1.15008E-4
8.7891,1.14725E-4
8.7911,1.14941E-4
8.7933,1.14821E-4
8.7958,1.14725E-4
8.7978,1.1471E-4
8.7998,1.14732E-4
8.8023,1.14829E-4
8.8043,1.14851E-4
8.8064,1.14762E-4
8.8085,1.14657E-4
8.811,1.14814E-4
8.8135,1.14911E-4
8.8159,1.14665E-4
8.8184,1.1459E-4
8.8209,1.14799E-4
8.8234,1.14926E-4
8.826,1.14933E-4
8.8289,1.14687E-4
8.8313,1.1471E-4
8.8337,1.14739E-4
8.8363,1.14732E-4
8.8388,1.14821E-4
8.8413,1.14777E-4
8.8438,1.1503E-4
8.8467,1.14955E-4
8.8492,1.14881E-4
8.8507,1.14881E-4
8.8532,1.14799E-4
8.8557,1.14881E-4
8.8587,1.1468E-4
8.8612,1.1468E-4
8.8636,1.14665E-4
8.8653,1.1465E-4
8.8678,1.14695E-4
8.8704,1.14747E-4
8.8729,1.14695E-4
8.8754,1.14777E-4
8.8779,1.14948E-4
8.8804,1.14881E-4
8.8824,1.14963E-4
8.8845,1.14888E-4
8.8866,1.14821E-4
8.8886,1.14948E-4
8.8907,1.14963E-4
8.8933,1.14918E-4
8.8958,1.14821E-4
8.8982,1.15023E-4
8.9002,1.15067E-4
8.9027,1.14806E-4
8.9052,1.15E-4
8.9077,1.14985E-4
8.9102,1.14888E-4
8.9127,1.14702E-4
8.9152,1.14821E-4
8.9177,1.14948E-4
8.9206,1.15008E-4
8.9231,1.14762E-4
8.9256,1.14769E-4
8.9282,1.14806E-4
8.9306,1.14792E-4
8.9331,1.14859E-4
8.9358,1.14933E-4
8.9381,1.14888E-4
8.9401,1.14851E-4
8.9426,1.14851E-4
8.9442,1.14911E-4
8.9467,1.14948E-4
8.9492,1.14821E-4
8.9518,1.14941E-4
8.9542,1.14955E-4
8.957,1.1503E-4
8.9586,1.15104E-4
8.9612,1.15015E-4
8.9637,1.14829E-4
8.9654,1.14859E-4
8.9679,1.14888E-4
8.9704,1.15112E-4
8.9729,1.14806E-4
8.9753,1.14806E-4
8.9783,1.14739E-4
8.9808,1.14784E-4
8.9833,1.14784E-4
8.9857,1.14821E-4
8.9883,1.14769E-4
8.9911,1.14806E-4
8.9936,1.15037E-4
8.9961,1.15037E-4
8.9985,1.14948E-4
9.0011,1.14821E-4
9.0032,1.15015E-4
9.0052,1.15015E-4
9.0077,1.14866E-4
9.0097,1.14806E-4
9.0121,1.14844E-4
9.0146,1.14881E-4
9.0172,1.14851E-4
9.0197,1.14918E-4
9.0222,1.15075E-4
9.0246,1.15097E-4
9.0271,1.14918E-4
9.0296,1.14948E-4
9.0321,1.15157E-4
9.0342,1.15082E-4
9.0367,1.15112E-4
9.0392,1.14911E-4
9.0416,1.15112E-4
9.0441,1.15052E-4
9.047,1.14933E-4
9.0491,1.14888E-4
9.0512,1.14888E-4
9.0532,1.14829E-4
9.0553,1.14888E-4
9.0569,1.14896E-4
9.0594,1.14888E-4
9.0619,1.14955E-4
9.0644,1.14888E-4
9.0666,1.14829E-4
9.0691,1.14955E-4
9.0711,1.15142E-4
9.0735,1.15142E-4
9.0765,1.14918E-4
9.0785,1.14963E-4
9.0807,1.14963E-4
9.0831,1.15179E-4
9.0856,1.1509E-4
9.0881,1.15023E-4
9.0901,1.15186E-4
9.0927,1.15142E-4
9.0947,1.14866E-4
9.0968,1.14918E-4
9.0993,1.15067E-4
9.1018,1.14881E-4
9.1038,1.14896E-4
9.1059,1.14948E-4
9.1084,1.15E-4
9.1112,1.14926E-4
9.1134,1.14888E-4
9.1162,1.14933E-4
9.1189,1.15075E-4
9.1205,1.15015E-4
9.1225,1.14844E-4
9.1246,1.14851E-4
9.1272,1.14985E-4
9.1295,1.14888E-4
9.132,1.1503E-4
9.1349,1.15179E-4
9.1366,1.15E-4
9.1391,1.14851E-4
9.1411,1.15E-4
9.1433,1.14911E-4
9.1458,1.14844E-4
9.1482,1.14814E-4
9.1507,1.15119E-4
9.1532,1.1503E-4
9.1557,1.15023E-4
9.1586,1.14918E-4
9.1611,1.14881E-4
9.1632,1.14993E-4
9.1657,1.14911E-4
9.1678,1.14739E-4
9.1699,1.14777E-4
9.1724,1.14844E-4
9.175,1.14896E-4
9.1773,1.14926E-4
9.1795,1.14829E-4
9.1816,1.14896E-4
9.1839,1.14888E-4
9.1864,1.14955E-4
9.1889,1.14903E-4
9.1914,1.14702E-4
9.1939,1.14702E-4
9.1961,1.14859E-4
9.1986,1.14941E-4
9.201,1.14665E-4
9.2035,1.14732E-4
9.206,1.14836E-4
9.2085,1.14784E-4
9.211,1.14821E-4
9.214,1.14799E-4
9.2155,1.14635E-4
9.2181,1.14725E-4
9.2206,1.14859E-4
9.2226,1.14725E-4
9.2247,1.14695E-4
9.2272,1.14635E-4
9.2292,1.14866E-4
9.2313,1.14784E-4
9.2333,1.14613E-4
9.2358,1.14635E-4
9.2376,1.14568E-4
9.2401,1.14546E-4
9.2425,1.1465E-4
9.2446,1.14732E-4
9.2471,1.14561E-4
9.2491,1.14523E-4
9.2516,1.1468E-4
9.2536,1.14568E-4
9.2562,1.14784E-4
9.2587,1.14657E-4
9.2612,1.14725E-4
9.2636,1.14762E-4
9.2666,1.14441E-4
9.269,1.14531E-4
9.2715,1.14508E-4
9.274,1.14471E-4
9.2765,1.14538E-4
9.279,1.14441E-4
9.2807,1.14419E-4
9.2832,1.14538E-4
9.2852,1.1465E-4
9.2877,1.14583E-4
9.2901,1.14494E-4
9.2919,1.14404E-4
9.2943,1.14441E-4
9.2968,1.1468E-4
9.2994,1.14389E-4
9.3014,1.14419E-4
9.3038,1.14695E-4
9.3064,1.14449E-4
9.3089,1.14531E-4
9.3114,1.1459E-4
9.3139,1.1433E-4
9.316,1.14292E-4
9.318,1.14374E-4
9.3205,1.14337E-4
9.3234,1.14486E-4
9.3259,1.14531E-4
9.3284,1.14292E-4
9.3304,1.14382E-4
9.3324,1.14322E-4
9.3349,1.1427E-4
9.3378,1.14233E-4
9.3396,1.14277E-4
9.342,1.14233E-4
9.3444,1.14486E-4
9.3469,1.14374E-4
9.349,1.14531E-4
9.3511,1.14575E-4
9.3531,1.14255E-4
9.3553,1.14248E-4
9.3573,1.14315E-4
9.3593,1.14441E-4
9.3615,1.14136E-4
9.364,1.14084E-4
9.3664,1.14106E-4
9.3688,1.14076E-4
9.3714,1.14434E-4
9.3734,1.14449E-4
9.3754,1.14359E-4
9.3784,1.14121E-4
9.3805,1.14128E-4
9.3826,1.1424E-4
9.385,1.14024E-4
9.3876,1.14263E-4
9.3901,1.14285E-4
9.3925,1.14017E-4
9.3946,1.14054E-4
9.3971,1.14136E-4
9.3997,1.14218E-4
9.4021,1.14151E-4
9.4042,1.14047E-4
9.4062,1.14024E-4
9.4087,1.14203E-4
9.4112,1.13965E-4
9.4133,1.14009E-4
9.4153,1.13987E-4
9.4182,1.13957E-4
9.4206,1.14166E-4
9.4232,1.14255E-4
9.4252,1.14121E-4
9.4274,1.13935E-4
9.4295,1.13957E-4
9.4315,1.13972E-4
9.434,1.13987E-4
9.4361,1.13935E-4
9.4385,1.1392E-4
9.441,1.13987E-4
9.4435,1.14128E-4
9.4456,1.13935E-4
9.4477,1.14136E-4
9.4502,1.13935E-4
9.4524,1.14017E-4
9.4543,1.14121E-4
9.4572,1.13972E-4
9.4597,1.14225E-4
9.4618,1.14136E-4
9.4639,1.14009E-4
9.4663,1.13823E-4
9.4689,1.14054E-4
9.4718,1.14061E-4
9.4742,1.14173E-4
9.4767,1.14002E-4
9.4789,1.13927E-4
9.4808,1.13845E-4
9.4834,1.13942E-4
9.4855,1.14002E-4
9.488,1.14114E-4
9.4906,1.13801E-4
9.4931,1.13816E-4
9.4946,1.1392E-4
9.4971,1.13965E-4
9.4996,1.13994E-4
9.5017,1.13823E-4
9.5038,1.13808E-4
9.5063,1.1421E-4
9.5088,1.14158E-4
9.5116,1.14061E-4
9.5141,1.13979E-4
9.5166,1.13868E-4
9.5192,1.13845E-4
9.5217,1.13816E-4
9.5237,1.13808E-4
9.5263,1.13905E-4
9.5288,1.14032E-4
9.5303,1.1392E-4
9.5328,1.14002E-4
9.5353,1.14061E-4
9.5381,1.13935E-4
9.5408,1.13875E-4
9.5433,1.1383E-4
9.5452,1.14061E-4
9.5469,1.14054E-4
9.549,1.14069E-4
9.5511,1.1392E-4
9.5532,1.13875E-4
9.5552,1.14009E-4
9.5572,1.14061E-4
9.5602,1.1421E-4
9.5627,1.13875E-4
9.5651,1.14106E-4
9.5676,1.13935E-4
9.5702,1.14047E-4
9.5727,1.14047E-4
9.5747,1.14173E-4
9.5768,1.13979E-4
9.5788,1.13912E-4
9.5813,1.13845E-4
9.5838,1.13838E-4
9.5863,1.13838E-4
9.5887,1.13935E-4
9.5908,1.13875E-4
9.5929,1.13935E-4
9.5951,1.13972E-4
9.597,1.14158E-4
9.6,1.14173E-4
9.6016,1.14032E-4
9.604,1.13905E-4
9.6065,1.14091E-4
9.6086,1.14084E-4
9.6107,1.14166E-4
9.6129,1.14188E-4
9.6153,1.13875E-4
9.6174,1.13935E-4
9.6194,1.14002E-4
9.6216,1.14136E-4
9.6235,1.14061E-4
9.626,1.14024E-4
9.6282,1.13965E-4
9.6307,1.13927E-4
9.6323,1.14091E-4
9.6348,1.14136E-4
9.6373,1.13987E-4
9.6397,1.14166E-4
9.6422,1.14017E-4
9.6438,1.14292E-4
9.6463,1.14173E-4
9.6492,1.14084E-4
9.6512,1.14002E-4
9.6537,1.14061E-4
9.6558,1.14114E-4
9.658,1.14106E-4
9.6601,1.14292E-4
9.6622,1.14188E-4
9.6642,1.14069E-4
9.6662,1.14061E-4
9.6683,1.14061E-4
9.6712,1.14367E-4
9.6732,1.1433E-4
9.6761,1.14367E-4
9.6787,1.14389E-4
9.6808,1.1427E-4
9.6828,1.14128E-4
9.6845,1.14069E-4
9.6866,1.14084E-4
9.6886,1.14121E-4
9.6911,1.14084E-4
9.6941,1.14292E-4
9.6966,1.14345E-4
9.6992,1.14099E-4
9.7016,1.14255E-4
9.7041,1.14352E-4
9.7069,1.143E-4
9.7085,1.14374E-4
9.711,1.14151E-4
9.7134,1.14292E-4
9.7159,1.14173E-4
9.7181,1.14143E-4
9.7201,1.14181E-4
9.7218,1.14181E-4
9.7247,1.1427E-4
9.7271,1.1433E-4
9.7294,1.14464E-4
9.7314,1.14143E-4
9.7338,1.14158E-4
9.7364,1.14218E-4
9.7384,1.14412E-4
9.7404,1.14523E-4
9.743,1.14538E-4
9.746,1.14404E-4
9.7484,1.14494E-4
9.7509,1.14233E-4
9.7534,1.14307E-4
9.7559,1.14255E-4
9.7584,1.14255E-4
9.7608,1.14255E-4
9.7637,1.1433E-4
9.7659,1.14382E-4
9.7686,1.14225E-4
9.7712,1.14322E-4
9.7737,1.14374E-4
9.7763,1.14263E-4
9.7787,1.14263E-4
9.7808,1.14382E-4
9.7828,1.1427E-4
9.7853,1.14382E-4
9.7883,1.14382E-4
9.7908,1.14441E-4
9.7928,1.14397E-4
9.7949,1.14412E-4
9.7974,1.14248E-4
9.8002,1.14248E-4
9.8028,1.143E-4
9.8048,1.14628E-4
9.8069,1.14441E-4
9.8094,1.14389E-4
9.8119,1.14367E-4
9.8147,1.14553E-4
9.8173,1.14434E-4
9.8194,1.14464E-4
9.8215,1.14479E-4
9.824,1.14568E-4
9.8268,1.14367E-4
9.8286,1.14345E-4
9.8311,1.14345E-4
9.8336,1.1421E-4
9.836,1.143E-4
9.8385,1.14322E-4
9.841,1.14546E-4
9.8435,1.14277E-4
9.8455,1.14248E-4
9.848,1.14337E-4
9.8505,1.14374E-4
9.8522,1.1424E-4
9.8546,1.14233E-4
9.8571,1.14196E-4
9.8596,1.14345E-4
9.8626,1.14277E-4
9.8646,1.14553E-4
9.8675,1.14345E-4
9.8691,1.14315E-4
9.8717,1.14255E-4
9.8741,1.1424E-4
9.8766,1.14322E-4
9.8792,1.14441E-4
9.8816,1.14374E-4
9.8841,1.1421E-4
9.8869,1.1424E-4
9.8894,1.14322E-4
9.8919,1.14166E-4
9.8944,1.14188E-4
9.8969,1.14188E-4
9.8993,1.14196E-4
9.9019,1.14143E-4
9.9049,1.14173E-4
9.9073,1.14121E-4
9.9098,1.1421E-4
9.9124,1.14188E-4
9.9148,1.14225E-4
9.9177,1.14128E-4
9.9202,1.14054E-4
9.9227,1.14061E-4
9.9252,1.14315E-4
9.9272,1.1427E-4
9.9293,1.14248E-4
9.9314,1.14196E-4
9.933,1.14076E-4
9.9355,1.14009E-4
9.938,1.14188E-4
9.9405,1.1421E-4
9.943,1.14151E-4
9.9451,1.14322E-4
9.9476,1.14173E-4
9.9496,1.13942E-4
9.9521,1.1389E-4
9.955,1.1392E-4
9.957,1.14024E-4
9.9592,1.14084E-4
9.9616,1.1392E-4
9.9636,1.14009E-4
9.9653,1.14054E-4
9.9678,1.14255E-4
9.9698,1.14009E-4
9.972,1.14091E-4
9.9745,1.1389E-4
9.9769,1.14091E-4
9.9794,1.13793E-4
9.9819,1.13808E-4
9.9839,1.13726E-4
9.9856,1.13972E-4
9.9881,1.13987E-4
9.9906,1.1389E-4
9.9926,1.13927E-4
9.9947,1.13793E-4
9.9969,1.14099E-4
9.9989,1.13935E-4
10.0001,1.13965E-4
